cluster_0,_20538_,35.298,35.298
cluster_0,_20925_,35.298,35.298
cluster_0,_20926_,35.298,35.298
cluster_0,_20927_,35.298,35.298
cluster_0,_20928_,35.298,35.298
cluster_0,_20929_,35.298,35.298
cluster_0,_20930_,35.298,35.298
cluster_0,_20931_,35.298,35.298
cluster_0,_20932_,35.298,35.298
cluster_0,_20933_,35.298,35.298
cluster_0,_20934_,35.298,35.298
cluster_0,_20935_,35.298,35.298
cluster_0,_20936_,35.298,35.298
cluster_0,_20937_,35.298,35.298
cluster_0,_20938_,35.298,35.298
cluster_0,_20939_,35.298,35.298
cluster_0,_20940_,35.298,35.298
cluster_0,_20941_,35.298,35.298
cluster_0,_20942_,35.298,35.298
cluster_0,_20943_,35.298,35.298
cluster_0,_20944_,35.298,35.298
cluster_0,_20945_,35.298,35.298
cluster_0,_20924_,35.298,35.298
cluster_0,_20923_,35.298,35.298
cluster_0,_20922_,35.298,35.298
cluster_0,_20921_,35.298,35.298
cluster_0,_20900_,35.298,35.298
cluster_0,_20901_,35.298,35.298
cluster_0,_20902_,35.298,35.298
cluster_0,_20903_,35.298,35.298
cluster_0,_20904_,35.298,35.298
cluster_0,_20905_,35.298,35.298
cluster_0,_20906_,35.298,35.298
cluster_0,_15855_,35.298,35.298
cluster_0,_20907_,35.298,35.298
cluster_0,_20908_,35.298,35.298
cluster_0,_20946_,35.298,35.298
cluster_0,_20909_,35.298,35.298
cluster_0,_20911_,35.298,35.298
cluster_0,_20912_,35.298,35.298
cluster_0,_20913_,35.298,35.298
cluster_0,_20914_,35.298,35.298
cluster_0,_20915_,35.298,35.298
cluster_0,_20916_,35.298,35.298
cluster_0,_20917_,35.298,35.298
cluster_0,_20918_,35.298,35.298
cluster_0,_20919_,35.298,35.298
cluster_0,_20920_,35.298,35.298
cluster_0,_20910_,35.298,35.298
cluster_0,_20899_,35.298,35.298
cluster_0,_20947_,35.298,35.298
cluster_0,_20949_,35.298,35.298
cluster_0,text_out[31]$_DFF_P_,35.298,35.298
cluster_0,text_out[30]$_DFF_P_,35.298,35.298
cluster_0,_20976_,35.298,35.298
cluster_0,text_out[28]$_DFF_P_,35.298,35.298
cluster_0,text_out[27]$_DFF_P_,35.298,35.298
cluster_0,text_out[26]$_DFF_P_,35.298,35.298
cluster_0,text_out[25]$_DFF_P_,35.298,35.298
cluster_0,text_out[24]$_DFF_P_,35.298,35.298
cluster_0,_20977_,35.298,35.298
cluster_0,_20978_,35.298,35.298
cluster_0,_20979_,35.298,35.298
cluster_0,_20980_,35.298,35.298
cluster_0,_20981_,35.298,35.298
cluster_0,_20982_,35.298,35.298
cluster_0,_20983_,35.298,35.298
cluster_0,_20984_,35.298,35.298
cluster_0,_20985_,35.298,35.298
cluster_0,_20986_,35.298,35.298
cluster_0,_20987_,35.298,35.298
cluster_0,_20988_,35.298,35.298
cluster_0,_20989_,35.298,35.298
cluster_0,_20975_,35.298,35.298
cluster_0,_20974_,35.298,35.298
cluster_0,_20973_,35.298,35.298
cluster_0,_20972_,35.298,35.298
cluster_0,_20950_,35.298,35.298
cluster_0,_20951_,35.298,35.298
cluster_0,_20952_,35.298,35.298
cluster_0,_20953_,35.298,35.298
cluster_0,_20954_,35.298,35.298
cluster_0,_20955_,35.298,35.298
cluster_0,_20956_,35.298,35.298
cluster_0,_20957_,35.298,35.298
cluster_0,_20958_,35.298,35.298
cluster_0,_20959_,35.298,35.298
cluster_0,_20948_,35.298,35.298
cluster_0,_20960_,35.298,35.298
cluster_0,_20962_,35.298,35.298
cluster_0,_20963_,35.298,35.298
cluster_0,_20964_,35.298,35.298
cluster_0,_20965_,35.298,35.298
cluster_0,_20966_,35.298,35.298
cluster_0,_20967_,35.298,35.298
cluster_0,_20968_,35.298,35.298
cluster_0,_20969_,35.298,35.298
cluster_0,_20970_,35.298,35.298
cluster_0,_20971_,35.298,35.298
cluster_0,_20961_,35.298,35.298
cluster_0,_20898_,35.298,35.298
cluster_0,_15845_,35.298,35.298
cluster_0,_20897_,35.298,35.298
cluster_0,_20827_,35.298,35.298
cluster_0,_20828_,35.298,35.298
cluster_0,_20829_,35.298,35.298
cluster_0,_20830_,35.298,35.298
cluster_0,_20831_,35.298,35.298
cluster_0,_20832_,35.298,35.298
cluster_0,_15777_,35.298,35.298
cluster_0,_20833_,35.298,35.298
cluster_0,_20834_,35.298,35.298
cluster_0,_20835_,35.298,35.298
cluster_0,_20836_,35.298,35.298
cluster_0,_20837_,35.298,35.298
cluster_0,_20838_,35.298,35.298
cluster_0,_20839_,35.298,35.298
cluster_0,_20840_,35.298,35.298
cluster_0,_20841_,35.298,35.298
cluster_0,_20842_,35.298,35.298
cluster_0,_20843_,35.298,35.298
cluster_0,_20844_,35.298,35.298
cluster_0,_20845_,35.298,35.298
cluster_0,_20846_,35.298,35.298
cluster_0,_20826_,35.298,35.298
cluster_0,_20825_,35.298,35.298
cluster_0,_20824_,35.298,35.298
cluster_0,_20823_,35.298,35.298
cluster_0,_20802_,35.298,35.298
cluster_0,_20803_,35.298,35.298
cluster_0,_20804_,35.298,35.298
cluster_0,_20805_,35.298,35.298
cluster_0,_20806_,35.298,35.298
cluster_0,_20807_,35.298,35.298
cluster_0,_20808_,35.298,35.298
cluster_0,_20809_,35.298,35.298
cluster_0,_20810_,35.298,35.298
cluster_0,_20811_,35.298,35.298
cluster_0,_20847_,35.298,35.298
cluster_0,_20812_,35.298,35.298
cluster_0,_20814_,35.298,35.298
cluster_0,_20815_,35.298,35.298
cluster_0,_20816_,35.298,35.298
cluster_0,_15760_,35.298,35.298
cluster_0,_20817_,35.298,35.298
cluster_0,_20818_,35.298,35.298
cluster_0,_20819_,35.298,35.298
cluster_0,_20820_,35.298,35.298
cluster_0,_20821_,35.298,35.298
cluster_0,_20822_,35.298,35.298
cluster_0,_20813_,35.298,35.298
cluster_0,_20848_,35.298,35.298
cluster_0,_20849_,35.298,35.298
cluster_0,_20850_,35.298,35.298
cluster_0,_20875_,35.298,35.298
cluster_0,_20876_,35.298,35.298
cluster_0,_20877_,35.298,35.298
cluster_0,_20878_,35.298,35.298
cluster_0,_20879_,35.298,35.298
cluster_0,_20880_,35.298,35.298
cluster_0,_20881_,35.298,35.298
cluster_0,_20882_,35.298,35.298
cluster_0,_20883_,35.298,35.298
cluster_0,_20884_,35.298,35.298
cluster_0,_20874_,35.298,35.298
cluster_0,_20885_,35.298,35.298
cluster_0,_20887_,35.298,35.298
cluster_0,_20888_,35.298,35.298
cluster_0,_20889_,35.298,35.298
cluster_0,_20890_,35.298,35.298
cluster_0,_20891_,35.298,35.298
cluster_0,_20892_,35.298,35.298
cluster_0,_20893_,35.298,35.298
cluster_0,_20894_,35.298,35.298
cluster_0,_20895_,35.298,35.298
cluster_0,_20896_,35.298,35.298
cluster_0,_20886_,35.298,35.298
cluster_0,_20990_,35.298,35.298
cluster_0,_20873_,35.298,35.298
cluster_0,_20871_,35.298,35.298
cluster_0,_20851_,35.298,35.298
cluster_0,_15797_,35.298,35.298
cluster_0,_20852_,35.298,35.298
cluster_0,_20853_,35.298,35.298
cluster_0,_20854_,35.298,35.298
cluster_0,_20855_,35.298,35.298
cluster_0,_20856_,35.298,35.298
cluster_0,_20857_,35.298,35.298
cluster_0,_20858_,35.298,35.298
cluster_0,_20859_,35.298,35.298
cluster_0,_20872_,35.298,35.298
cluster_0,_20860_,35.298,35.298
cluster_0,_20862_,35.298,35.298
cluster_0,_20863_,35.298,35.298
cluster_0,_20864_,35.298,35.298
cluster_0,_20865_,35.298,35.298
cluster_0,_20866_,35.298,35.298
cluster_0,_20867_,35.298,35.298
cluster_0,_15814_,35.298,35.298
cluster_0,_20868_,35.298,35.298
cluster_0,_20869_,35.298,35.298
cluster_0,_20870_,35.298,35.298
cluster_0,_20861_,35.298,35.298
cluster_0,_20991_,35.298,35.298
cluster_0,_20992_,35.298,35.298
cluster_0,_20993_,35.298,35.298
cluster_0,_21116_,35.298,35.298
cluster_0,_21117_,35.298,35.298
cluster_0,_21118_,35.298,35.298
cluster_0,_21119_,35.298,35.298
cluster_0,_21120_,35.298,35.298
cluster_0,_21121_,35.298,35.298
cluster_0,_21122_,35.298,35.298
cluster_0,_21123_,35.298,35.298
cluster_0,_21124_,35.298,35.298
cluster_0,_21125_,35.298,35.298
cluster_0,_21126_,35.298,35.298
cluster_0,_21127_,35.298,35.298
cluster_0,_21128_,35.298,35.298
cluster_0,_21129_,35.298,35.298
cluster_0,_21130_,35.298,35.298
cluster_0,_21131_,35.298,35.298
cluster_0,_21132_,35.298,35.298
cluster_0,_21133_,35.298,35.298
cluster_0,_21134_,35.298,35.298
cluster_0,_21135_,35.298,35.298
cluster_0,_21136_,35.298,35.298
cluster_0,_21115_,35.298,35.298
cluster_0,_21114_,35.298,35.298
cluster_0,_21113_,35.298,35.298
cluster_0,_21112_,35.298,35.298
cluster_0,_21089_,35.298,35.298
cluster_0,_21090_,35.298,35.298
cluster_0,_21091_,35.298,35.298
cluster_0,_21092_,35.298,35.298
cluster_0,_21093_,35.298,35.298
cluster_0,_21094_,35.298,35.298
cluster_0,_21095_,35.298,35.298
cluster_0,_21096_,35.298,35.298
cluster_0,_21097_,35.298,35.298
cluster_0,_21098_,35.298,35.298
cluster_0,_21137_,35.298,35.298
cluster_0,_21099_,35.298,35.298
cluster_0,_21102_,35.298,35.298
cluster_0,_21103_,35.298,35.298
cluster_0,_21104_,35.298,35.298
cluster_0,_21105_,35.298,35.298
cluster_0,_21106_,35.298,35.298
cluster_0,_21107_,35.298,35.298
cluster_0,_21108_,35.298,35.298
cluster_0,_21109_,35.298,35.298
cluster_0,_21110_,35.298,35.298
cluster_0,_21111_,35.298,35.298
cluster_0,_21100_,35.298,35.298
cluster_0,_21138_,35.298,35.298
cluster_0,_21139_,35.298,35.298
cluster_0,_21140_,35.298,35.298
cluster_0,_21167_,35.298,35.298
cluster_0,_21168_,35.298,35.298
cluster_0,_21169_,35.298,35.298
cluster_0,_21170_,35.298,35.298
cluster_0,_21171_,35.298,35.298
cluster_0,_21172_,35.298,35.298
cluster_0,_21173_,35.298,35.298
cluster_0,_21174_,35.298,35.298
cluster_0,_21175_,35.298,35.298
cluster_0,_21176_,35.298,35.298
cluster_0,_21166_,35.298,35.298
cluster_0,_21177_,35.298,35.298
cluster_0,_21179_,35.298,35.298
cluster_0,_21180_,35.298,35.298
cluster_0,_21181_,35.298,35.298
cluster_0,_21182_,35.298,35.298
cluster_0,clone162,35.298,35.298
cluster_0,clone196,35.298,35.298
cluster_0,clone197,35.298,35.298
cluster_0,_18429_,35.298,35.298
cluster_0,_18392_,35.298,35.298
cluster_0,clone161,35.298,35.298
cluster_0,_21178_,35.298,35.298
cluster_0,_21088_,35.298,35.298
cluster_0,_21165_,35.298,35.298
cluster_0,_21163_,35.298,35.298
cluster_0,_21141_,35.298,35.298
cluster_0,_21142_,35.298,35.298
cluster_0,_21143_,35.298,35.298
cluster_0,_21144_,35.298,35.298
cluster_0,_21145_,35.298,35.298
cluster_0,_21146_,35.298,35.298
cluster_0,_21147_,35.298,35.298
cluster_0,_21148_,35.298,35.298
cluster_0,_21149_,35.298,35.298
cluster_0,_21150_,35.298,35.298
cluster_0,_21164_,35.298,35.298
cluster_0,_21151_,35.298,35.298
cluster_0,_21153_,35.298,35.298
cluster_0,_21154_,35.298,35.298
cluster_0,_21155_,35.298,35.298
cluster_0,_21156_,35.298,35.298
cluster_0,_21157_,35.298,35.298
cluster_0,_21158_,35.298,35.298
cluster_0,_21159_,35.298,35.298
cluster_0,_21160_,35.298,35.298
cluster_0,_21161_,35.298,35.298
cluster_0,_21162_,35.298,35.298
cluster_0,_21152_,35.298,35.298
cluster_0,_20801_,35.298,35.298
cluster_0,_21087_,35.298,35.298
cluster_0,text_in_r[24]$_DFFE_PP_,35.298,35.298
cluster_0,_21020_,35.298,35.298
cluster_0,_21021_,35.298,35.298
cluster_0,_21022_,35.298,35.298
cluster_0,_21023_,35.298,35.298
cluster_0,_21024_,35.298,35.298
cluster_0,_21025_,35.298,35.298
cluster_0,_21026_,35.298,35.298
cluster_0,_21027_,35.298,35.298
cluster_0,_21028_,35.298,35.298
cluster_0,_21029_,35.298,35.298
cluster_0,_21030_,35.298,35.298
cluster_0,_21031_,35.298,35.298
cluster_0,_21032_,35.298,35.298
cluster_0,_21033_,35.298,35.298
cluster_0,_21034_,35.298,35.298
cluster_0,_21035_,35.298,35.298
cluster_0,_21036_,35.298,35.298
cluster_0,_21037_,35.298,35.298
cluster_0,_21038_,35.298,35.298
cluster_0,_21039_,35.298,35.298
cluster_0,_21040_,35.298,35.298
cluster_0,_21019_,35.298,35.298
cluster_0,_21018_,35.298,35.298
cluster_0,_21017_,35.298,35.298
cluster_0,_21016_,35.298,35.298
cluster_0,_20994_,35.298,35.298
cluster_0,_20995_,35.298,35.298
cluster_0,_20996_,35.298,35.298
cluster_0,_20997_,35.298,35.298
cluster_0,_20998_,35.298,35.298
cluster_0,_20999_,35.298,35.298
cluster_0,_21000_,35.298,35.298
cluster_0,_21001_,35.298,35.298
cluster_0,_21002_,35.298,35.298
cluster_0,_21003_,35.298,35.298
cluster_0,_21041_,35.298,35.298
cluster_0,_21004_,35.298,35.298
cluster_0,_21006_,35.298,35.298
cluster_0,_21007_,35.298,35.298
cluster_0,_21008_,35.298,35.298
cluster_0,_21009_,35.298,35.298
cluster_0,_21010_,35.298,35.298
cluster_0,_21011_,35.298,35.298
cluster_0,_21012_,35.298,35.298
cluster_0,_21013_,35.298,35.298
cluster_0,_21014_,35.298,35.298
cluster_0,_21015_,35.298,35.298
cluster_0,_21005_,35.298,35.298
cluster_0,_21042_,35.298,35.298
cluster_0,_21043_,35.298,35.298
cluster_0,_21044_,35.298,35.298
cluster_0,_21071_,35.298,35.298
cluster_0,_21072_,35.298,35.298
cluster_0,_21073_,35.298,35.298
cluster_0,_21074_,35.298,35.298
cluster_0,_21075_,35.298,35.298
cluster_0,_21076_,35.298,35.298
cluster_0,_21077_,35.298,35.298
cluster_0,_21078_,35.298,35.298
cluster_0,_21079_,35.298,35.298
cluster_0,_21080_,35.298,35.298
cluster_0,_21070_,35.298,35.298
cluster_0,_21081_,35.298,35.298
cluster_0,_21083_,35.298,35.298
cluster_0,_21084_,35.298,35.298
cluster_0,_21085_,35.298,35.298
cluster_0,text_in_r[31]$_DFFE_PP_,35.298,35.298
cluster_0,text_in_r[30]$_DFFE_PP_,35.298,35.298
cluster_0,text_in_r[29]$_DFFE_PP_,35.298,35.298
cluster_0,text_in_r[28]$_DFFE_PP_,35.298,35.298
cluster_0,text_in_r[27]$_DFFE_PP_,35.298,35.298
cluster_0,text_in_r[26]$_DFFE_PP_,35.298,35.298
cluster_0,text_in_r[25]$_DFFE_PP_,35.298,35.298
cluster_0,_21082_,35.298,35.298
cluster_0,_21086_,35.298,35.298
cluster_0,_21069_,35.298,35.298
cluster_0,_21067_,35.298,35.298
cluster_0,_21045_,35.298,35.298
cluster_0,_21046_,35.298,35.298
cluster_0,_21047_,35.298,35.298
cluster_0,_21048_,35.298,35.298
cluster_0,_21049_,35.298,35.298
cluster_0,_21050_,35.298,35.298
cluster_0,_21051_,35.298,35.298
cluster_0,_21052_,35.298,35.298
cluster_0,_21053_,35.298,35.298
cluster_0,_21054_,35.298,35.298
cluster_0,_21068_,35.298,35.298
cluster_0,_21055_,35.298,35.298
cluster_0,_21057_,35.298,35.298
cluster_0,_21058_,35.298,35.298
cluster_0,_21059_,35.298,35.298
cluster_0,_21060_,35.298,35.298
cluster_0,_21061_,35.298,35.298
cluster_0,_21062_,35.298,35.298
cluster_0,_21063_,35.298,35.298
cluster_0,_21064_,35.298,35.298
cluster_0,_21065_,35.298,35.298
cluster_0,_21066_,35.298,35.298
cluster_0,_21056_,35.298,35.298
cluster_0,_20800_,35.298,35.298
cluster_0,_21101_,35.298,35.298
cluster_0,_20799_,35.298,35.298
cluster_0,_20561_,35.298,35.298
cluster_0,_29269_,35.298,35.298
cluster_0,_29267_,35.298,35.298
cluster_0,_29266_,35.298,35.298
cluster_0,_29265_,35.298,35.298
cluster_0,_29264_,35.298,35.298
cluster_0,_29263_,35.298,35.298
cluster_0,sa03_sr[0]$_DFF_P_,35.298,35.298
cluster_0,sa03_sr[1]$_DFF_P_,35.298,35.298
cluster_0,_29270_,35.298,35.298
cluster_0,_20562_,35.298,35.298
cluster_0,_20564_,35.298,35.298
cluster_0,_20565_,35.298,35.298
cluster_0,_20566_,35.298,35.298
cluster_0,sa03_sr[2]$_DFF_P_,35.298,35.298
cluster_0,sa03_sr[3]$_DFF_P_,35.298,35.298
cluster_0,sa03_sr[4]$_DFF_P_,35.298,35.298
cluster_0,sa03_sr[5]$_DFF_P_,35.298,35.298
cluster_0,sa03_sr[6]$_DFF_P_,35.298,35.298
cluster_0,_20567_,35.298,35.298
cluster_0,_20563_,35.298,35.298
cluster_0,_20568_,35.298,35.298
cluster_0,_29657_,35.298,35.298
cluster_0,_29655_,35.298,35.298
cluster_0,_20443_,35.298,35.298
cluster_0,_20442_,35.298,35.298
cluster_0,_20441_,35.298,35.298
cluster_0,_20549_,35.298,35.298
cluster_0,_20550_,35.298,35.298
cluster_0,_20551_,35.298,35.298
cluster_0,_20552_,35.298,35.298
cluster_0,_20553_,35.298,35.298
cluster_0,_20554_,35.298,35.298
cluster_0,_29656_,35.298,35.298
cluster_0,_29645_,35.298,35.298
cluster_0,_29647_,35.298,35.298
cluster_0,_29648_,35.298,35.298
cluster_0,_29649_,35.298,35.298
cluster_0,_29650_,35.298,35.298
cluster_0,_29651_,35.298,35.298
cluster_0,_29652_,35.298,35.298
cluster_0,_20559_,35.298,35.298
cluster_0,_29653_,35.298,35.298
cluster_0,_29654_,35.298,35.298
cluster_0,_29646_,35.298,35.298
cluster_0,_20547_,35.298,35.298
cluster_0,sa03_sr[7]$_DFF_P_,35.298,35.298
cluster_0,_20570_,35.298,35.298
cluster_0,_20595_,35.298,35.298
cluster_0,input178,35.298,35.298
cluster_0,input177,35.298,35.298
cluster_0,input176,35.298,35.298
cluster_0,input175,35.298,35.298
cluster_0,input174,35.298,35.298
cluster_0,_20600_,35.298,35.298
cluster_0,_20601_,35.298,35.298
cluster_0,_20602_,35.298,35.298
cluster_0,_20594_,35.298,35.298
cluster_0,_20603_,35.298,35.298
cluster_0,_20605_,35.298,35.298
cluster_0,_20606_,35.298,35.298
cluster_0,_20607_,35.298,35.298
cluster_0,_20608_,35.298,35.298
cluster_0,_20609_,35.298,35.298
cluster_0,_20610_,35.298,35.298
cluster_0,_20611_,35.298,35.298
cluster_0,_20612_,35.298,35.298
cluster_0,_20613_,35.298,35.298
cluster_0,_20604_,35.298,35.298
cluster_0,_20569_,35.298,35.298
cluster_0,_20593_,35.298,35.298
cluster_0,_20591_,35.298,35.298
cluster_0,_20571_,35.298,35.298
cluster_0,_20572_,35.298,35.298
cluster_0,_20573_,35.298,35.298
cluster_0,_20574_,35.298,35.298
cluster_0,_20575_,35.298,35.298
cluster_0,_20576_,35.298,35.298
cluster_0,_20577_,35.298,35.298
cluster_0,_20578_,35.298,35.298
cluster_0,_20579_,35.298,35.298
cluster_0,_20592_,35.298,35.298
cluster_0,_20580_,35.298,35.298
cluster_0,_20583_,35.298,35.298
cluster_0,_20586_,35.298,35.298
cluster_0,_20587_,35.298,35.298
cluster_0,_20588_,35.298,35.298
cluster_0,_20589_,35.298,35.298
cluster_0,_20590_,35.298,35.298
cluster_0,input182,35.298,35.298
cluster_0,input181,35.298,35.298
cluster_0,input179,35.298,35.298
cluster_0,_20582_,35.298,35.298
cluster_0,_20614_,35.298,35.298
cluster_0,_20546_,35.298,35.298
cluster_0,_20448_,35.298,35.298
cluster_0,_20507_,35.298,35.298
cluster_0,_20506_,35.298,35.298
cluster_0,_20505_,35.298,35.298
cluster_0,_20504_,35.298,35.298
cluster_0,_20503_,35.298,35.298
cluster_0,_20502_,35.298,35.298
cluster_0,_20501_,35.298,35.298
cluster_0,_20500_,35.298,35.298
cluster_0,_20499_,35.298,35.298
cluster_0,_20508_,35.298,35.298
cluster_0,_20498_,35.298,35.298
cluster_0,_29424_,35.298,35.298
cluster_0,_29422_,35.298,35.298
cluster_0,_29421_,35.298,35.298
cluster_0,_29420_,35.298,35.298
cluster_0,_29419_,35.298,35.298
cluster_0,_29418_,35.298,35.298
cluster_0,_20497_,35.298,35.298
cluster_0,_29417_,35.298,35.298
cluster_0,_29416_,35.298,35.298
cluster_0,_29425_,35.298,35.298
cluster_0,_20495_,35.298,35.298
cluster_0,_20509_,35.298,35.298
cluster_0,_20511_,35.298,35.298
cluster_0,_20539_,35.298,35.298
cluster_0,_20532_,35.298,35.298
cluster_0,_20531_,35.298,35.298
cluster_0,_20530_,35.298,35.298
cluster_0,_15742_,35.298,35.298
cluster_0,_20529_,35.298,35.298
cluster_0,_20528_,35.298,35.298
cluster_0,_20527_,35.298,35.298
cluster_0,_20525_,35.298,35.298
cluster_0,_20510_,35.298,35.298
cluster_0,_20524_,35.298,35.298
cluster_0,_20522_,35.298,35.298
cluster_0,_20540_,35.298,35.298
cluster_0,_20541_,35.298,35.298
cluster_0,_20517_,35.298,35.298
cluster_0,_20516_,35.298,35.298
cluster_0,_20515_,35.298,35.298
cluster_0,_20514_,35.298,35.298
cluster_0,_20513_,35.298,35.298
cluster_0,_20512_,35.298,35.298
cluster_0,_20523_,35.298,35.298
cluster_0,_20545_,35.298,35.298
cluster_0,_20494_,35.298,35.298
cluster_0,output311,35.298,35.298
cluster_0,_20472_,35.298,35.298
cluster_0,_20471_,35.298,35.298
cluster_0,_20470_,35.298,35.298
cluster_0,_20469_,35.298,35.298
cluster_0,_20465_,35.298,35.298
cluster_0,_20464_,35.298,35.298
cluster_0,_20463_,35.298,35.298
cluster_0,_20462_,35.298,35.298
cluster_0,_20461_,35.298,35.298
cluster_0,_20473_,35.298,35.298
cluster_0,_20460_,35.298,35.298
cluster_0,_20458_,35.298,35.298
cluster_0,_20457_,35.298,35.298
cluster_0,_20456_,35.298,35.298
cluster_0,_20455_,35.298,35.298
cluster_0,_20454_,35.298,35.298
cluster_0,_20543_,35.298,35.298
cluster_0,_20451_,35.298,35.298
cluster_0,_20544_,35.298,35.298
cluster_0,_20449_,35.298,35.298
cluster_0,_20459_,35.298,35.298
cluster_0,_20493_,35.298,35.298
cluster_0,_20474_,35.298,35.298
cluster_0,_20477_,35.298,35.298
cluster_0,output310,35.298,35.298
cluster_0,_20492_,35.298,35.298
cluster_0,_20542_,35.298,35.298
cluster_0,_20489_,35.298,35.298
cluster_0,_20488_,35.298,35.298
cluster_0,_20487_,35.298,35.298
cluster_0,output307,35.298,35.298
cluster_0,output306,35.298,35.298
cluster_0,output305,35.298,35.298
cluster_0,_20476_,35.298,35.298
cluster_0,output304,35.298,35.298
cluster_0,output303,35.298,35.298
cluster_0,_20485_,35.298,35.298
cluster_0,_20484_,35.298,35.298
cluster_0,_20483_,35.298,35.298
cluster_0,_20482_,35.298,35.298
cluster_0,_20481_,35.298,35.298
cluster_0,_20480_,35.298,35.298
cluster_0,_20479_,35.298,35.298
cluster_0,_20478_,35.298,35.298
cluster_0,_20486_,35.298,35.298
cluster_0,_20615_,35.298,35.298
cluster_0,_20537_,35.298,35.298
cluster_0,_20617_,35.298,35.298
cluster_0,_20735_,35.298,35.298
cluster_0,_20736_,35.298,35.298
cluster_0,_20737_,35.298,35.298
cluster_0,_20738_,35.298,35.298
cluster_0,_20739_,35.298,35.298
cluster_0,_20740_,35.298,35.298
cluster_0,_20741_,35.298,35.298
cluster_0,_20742_,35.298,35.298
cluster_0,_20743_,35.298,35.298
cluster_0,_20744_,35.298,35.298
cluster_0,_20745_,35.298,35.298
cluster_0,_20746_,35.298,35.298
cluster_0,_20747_,35.298,35.298
cluster_0,_20748_,35.298,35.298
cluster_0,_20749_,35.298,35.298
cluster_0,_20750_,35.298,35.298
cluster_0,_20751_,35.298,35.298
cluster_0,_20752_,35.298,35.298
cluster_0,_20753_,35.298,35.298
cluster_0,_20754_,35.298,35.298
cluster_0,_20755_,35.298,35.298
cluster_0,_20734_,35.298,35.298
cluster_0,_20733_,35.298,35.298
cluster_0,_20732_,35.298,35.298
cluster_0,_20731_,35.298,35.298
cluster_0,_20709_,35.298,35.298
cluster_0,_20710_,35.298,35.298
cluster_0,_20711_,35.298,35.298
cluster_0,_20712_,35.298,35.298
cluster_0,_20713_,35.298,35.298
cluster_0,_20714_,35.298,35.298
cluster_0,_20715_,35.298,35.298
cluster_0,_20716_,35.298,35.298
cluster_0,_20717_,35.298,35.298
cluster_0,_20718_,35.298,35.298
cluster_0,_20756_,35.298,35.298
cluster_0,_20719_,35.298,35.298
cluster_0,_20721_,35.298,35.298
cluster_0,_20722_,35.298,35.298
cluster_0,_20723_,35.298,35.298
cluster_0,_20724_,35.298,35.298
cluster_0,_20725_,35.298,35.298
cluster_0,_20726_,35.298,35.298
cluster_0,_20727_,35.298,35.298
cluster_0,_20728_,35.298,35.298
cluster_0,_20729_,35.298,35.298
cluster_0,_20730_,35.298,35.298
cluster_0,_20720_,35.298,35.298
cluster_0,_20708_,35.298,35.298
cluster_0,_20757_,35.298,35.298
cluster_0,_20759_,35.298,35.298
cluster_0,u0.w[3][30]$_DFF_P_,35.298,35.298
cluster_0,_20785_,35.298,35.298
cluster_0,_20786_,35.298,35.298
cluster_0,_20787_,35.298,35.298
cluster_0,_20788_,35.298,35.298
cluster_0,u0.w[3][28]$_DFF_P_,35.298,35.298
cluster_0,u0.w[3][27]$_DFF_P_,35.298,35.298
cluster_0,u0.w[3][26]$_DFF_P_,35.298,35.298
cluster_0,u0.w[3][25]$_DFF_P_,35.298,35.298
cluster_0,u0.w[3][24]$_DFF_P_,35.298,35.298
cluster_0,_20789_,35.298,35.298
cluster_0,_20790_,35.298,35.298
cluster_0,_20798_,35.298,35.298
cluster_0,_20791_,35.298,35.298
cluster_0,_20792_,35.298,35.298
cluster_0,_20793_,35.298,35.298
cluster_0,_20797_,35.298,35.298
cluster_0,_20616_,35.298,35.298
cluster_0,_20796_,35.298,35.298
cluster_0,_20795_,35.298,35.298
cluster_0,_20794_,35.298,35.298
cluster_0,u0.w[3][31]$_DFF_P_,35.298,35.298
cluster_0,_20784_,35.298,35.298
cluster_0,_20783_,35.298,35.298
cluster_0,_20782_,35.298,35.298
cluster_0,_20760_,35.298,35.298
cluster_0,max_cap1,35.298,35.298
cluster_0,_20761_,35.298,35.298
cluster_0,_20762_,35.298,35.298
cluster_0,_20763_,35.298,35.298
cluster_0,_20764_,35.298,35.298
cluster_0,_20765_,35.298,35.298
cluster_0,_20766_,35.298,35.298
cluster_0,_20767_,35.298,35.298
cluster_0,_20768_,35.298,35.298
cluster_0,_20758_,35.298,35.298
cluster_0,_20769_,35.298,35.298
cluster_0,_20771_,35.298,35.298
cluster_0,_20773_,35.298,35.298
cluster_0,_20774_,35.298,35.298
cluster_0,_20775_,35.298,35.298
cluster_0,_20776_,35.298,35.298
cluster_0,_20777_,35.298,35.298
cluster_0,_20778_,35.298,35.298
cluster_0,_20779_,35.298,35.298
cluster_0,_20780_,35.298,35.298
cluster_0,_20781_,35.298,35.298
cluster_0,_20770_,35.298,35.298
cluster_0,_20707_,35.298,35.298
cluster_0,_20772_,35.298,35.298
cluster_0,_20643_,35.298,35.298
cluster_0,_20649_,35.298,35.298
cluster_0,_20650_,35.298,35.298
cluster_0,_20651_,35.298,35.298
cluster_0,_20652_,35.298,35.298
cluster_0,_20653_,35.298,35.298
cluster_0,_20654_,35.298,35.298
cluster_0,_20655_,35.298,35.298
cluster_0,_20656_,35.298,35.298
cluster_0,_20657_,35.298,35.298
cluster_0,_20648_,35.298,35.298
cluster_0,_20658_,35.298,35.298
cluster_0,_20660_,35.298,35.298
cluster_0,_20661_,35.298,35.298
cluster_0,_20662_,35.298,35.298
cluster_0,_20664_,35.298,35.298
cluster_0,_20665_,35.298,35.298
cluster_0,_20666_,35.298,35.298
cluster_0,_20667_,35.298,35.298
cluster_0,_20668_,35.298,35.298
cluster_0,_20669_,35.298,35.298
cluster_0,_20659_,35.298,35.298
cluster_0,_20670_,35.298,35.298
cluster_0,_20647_,35.298,35.298
cluster_0,_20644_,35.298,35.298
cluster_0,_20626_,35.298,35.298
cluster_0,_20624_,35.298,35.298
cluster_0,_20620_,35.298,35.298
cluster_0,_20619_,35.298,35.298
cluster_0,_20706_,35.298,35.298
cluster_0,_20627_,35.298,35.298
cluster_0,_20628_,35.298,35.298
cluster_0,_20629_,35.298,35.298
cluster_0,_20630_,35.298,35.298
cluster_0,_20645_,35.298,35.298
cluster_0,_20631_,35.298,35.298
cluster_0,_20633_,35.298,35.298
cluster_0,_20634_,35.298,35.298
cluster_0,_20635_,35.298,35.298
cluster_0,_20636_,35.298,35.298
cluster_0,_20638_,35.298,35.298
cluster_0,_20639_,35.298,35.298
cluster_0,_20640_,35.298,35.298
cluster_0,_20641_,35.298,35.298
cluster_0,_20642_,35.298,35.298
cluster_0,_20632_,35.298,35.298
cluster_0,_20618_,35.298,35.298
cluster_0,_20663_,35.298,35.298
cluster_0,_20625_,35.298,35.298
cluster_0,_20685_,35.298,35.298
cluster_0,_20702_,35.298,35.298
cluster_0,_20687_,35.298,35.298
cluster_0,_20688_,35.298,35.298
cluster_0,_20689_,35.298,35.298
cluster_0,_20690_,35.298,35.298
cluster_0,_20691_,35.298,35.298
cluster_0,_20692_,35.298,35.298
cluster_0,_20693_,35.298,35.298
cluster_0,_20671_,35.298,35.298
cluster_0,_20694_,35.298,35.298
cluster_0,_20701_,35.298,35.298
cluster_0,_20695_,35.298,35.298
cluster_0,_20696_,35.298,35.298
cluster_0,_20700_,35.298,35.298
cluster_0,_20697_,35.298,35.298
cluster_0,_20698_,35.298,35.298
cluster_0,_20699_,35.298,35.298
cluster_0,_20622_,35.298,35.298
cluster_0,_20703_,35.298,35.298
cluster_0,_20704_,35.298,35.298
cluster_0,_20686_,35.298,35.298
cluster_0,_20705_,35.298,35.298
cluster_0,_20621_,35.298,35.298
cluster_0,_20623_,35.298,35.298
cluster_0,_20672_,35.298,35.298
cluster_0,_20673_,35.298,35.298
cluster_0,_20674_,35.298,35.298
cluster_0,_20675_,35.298,35.298
cluster_0,_20684_,35.298,35.298
cluster_0,_20677_,35.298,35.298
cluster_0,_20676_,35.298,35.298
cluster_0,_20682_,35.298,35.298
cluster_0,_20679_,35.298,35.298
cluster_0,_20680_,35.298,35.298
cluster_0,_20683_,35.298,35.298
cluster_0,_20681_,35.298,35.298
cluster_0,_20678_,35.298,35.298
cluster_1,_25198_,33.832,33.832
cluster_1,_25170_,33.832,33.832
cluster_1,_25199_,33.832,33.832
cluster_1,_25171_,33.832,33.832
cluster_1,_25200_,33.832,33.832
cluster_1,_25205_,33.832,33.832
cluster_1,_25172_,33.832,33.832
cluster_1,_25197_,33.832,33.832
cluster_1,_25203_,33.832,33.832
cluster_1,_25204_,33.832,33.832
cluster_1,_25202_,33.832,33.832
cluster_1,_25173_,33.832,33.832
cluster_1,_25201_,33.832,33.832
cluster_1,_25196_,33.832,33.832
cluster_1,_25179_,33.832,33.832
cluster_1,_25194_,33.832,33.832
cluster_1,_25178_,33.832,33.832
cluster_1,_25180_,33.832,33.832
cluster_1,_25181_,33.832,33.832
cluster_1,_25182_,33.832,33.832
cluster_1,_25183_,33.832,33.832
cluster_1,_25206_,33.832,33.832
cluster_1,_25177_,33.832,33.832
cluster_1,_25176_,33.832,33.832
cluster_1,_25184_,33.832,33.832
cluster_1,_25185_,33.832,33.832
cluster_1,_25186_,33.832,33.832
cluster_1,_25187_,33.832,33.832
cluster_1,_25188_,33.832,33.832
cluster_1,_25190_,33.832,33.832
cluster_1,_25175_,33.832,33.832
cluster_1,_25191_,33.832,33.832
cluster_1,_25174_,33.832,33.832
cluster_1,_25192_,33.832,33.832
cluster_1,_25193_,33.832,33.832
cluster_1,_25195_,33.832,33.832
cluster_1,_25189_,33.832,33.832
cluster_1,_25096_,33.832,33.832
cluster_1,_25208_,33.832,33.832
cluster_1,_25231_,33.832,33.832
cluster_1,_25232_,33.832,33.832
cluster_1,_25233_,33.832,33.832
cluster_1,_25234_,33.832,33.832
cluster_1,_25235_,33.832,33.832
cluster_1,_25236_,33.832,33.832
cluster_1,_25237_,33.832,33.832
cluster_1,_25238_,33.832,33.832
cluster_1,_25230_,33.832,33.832
cluster_1,_25239_,33.832,33.832
cluster_1,_25241_,33.832,33.832
cluster_1,_25242_,33.832,33.832
cluster_1,_25243_,33.832,33.832
cluster_1,_25244_,33.832,33.832
cluster_1,_25245_,33.832,33.832
cluster_1,_25246_,33.832,33.832
cluster_1,_25247_,33.832,33.832
cluster_1,_25248_,33.832,33.832
cluster_1,_25240_,33.832,33.832
cluster_1,_25229_,33.832,33.832
cluster_1,_25228_,33.832,33.832
cluster_1,_25169_,33.832,33.832
cluster_1,_25209_,33.832,33.832
cluster_1,_25210_,33.832,33.832
cluster_1,_25211_,33.832,33.832
cluster_1,_25212_,33.832,33.832
cluster_1,_25213_,33.832,33.832
cluster_1,_25214_,33.832,33.832
cluster_1,_25215_,33.832,33.832
cluster_1,_25216_,33.832,33.832
cluster_1,_25217_,33.832,33.832
cluster_1,_25218_,33.832,33.832
cluster_1,_25219_,33.832,33.832
cluster_1,_25220_,33.832,33.832
cluster_1,_25221_,33.832,33.832
cluster_1,_25222_,33.832,33.832
cluster_1,_25223_,33.832,33.832
cluster_1,_25224_,33.832,33.832
cluster_1,_25225_,33.832,33.832
cluster_1,_25226_,33.832,33.832
cluster_1,_25227_,33.832,33.832
cluster_1,_25207_,33.832,33.832
cluster_1,_25168_,33.832,33.832
cluster_1,_25128_,33.832,33.832
cluster_1,_25166_,33.832,33.832
cluster_1,_25106_,33.832,33.832
cluster_1,_25107_,33.832,33.832
cluster_1,_25086_,33.832,33.832
cluster_1,_25108_,33.832,33.832
cluster_1,_25109_,33.832,33.832
cluster_1,_25110_,33.832,33.832
cluster_1,_25111_,33.832,33.832
cluster_1,_25112_,33.832,33.832
cluster_1,_25113_,33.832,33.832
cluster_1,_25114_,33.832,33.832
cluster_1,_25085_,33.832,33.832
cluster_1,_25115_,33.832,33.832
cluster_1,_25116_,33.832,33.832
cluster_1,_25117_,33.832,33.832
cluster_1,_25118_,33.832,33.832
cluster_1,_25119_,33.832,33.832
cluster_1,_25120_,33.832,33.832
cluster_1,_24728_,33.832,33.832
cluster_1,_25087_,33.832,33.832
cluster_1,_25088_,33.832,33.832
cluster_1,_25105_,33.832,33.832
cluster_1,_25095_,33.832,33.832
cluster_1,_25097_,33.832,33.832
cluster_1,_25098_,33.832,33.832
cluster_1,_25099_,33.832,33.832
cluster_1,_25100_,33.832,33.832
cluster_1,_25094_,33.832,33.832
cluster_1,_25093_,33.832,33.832
cluster_1,_25101_,33.832,33.832
cluster_1,_25121_,33.832,33.832
cluster_1,_25102_,33.832,33.832
cluster_1,_25092_,33.832,33.832
cluster_1,_25091_,33.832,33.832
cluster_1,_24729_,33.832,33.832
cluster_1,_24730_,33.832,33.832
cluster_1,_24731_,33.832,33.832
cluster_1,_25090_,33.832,33.832
cluster_1,_25089_,33.832,33.832
cluster_1,_25104_,33.832,33.832
cluster_1,_25103_,33.832,33.832
cluster_1,_25122_,33.832,33.832
cluster_1,_25123_,33.832,33.832
cluster_1,_25124_,33.832,33.832
cluster_1,_25148_,33.832,33.832
cluster_1,_25149_,33.832,33.832
cluster_1,_25150_,33.832,33.832
cluster_1,_25151_,33.832,33.832
cluster_1,_25152_,33.832,33.832
cluster_1,_25153_,33.832,33.832
cluster_1,_25154_,33.832,33.832
cluster_1,_25155_,33.832,33.832
cluster_1,_25147_,33.832,33.832
cluster_1,_25156_,33.832,33.832
cluster_1,_25158_,33.832,33.832
cluster_1,_25159_,33.832,33.832
cluster_1,_25160_,33.832,33.832
cluster_1,_25161_,33.832,33.832
cluster_1,_25162_,33.832,33.832
cluster_1,_25163_,33.832,33.832
cluster_1,_25164_,33.832,33.832
cluster_1,_25165_,33.832,33.832
cluster_1,_25157_,33.832,33.832
cluster_1,_25167_,33.832,33.832
cluster_1,_25146_,33.832,33.832
cluster_1,_25144_,33.832,33.832
cluster_1,_25125_,33.832,33.832
cluster_1,_25126_,33.832,33.832
cluster_1,_25127_,33.832,33.832
cluster_1,_25129_,33.832,33.832
cluster_1,_25130_,33.832,33.832
cluster_1,_25131_,33.832,33.832
cluster_1,_25132_,33.832,33.832
cluster_1,_25133_,33.832,33.832
cluster_1,_25145_,33.832,33.832
cluster_1,_25134_,33.832,33.832
cluster_1,_25136_,33.832,33.832
cluster_1,_25137_,33.832,33.832
cluster_1,_25138_,33.832,33.832
cluster_1,_25139_,33.832,33.832
cluster_1,_25140_,33.832,33.832
cluster_1,_25141_,33.832,33.832
cluster_1,_25142_,33.832,33.832
cluster_1,_25143_,33.832,33.832
cluster_1,_25135_,33.832,33.832
cluster_1,_24727_,33.832,33.832
cluster_1,_24651_,33.832,33.832
cluster_1,_29739_,33.832,33.832
cluster_1,_24628_,33.832,33.832
cluster_1,_24627_,33.832,33.832
cluster_1,_24625_,33.832,33.832
cluster_1,_24624_,33.832,33.832
cluster_1,_24623_,33.832,33.832
cluster_1,_24622_,33.832,33.832
cluster_1,_24621_,33.832,33.832
cluster_1,_24620_,33.832,33.832
cluster_1,_24619_,33.832,33.832
cluster_1,_24618_,33.832,33.832
cluster_1,_24617_,33.832,33.832
cluster_1,_24616_,33.832,33.832
cluster_1,_24735_,33.832,33.832
cluster_1,_24615_,33.832,33.832
cluster_1,_24614_,33.832,33.832
cluster_1,_24613_,33.832,33.832
cluster_1,_24612_,33.832,33.832
cluster_1,_24629_,33.832,33.832
cluster_1,_24630_,33.832,33.832
cluster_1,_24631_,33.832,33.832
cluster_1,_24632_,33.832,33.832
cluster_1,_24653_,33.832,33.832
cluster_1,_24652_,33.832,33.832
cluster_1,_25084_,33.832,33.832
cluster_1,_24650_,33.832,33.832
cluster_1,_24649_,33.832,33.832
cluster_1,_24645_,33.832,33.832
cluster_1,_24644_,33.832,33.832
cluster_1,_24643_,33.832,33.832
cluster_1,_24611_,33.832,33.832
cluster_1,_24642_,33.832,33.832
cluster_1,_24640_,33.832,33.832
cluster_1,_24639_,33.832,33.832
cluster_1,_24638_,33.832,33.832
cluster_1,_24637_,33.832,33.832
cluster_1,_24636_,33.832,33.832
cluster_1,_24635_,33.832,33.832
cluster_1,_24634_,33.832,33.832
cluster_1,_24633_,33.832,33.832
cluster_1,_24641_,33.832,33.832
cluster_1,_24654_,33.832,33.832
cluster_1,_24610_,33.832,33.832
cluster_1,_24608_,33.832,33.832
cluster_1,_24571_,33.832,33.832
cluster_1,_24570_,33.832,33.832
cluster_1,_24569_,33.832,33.832
cluster_1,_24568_,33.832,33.832
cluster_1,_24567_,33.832,33.832
cluster_1,_24566_,33.832,33.832
cluster_1,_24565_,33.832,33.832
cluster_1,_24564_,33.832,33.832
cluster_1,_24563_,33.832,33.832
cluster_1,_24562_,33.832,33.832
cluster_1,_24561_,33.832,33.832
cluster_1,_24560_,33.832,33.832
cluster_1,_24559_,33.832,33.832
cluster_1,_24558_,33.832,33.832
cluster_1,_24557_,33.832,33.832
cluster_1,_24555_,33.832,33.832
cluster_1,_24554_,33.832,33.832
cluster_1,_24572_,33.832,33.832
cluster_1,_24573_,33.832,33.832
cluster_1,_24574_,33.832,33.832
cluster_1,_24575_,33.832,33.832
cluster_1,_24607_,33.832,33.832
cluster_1,_24606_,33.832,33.832
cluster_1,_24605_,33.832,33.832
cluster_1,_24604_,33.832,33.832
cluster_1,_24603_,33.832,33.832
cluster_1,_24602_,33.832,33.832
cluster_1,_24601_,33.832,33.832
cluster_1,_24600_,33.832,33.832
cluster_1,_24609_,33.832,33.832
cluster_1,_24599_,33.832,33.832
cluster_1,_24583_,33.832,33.832
cluster_1,_24582_,33.832,33.832
cluster_1,_24581_,33.832,33.832
cluster_1,_24580_,33.832,33.832
cluster_1,_24579_,33.832,33.832
cluster_1,_24578_,33.832,33.832
cluster_1,_24577_,33.832,33.832
cluster_1,_24576_,33.832,33.832
cluster_1,_24584_,33.832,33.832
cluster_1,_24726_,33.832,33.832
cluster_1,_24655_,33.832,33.832
cluster_1,_24657_,33.832,33.832
cluster_1,_24717_,33.832,33.832
cluster_1,_24716_,33.832,33.832
cluster_1,_24715_,33.832,33.832
cluster_1,_24714_,33.832,33.832
cluster_1,_24713_,33.832,33.832
cluster_1,_24712_,33.832,33.832
cluster_1,_24711_,33.832,33.832
cluster_1,_24710_,33.832,33.832
cluster_1,_24709_,33.832,33.832
cluster_1,_24708_,33.832,33.832
cluster_1,_24707_,33.832,33.832
cluster_1,_24706_,33.832,33.832
cluster_1,_24705_,33.832,33.832
cluster_1,_24704_,33.832,33.832
cluster_1,_24703_,33.832,33.832
cluster_1,_24702_,33.832,33.832
cluster_1,_24701_,33.832,33.832
cluster_1,_29725_,33.832,33.832
cluster_1,_29726_,33.832,33.832
cluster_1,_29727_,33.832,33.832
cluster_1,_29728_,33.832,33.832
cluster_1,_29738_,33.832,33.832
cluster_1,_29737_,33.832,33.832
cluster_1,_29736_,33.832,33.832
cluster_1,_24725_,33.832,33.832
cluster_1,_24724_,33.832,33.832
cluster_1,_24723_,33.832,33.832
cluster_1,_24722_,33.832,33.832
cluster_1,_24721_,33.832,33.832
cluster_1,_24700_,33.832,33.832
cluster_1,_24720_,33.832,33.832
cluster_1,_24718_,33.832,33.832
cluster_1,_29735_,33.832,33.832
cluster_1,_29734_,33.832,33.832
cluster_1,_29733_,33.832,33.832
cluster_1,_29732_,33.832,33.832
cluster_1,_29731_,33.832,33.832
cluster_1,_29730_,33.832,33.832
cluster_1,_29729_,33.832,33.832
cluster_1,_24719_,33.832,33.832
cluster_1,_24656_,33.832,33.832
cluster_1,_24699_,33.832,33.832
cluster_1,_24697_,33.832,33.832
cluster_1,_24674_,33.832,33.832
cluster_1,_24673_,33.832,33.832
cluster_1,_24672_,33.832,33.832
cluster_1,_24671_,33.832,33.832
cluster_1,_24670_,33.832,33.832
cluster_1,_24669_,33.832,33.832
cluster_1,_24668_,33.832,33.832
cluster_1,_24667_,33.832,33.832
cluster_1,_24666_,33.832,33.832
cluster_1,_24665_,33.832,33.832
cluster_1,_24664_,33.832,33.832
cluster_1,_24663_,33.832,33.832
cluster_1,_24662_,33.832,33.832
cluster_1,_24661_,33.832,33.832
cluster_1,_24660_,33.832,33.832
cluster_1,_24659_,33.832,33.832
cluster_1,_24658_,33.832,33.832
cluster_1,_24675_,33.832,33.832
cluster_1,_24676_,33.832,33.832
cluster_1,_24677_,33.832,33.832
cluster_1,_24678_,33.832,33.832
cluster_1,_24696_,33.832,33.832
cluster_1,_24695_,33.832,33.832
cluster_1,_24694_,33.832,33.832
cluster_1,_24693_,33.832,33.832
cluster_1,_24692_,33.832,33.832
cluster_1,_24691_,33.832,33.832
cluster_1,_24690_,33.832,33.832
cluster_1,_24689_,33.832,33.832
cluster_1,_24698_,33.832,33.832
cluster_1,_24688_,33.832,33.832
cluster_1,_24686_,33.832,33.832
cluster_1,_24685_,33.832,33.832
cluster_1,_24684_,33.832,33.832
cluster_1,_24683_,33.832,33.832
cluster_1,_24682_,33.832,33.832
cluster_1,_24681_,33.832,33.832
cluster_1,_24680_,33.832,33.832
cluster_1,_24679_,33.832,33.832
cluster_1,_24687_,33.832,33.832
cluster_1,_25083_,33.832,33.832
cluster_1,_24991_,33.832,33.832
cluster_1,_25081_,33.832,33.832
cluster_1,_24845_,33.832,33.832
cluster_1,_24846_,33.832,33.832
cluster_1,_24847_,33.832,33.832
cluster_1,_24848_,33.832,33.832
cluster_1,_24849_,33.832,33.832
cluster_1,_24850_,33.832,33.832
cluster_1,_24851_,33.832,33.832
cluster_1,_24852_,33.832,33.832
cluster_1,_24853_,33.832,33.832
cluster_1,_24854_,33.832,33.832
cluster_1,_24855_,33.832,33.832
cluster_1,_24856_,33.832,33.832
cluster_1,_24857_,33.832,33.832
cluster_1,_24858_,33.832,33.832
cluster_1,_24859_,33.832,33.832
cluster_1,_24860_,33.832,33.832
cluster_1,_24861_,33.832,33.832
cluster_1,_24844_,33.832,33.832
cluster_1,_24843_,33.832,33.832
cluster_1,_24842_,33.832,33.832
cluster_1,_24841_,33.832,33.832
cluster_1,_24823_,33.832,33.832
cluster_1,_24824_,33.832,33.832
cluster_1,_24825_,33.832,33.832
cluster_1,_24826_,33.832,33.832
cluster_1,_24827_,33.832,33.832
cluster_1,_24828_,33.832,33.832
cluster_1,_24829_,33.832,33.832
cluster_1,_24830_,33.832,33.832
cluster_1,_24862_,33.832,33.832
cluster_1,_24831_,33.832,33.832
cluster_1,_24833_,33.832,33.832
cluster_1,_24834_,33.832,33.832
cluster_1,_24835_,33.832,33.832
cluster_1,_24836_,33.832,33.832
cluster_1,_24837_,33.832,33.832
cluster_1,_24838_,33.832,33.832
cluster_1,_24839_,33.832,33.832
cluster_1,_24840_,33.832,33.832
cluster_1,_24832_,33.832,33.832
cluster_1,_24863_,33.832,33.832
cluster_1,_24864_,33.832,33.832
cluster_1,_24865_,33.832,33.832
cluster_1,_24888_,33.832,33.832
cluster_1,_24889_,33.832,33.832
cluster_1,_24890_,33.832,33.832
cluster_1,_24891_,33.832,33.832
cluster_1,_24892_,33.832,33.832
cluster_1,_24893_,33.832,33.832
cluster_1,_24894_,33.832,33.832
cluster_1,_24896_,33.832,33.832
cluster_1,_24887_,33.832,33.832
cluster_1,_24897_,33.832,33.832
cluster_1,_24899_,33.832,33.832
cluster_1,_24900_,33.832,33.832
cluster_1,_24901_,33.832,33.832
cluster_1,_24902_,33.832,33.832
cluster_1,_24903_,33.832,33.832
cluster_1,_24904_,33.832,33.832
cluster_1,_24905_,33.832,33.832
cluster_1,_24906_,33.832,33.832
cluster_1,_24898_,33.832,33.832
cluster_1,_24822_,33.832,33.832
cluster_1,_24886_,33.832,33.832
cluster_1,_24884_,33.832,33.832
cluster_1,_24866_,33.832,33.832
cluster_1,_24867_,33.832,33.832
cluster_1,_24868_,33.832,33.832
cluster_1,_24869_,33.832,33.832
cluster_1,_24870_,33.832,33.832
cluster_1,_24871_,33.832,33.832
cluster_1,_24872_,33.832,33.832
cluster_1,_24873_,33.832,33.832
cluster_1,_24885_,33.832,33.832
cluster_1,_24874_,33.832,33.832
cluster_1,_24876_,33.832,33.832
cluster_1,_24877_,33.832,33.832
cluster_1,_24878_,33.832,33.832
cluster_1,_24879_,33.832,33.832
cluster_1,_24880_,33.832,33.832
cluster_1,_24881_,33.832,33.832
cluster_1,_24882_,33.832,33.832
cluster_1,_24883_,33.832,33.832
cluster_1,_24875_,33.832,33.832
cluster_1,_24907_,33.832,33.832
cluster_1,_24821_,33.832,33.832
cluster_1,_24819_,33.832,33.832
cluster_1,_24749_,33.832,33.832
cluster_1,_24764_,33.832,33.832
cluster_1,_24748_,33.832,33.832
cluster_1,_24747_,33.832,33.832
cluster_1,_24746_,33.832,33.832
cluster_1,_24745_,33.832,33.832
cluster_1,_24744_,33.832,33.832
cluster_1,_24743_,33.832,33.832
cluster_1,_24742_,33.832,33.832
cluster_1,_24741_,33.832,33.832
cluster_1,_24740_,33.832,33.832
cluster_1,_24739_,33.832,33.832
cluster_1,clone126,33.832,33.832
cluster_1,_24737_,33.832,33.832
cluster_1,_24772_,33.832,33.832
cluster_1,_24736_,33.832,33.832
cluster_1,_24773_,33.832,33.832
cluster_1,_24553_,33.832,33.832
cluster_1,_24750_,33.832,33.832
cluster_1,_24751_,33.832,33.832
cluster_1,_24752_,33.832,33.832
cluster_1,_24763_,33.832,33.832
cluster_1,_24762_,33.832,33.832
cluster_1,_24761_,33.832,33.832
cluster_1,_24760_,33.832,33.832
cluster_1,_24765_,33.832,33.832
cluster_1,_24766_,33.832,33.832
cluster_1,_24767_,33.832,33.832
cluster_1,_24768_,33.832,33.832
cluster_1,_24774_,33.832,33.832
cluster_1,_24769_,33.832,33.832
cluster_1,_24771_,33.832,33.832
cluster_1,_24759_,33.832,33.832
cluster_1,_24758_,33.832,33.832
cluster_1,_24757_,33.832,33.832
cluster_1,_24756_,33.832,33.832
cluster_1,_24755_,33.832,33.832
cluster_1,_24754_,33.832,33.832
cluster_1,_24753_,33.832,33.832
cluster_1,_24770_,33.832,33.832
cluster_1,_24775_,33.832,33.832
cluster_1,_24776_,33.832,33.832
cluster_1,_24777_,33.832,33.832
cluster_1,_24800_,33.832,33.832
cluster_1,_24801_,33.832,33.832
cluster_1,_24802_,33.832,33.832
cluster_1,_24803_,33.832,33.832
cluster_1,_24804_,33.832,33.832
cluster_1,_24805_,33.832,33.832
cluster_1,_24806_,33.832,33.832
cluster_1,_24807_,33.832,33.832
cluster_1,_24799_,33.832,33.832
cluster_1,_24808_,33.832,33.832
cluster_1,_24810_,33.832,33.832
cluster_1,_24812_,33.832,33.832
cluster_1,_24813_,33.832,33.832
cluster_1,_24814_,33.832,33.832
cluster_1,_24815_,33.832,33.832
cluster_1,_24816_,33.832,33.832
cluster_1,_24817_,33.832,33.832
cluster_1,_24818_,33.832,33.832
cluster_1,_24809_,33.832,33.832
cluster_1,_24820_,33.832,33.832
cluster_1,_24798_,33.832,33.832
cluster_1,_24796_,33.832,33.832
cluster_1,_24778_,33.832,33.832
cluster_1,_24779_,33.832,33.832
cluster_1,_24780_,33.832,33.832
cluster_1,_24781_,33.832,33.832
cluster_1,_24782_,33.832,33.832
cluster_1,_24783_,33.832,33.832
cluster_1,_24784_,33.832,33.832
cluster_1,_24785_,33.832,33.832
cluster_1,_24797_,33.832,33.832
cluster_1,_24786_,33.832,33.832
cluster_1,_24788_,33.832,33.832
cluster_1,_24789_,33.832,33.832
cluster_1,_24790_,33.832,33.832
cluster_1,_24791_,33.832,33.832
cluster_1,_24792_,33.832,33.832
cluster_1,_24793_,33.832,33.832
cluster_1,_24794_,33.832,33.832
cluster_1,_24795_,33.832,33.832
cluster_1,_24787_,33.832,33.832
cluster_1,_25082_,33.832,33.832
cluster_1,_24908_,33.832,33.832
cluster_1,_24910_,33.832,33.832
cluster_1,_25021_,33.832,33.832
cluster_1,_25022_,33.832,33.832
cluster_1,_25023_,33.832,33.832
cluster_1,_25024_,33.832,33.832
cluster_1,_25025_,33.832,33.832
cluster_1,_25026_,33.832,33.832
cluster_1,_25027_,33.832,33.832
cluster_1,_25028_,33.832,33.832
cluster_1,_25029_,33.832,33.832
cluster_1,_25030_,33.832,33.832
cluster_1,_25031_,33.832,33.832
cluster_1,_25032_,33.832,33.832
cluster_1,_25033_,33.832,33.832
cluster_1,_25034_,33.832,33.832
cluster_1,_25035_,33.832,33.832
cluster_1,_25036_,33.832,33.832
cluster_1,_25037_,33.832,33.832
cluster_1,_25020_,33.832,33.832
cluster_1,_25019_,33.832,33.832
cluster_1,_25018_,33.832,33.832
cluster_1,_25017_,33.832,33.832
cluster_1,_24999_,33.832,33.832
cluster_1,_25000_,33.832,33.832
cluster_1,_25001_,33.832,33.832
cluster_1,_25002_,33.832,33.832
cluster_1,_25003_,33.832,33.832
cluster_1,_25004_,33.832,33.832
cluster_1,_25005_,33.832,33.832
cluster_1,_25006_,33.832,33.832
cluster_1,_25038_,33.832,33.832
cluster_1,_25007_,33.832,33.832
cluster_1,_25009_,33.832,33.832
cluster_1,_25010_,33.832,33.832
cluster_1,_25011_,33.832,33.832
cluster_1,_25012_,33.832,33.832
cluster_1,_25013_,33.832,33.832
cluster_1,_25014_,33.832,33.832
cluster_1,_25015_,33.832,33.832
cluster_1,_25016_,33.832,33.832
cluster_1,_25008_,33.832,33.832
cluster_1,_25039_,33.832,33.832
cluster_1,_25040_,33.832,33.832
cluster_1,_25041_,33.832,33.832
cluster_1,_25064_,33.832,33.832
cluster_1,_25065_,33.832,33.832
cluster_1,_25066_,33.832,33.832
cluster_1,_25067_,33.832,33.832
cluster_1,_25068_,33.832,33.832
cluster_1,_25069_,33.832,33.832
cluster_1,_25070_,33.832,33.832
cluster_1,_25071_,33.832,33.832
cluster_1,_25063_,33.832,33.832
cluster_1,_25072_,33.832,33.832
cluster_1,_25074_,33.832,33.832
cluster_1,_25075_,33.832,33.832
cluster_1,_25076_,33.832,33.832
cluster_1,_25077_,33.832,33.832
cluster_1,_25078_,33.832,33.832
cluster_1,_24732_,33.832,33.832
cluster_1,_25079_,33.832,33.832
cluster_1,_25080_,33.832,33.832
cluster_1,_25073_,33.832,33.832
cluster_1,_24998_,33.832,33.832
cluster_1,_25062_,33.832,33.832
cluster_1,_25060_,33.832,33.832
cluster_1,_25042_,33.832,33.832
cluster_1,_25043_,33.832,33.832
cluster_1,_25044_,33.832,33.832
cluster_1,_25045_,33.832,33.832
cluster_1,_25046_,33.832,33.832
cluster_1,_25047_,33.832,33.832
cluster_1,_25048_,33.832,33.832
cluster_1,_25049_,33.832,33.832
cluster_1,_25061_,33.832,33.832
cluster_1,_25050_,33.832,33.832
cluster_1,_25052_,33.832,33.832
cluster_1,_25053_,33.832,33.832
cluster_1,_25054_,33.832,33.832
cluster_1,_25055_,33.832,33.832
cluster_1,_25056_,33.832,33.832
cluster_1,_25057_,33.832,33.832
cluster_1,_25058_,33.832,33.832
cluster_1,_25059_,33.832,33.832
cluster_1,_25051_,33.832,33.832
cluster_1,_24909_,33.832,33.832
cluster_1,_24997_,33.832,33.832
cluster_1,_24995_,33.832,33.832
cluster_1,_24933_,33.832,33.832
cluster_1,_24934_,33.832,33.832
cluster_1,_24935_,33.832,33.832
cluster_1,_24936_,33.832,33.832
cluster_1,_24937_,33.832,33.832
cluster_1,_24938_,33.832,33.832
cluster_1,_24939_,33.832,33.832
cluster_1,_24940_,33.832,33.832
cluster_1,_24941_,33.832,33.832
cluster_1,_24942_,33.832,33.832
cluster_1,_24943_,33.832,33.832
cluster_1,_24944_,33.832,33.832
cluster_1,_24945_,33.832,33.832
cluster_1,_24946_,33.832,33.832
cluster_1,_24947_,33.832,33.832
cluster_1,_24948_,33.832,33.832
cluster_1,_24949_,33.832,33.832
cluster_1,_24932_,33.832,33.832
cluster_1,_24931_,33.832,33.832
cluster_1,_24930_,33.832,33.832
cluster_1,_24929_,33.832,33.832
cluster_1,_24911_,33.832,33.832
cluster_1,_24912_,33.832,33.832
cluster_1,_24913_,33.832,33.832
cluster_1,_24914_,33.832,33.832
cluster_1,_24915_,33.832,33.832
cluster_1,_24916_,33.832,33.832
cluster_1,_24917_,33.832,33.832
cluster_1,_24918_,33.832,33.832
cluster_1,_24950_,33.832,33.832
cluster_1,_24919_,33.832,33.832
cluster_1,_24921_,33.832,33.832
cluster_1,_24922_,33.832,33.832
cluster_1,_24923_,33.832,33.832
cluster_1,_24924_,33.832,33.832
cluster_1,_24925_,33.832,33.832
cluster_1,_24926_,33.832,33.832
cluster_1,_24927_,33.832,33.832
cluster_1,_24928_,33.832,33.832
cluster_1,_24920_,33.832,33.832
cluster_1,_24951_,33.832,33.832
cluster_1,_24952_,33.832,33.832
cluster_1,_24953_,33.832,33.832
cluster_1,_24976_,33.832,33.832
cluster_1,_24977_,33.832,33.832
cluster_1,_24978_,33.832,33.832
cluster_1,_24979_,33.832,33.832
cluster_1,_24980_,33.832,33.832
cluster_1,_24981_,33.832,33.832
cluster_1,_24982_,33.832,33.832
cluster_1,_24983_,33.832,33.832
cluster_1,_24975_,33.832,33.832
cluster_1,_24984_,33.832,33.832
cluster_1,_24986_,33.832,33.832
cluster_1,_24987_,33.832,33.832
cluster_1,_24988_,33.832,33.832
cluster_1,_24989_,33.832,33.832
cluster_1,_24990_,33.832,33.832
cluster_1,_24992_,33.832,33.832
cluster_1,_24993_,33.832,33.832
cluster_1,_24994_,33.832,33.832
cluster_1,_24985_,33.832,33.832
cluster_1,_24996_,33.832,33.832
cluster_1,_24974_,33.832,33.832
cluster_1,_24972_,33.832,33.832
cluster_1,_24954_,33.832,33.832
cluster_1,_24955_,33.832,33.832
cluster_1,_24956_,33.832,33.832
cluster_1,_24957_,33.832,33.832
cluster_1,_24958_,33.832,33.832
cluster_1,_24959_,33.832,33.832
cluster_1,_24960_,33.832,33.832
cluster_1,_24961_,33.832,33.832
cluster_1,_24973_,33.832,33.832
cluster_1,_24962_,33.832,33.832
cluster_1,_24964_,33.832,33.832
cluster_1,_24965_,33.832,33.832
cluster_1,_24966_,33.832,33.832
cluster_1,_24967_,33.832,33.832
cluster_1,_24968_,33.832,33.832
cluster_1,_24969_,33.832,33.832
cluster_1,_24970_,33.832,33.832
cluster_1,_24971_,33.832,33.832
cluster_1,_24963_,33.832,33.832
cluster_1,_24895_,33.832,33.832
cluster_1,_24733_,33.832,33.832
cluster_1,sa23_sr[3]$_DFF_P_,33.832,33.832
cluster_1,_20581_,33.832,33.832
cluster_1,_20596_,33.832,33.832
cluster_1,clone125,33.832,33.832
cluster_1,text_in_r[79]$_DFFE_PP_,33.832,33.832
cluster_1,text_in_r[78]$_DFFE_PP_,33.832,33.832
cluster_1,text_in_r[77]$_DFFE_PP_,33.832,33.832
cluster_1,text_in_r[76]$_DFFE_PP_,33.832,33.832
cluster_1,text_in_r[75]$_DFFE_PP_,33.832,33.832
cluster_1,text_in_r[73]$_DFFE_PP_,33.832,33.832
cluster_1,text_in_r[72]$_DFFE_PP_,33.832,33.832
cluster_1,_19110_,33.832,33.832
cluster_1,sa23_sr[0]$_DFF_P_,33.832,33.832
cluster_1,sa23_sr[1]$_DFF_P_,33.832,33.832
cluster_1,sa23_sr[2]$_DFF_P_,33.832,33.832
cluster_1,sa23_sr[4]$_DFF_P_,33.832,33.832
cluster_1,sa23_sr[5]$_DFF_P_,33.832,33.832
cluster_1,sa23_sr[6]$_DFF_P_,33.832,33.832
cluster_1,sa23_sr[7]$_DFF_P_,33.832,33.832
cluster_1,_18451_,33.832,33.832
cluster_1,_18468_,33.832,33.832
cluster_1,_18409_,33.832,33.832
cluster_1,_20555_,33.832,33.832
cluster_1,input227,33.832,33.832
cluster_1,_24734_,33.832,33.832
cluster_1,input230,33.832,33.832
cluster_1,_20534_,33.832,33.832
cluster_1,_21876_,33.832,33.832
cluster_1,input228,33.832,33.832
cluster_1,_20518_,33.832,33.832
cluster_1,_29483_,33.832,33.832
cluster_1,_29481_,33.832,33.832
cluster_1,_29480_,33.832,33.832
cluster_1,_29479_,33.832,33.832
cluster_1,_29478_,33.832,33.832
cluster_1,_29476_,33.832,33.832
cluster_1,_29475_,33.832,33.832
cluster_1,_21869_,33.832,33.832
cluster_1,_21919_,33.832,33.832
cluster_1,_21920_,33.832,33.832
cluster_1,_20491_,33.832,33.832
cluster_1,_20467_,33.832,33.832
cluster_1,input231,33.832,33.832
cluster_1,_20452_,33.832,33.832
cluster_1,input234,33.832,33.832
cluster_1,input233,33.832,33.832
cluster_1,_29471_,33.832,33.832
cluster_1,input232,33.832,33.832
cluster_2,_18798_,33.769,33.769
cluster_2,_18799_,33.769,33.769
cluster_2,_18800_,33.769,33.769
cluster_2,_18801_,33.769,33.769
cluster_2,_18802_,33.769,33.769
cluster_2,_18803_,33.769,33.769
cluster_2,_18806_,33.769,33.769
cluster_2,_18805_,33.769,33.769
cluster_2,_18778_,33.769,33.769
cluster_2,_18807_,33.769,33.769
cluster_2,_18808_,33.769,33.769
cluster_2,_18809_,33.769,33.769
cluster_2,_18810_,33.769,33.769
cluster_2,_18811_,33.769,33.769
cluster_2,_18812_,33.769,33.769
cluster_2,_18804_,33.769,33.769
cluster_2,_18797_,33.769,33.769
cluster_2,_18793_,33.769,33.769
cluster_2,_18795_,33.769,33.769
cluster_2,_18813_,33.769,33.769
cluster_2,_18779_,33.769,33.769
cluster_2,_18780_,33.769,33.769
cluster_2,_18781_,33.769,33.769
cluster_2,_18782_,33.769,33.769
cluster_2,_18783_,33.769,33.769
cluster_2,_18784_,33.769,33.769
cluster_2,_18796_,33.769,33.769
cluster_2,_18785_,33.769,33.769
cluster_2,_18787_,33.769,33.769
cluster_2,_18788_,33.769,33.769
cluster_2,_18789_,33.769,33.769
cluster_2,_18790_,33.769,33.769
cluster_2,_18791_,33.769,33.769
cluster_2,_18792_,33.769,33.769
cluster_2,_18794_,33.769,33.769
cluster_2,_18786_,33.769,33.769
cluster_2,_18323_,33.769,33.769
cluster_2,_18835_,33.769,33.769
cluster_2,_18815_,33.769,33.769
cluster_2,_18837_,33.769,33.769
cluster_2,_18838_,33.769,33.769
cluster_2,_18839_,33.769,33.769
cluster_2,_18840_,33.769,33.769
cluster_2,_18841_,33.769,33.769
cluster_2,_18842_,33.769,33.769
cluster_2,_18843_,33.769,33.769
cluster_2,_18836_,33.769,33.769
cluster_2,_18844_,33.769,33.769
cluster_2,_18846_,33.769,33.769
cluster_2,_18847_,33.769,33.769
cluster_2,_18848_,33.769,33.769
cluster_2,_18849_,33.769,33.769
cluster_2,_18850_,33.769,33.769
cluster_2,_18851_,33.769,33.769
cluster_2,_18852_,33.769,33.769
cluster_2,_18845_,33.769,33.769
cluster_2,_18777_,33.769,33.769
cluster_2,_18834_,33.769,33.769
cluster_2,_18833_,33.769,33.769
cluster_2,_18816_,33.769,33.769
cluster_2,_18817_,33.769,33.769
cluster_2,_18818_,33.769,33.769
cluster_2,_18819_,33.769,33.769
cluster_2,_18820_,33.769,33.769
cluster_2,_18821_,33.769,33.769
cluster_2,_18822_,33.769,33.769
cluster_2,_18823_,33.769,33.769
cluster_2,_18824_,33.769,33.769
cluster_2,_18825_,33.769,33.769
cluster_2,_18826_,33.769,33.769
cluster_2,_18827_,33.769,33.769
cluster_2,_18828_,33.769,33.769
cluster_2,_18829_,33.769,33.769
cluster_2,_18830_,33.769,33.769
cluster_2,_18831_,33.769,33.769
cluster_2,_18832_,33.769,33.769
cluster_2,_18814_,33.769,33.769
cluster_2,_18776_,33.769,33.769
cluster_2,_18753_,33.769,33.769
cluster_2,_18774_,33.769,33.769
cluster_2,_18716_,33.769,33.769
cluster_2,_18717_,33.769,33.769
cluster_2,_18718_,33.769,33.769
cluster_2,_18719_,33.769,33.769
cluster_2,_18720_,33.769,33.769
cluster_2,_18721_,33.769,33.769
cluster_2,_18722_,33.769,33.769
cluster_2,_18715_,33.769,33.769
cluster_2,_18723_,33.769,33.769
cluster_2,_18725_,33.769,33.769
cluster_2,_18726_,33.769,33.769
cluster_2,_18727_,33.769,33.769
cluster_2,_18728_,33.769,33.769
cluster_2,_18729_,33.769,33.769
cluster_2,_18730_,33.769,33.769
cluster_2,_18731_,33.769,33.769
cluster_2,_18724_,33.769,33.769
cluster_2,_18732_,33.769,33.769
cluster_2,_18714_,33.769,33.769
cluster_2,_18712_,33.769,33.769
cluster_2,_18696_,33.769,33.769
cluster_2,_18697_,33.769,33.769
cluster_2,_18698_,33.769,33.769
cluster_2,_18699_,33.769,33.769
cluster_2,_18700_,33.769,33.769
cluster_2,_18701_,33.769,33.769
cluster_2,_18702_,33.769,33.769
cluster_2,_18713_,33.769,33.769
cluster_2,_18703_,33.769,33.769
cluster_2,_18705_,33.769,33.769
cluster_2,_18706_,33.769,33.769
cluster_2,_18707_,33.769,33.769
cluster_2,_18708_,33.769,33.769
cluster_2,_18709_,33.769,33.769
cluster_2,_18710_,33.769,33.769
cluster_2,_18711_,33.769,33.769
cluster_2,_18704_,33.769,33.769
cluster_2,_18733_,33.769,33.769
cluster_2,_18734_,33.769,33.769
cluster_2,_18736_,33.769,33.769
cluster_2,_18758_,33.769,33.769
cluster_2,_18759_,33.769,33.769
cluster_2,_18760_,33.769,33.769
cluster_2,_18761_,33.769,33.769
cluster_2,_18762_,33.769,33.769
cluster_2,_18763_,33.769,33.769
cluster_2,_18764_,33.769,33.769
cluster_2,_18757_,33.769,33.769
cluster_2,_18765_,33.769,33.769
cluster_2,_18767_,33.769,33.769
cluster_2,_18768_,33.769,33.769
cluster_2,_18769_,33.769,33.769
cluster_2,_18770_,33.769,33.769
cluster_2,_18771_,33.769,33.769
cluster_2,_18772_,33.769,33.769
cluster_2,_18773_,33.769,33.769
cluster_2,_18766_,33.769,33.769
cluster_2,_18756_,33.769,33.769
cluster_2,_18755_,33.769,33.769
cluster_2,_18754_,33.769,33.769
cluster_2,_18737_,33.769,33.769
cluster_2,_18738_,33.769,33.769
cluster_2,_18739_,33.769,33.769
cluster_2,_18740_,33.769,33.769
cluster_2,_18741_,33.769,33.769
cluster_2,_18742_,33.769,33.769
cluster_2,_18743_,33.769,33.769
cluster_2,_18744_,33.769,33.769
cluster_2,_18745_,33.769,33.769
cluster_2,_18746_,33.769,33.769
cluster_2,_18747_,33.769,33.769
cluster_2,_18748_,33.769,33.769
cluster_2,_18749_,33.769,33.769
cluster_2,_18750_,33.769,33.769
cluster_2,_18751_,33.769,33.769
cluster_2,_18752_,33.769,33.769
cluster_2,_18853_,33.769,33.769
cluster_2,_18775_,33.769,33.769
cluster_2,_18854_,33.769,33.769
cluster_2,_18878_,33.769,33.769
cluster_2,_18856_,33.769,33.769
cluster_2,_18958_,33.769,33.769
cluster_2,_18959_,33.769,33.769
cluster_2,_18960_,33.769,33.769
cluster_2,_18961_,33.769,33.769
cluster_2,_18962_,33.769,33.769
cluster_2,_18963_,33.769,33.769
cluster_2,_18964_,33.769,33.769
cluster_2,_18957_,33.769,33.769
cluster_2,_18965_,33.769,33.769
cluster_2,_18967_,33.769,33.769
cluster_2,_18968_,33.769,33.769
cluster_2,_18969_,33.769,33.769
cluster_2,_18970_,33.769,33.769
cluster_2,_18971_,33.769,33.769
cluster_2,_18972_,33.769,33.769
cluster_2,_18973_,33.769,33.769
cluster_2,_18966_,33.769,33.769
cluster_2,_18974_,33.769,33.769
cluster_2,_18956_,33.769,33.769
cluster_2,_18954_,33.769,33.769
cluster_2,_18938_,33.769,33.769
cluster_2,_18939_,33.769,33.769
cluster_2,_18940_,33.769,33.769
cluster_2,_18941_,33.769,33.769
cluster_2,_18942_,33.769,33.769
cluster_2,_18943_,33.769,33.769
cluster_2,_18944_,33.769,33.769
cluster_2,_18955_,33.769,33.769
cluster_2,_18945_,33.769,33.769
cluster_2,_18947_,33.769,33.769
cluster_2,_18948_,33.769,33.769
cluster_2,_18949_,33.769,33.769
cluster_2,_18950_,33.769,33.769
cluster_2,_18951_,33.769,33.769
cluster_2,_18952_,33.769,33.769
cluster_2,_18953_,33.769,33.769
cluster_2,_18946_,33.769,33.769
cluster_2,_18937_,33.769,33.769
cluster_2,_18975_,33.769,33.769
cluster_2,_18977_,33.769,33.769
cluster_2,_18998_,33.769,33.769
cluster_2,_18999_,33.769,33.769
cluster_2,_19000_,33.769,33.769
cluster_2,_19001_,33.769,33.769
cluster_2,_19002_,33.769,33.769
cluster_2,_19003_,33.769,33.769
cluster_2,_19004_,33.769,33.769
cluster_2,_18997_,33.769,33.769
cluster_2,_19005_,33.769,33.769
cluster_2,_19007_,33.769,33.769
cluster_2,_19008_,33.769,33.769
cluster_2,_19009_,33.769,33.769
cluster_2,_19010_,33.769,33.769
cluster_2,clone7,33.769,33.769
cluster_2,sa00_sr[1]$_DFF_P_,33.769,33.769
cluster_2,sa00_sr[0]$_DFF_P_,33.769,33.769
cluster_2,_19006_,33.769,33.769
cluster_2,_18976_,33.769,33.769
cluster_2,_18996_,33.769,33.769
cluster_2,_18994_,33.769,33.769
cluster_2,_18978_,33.769,33.769
cluster_2,_18979_,33.769,33.769
cluster_2,_18980_,33.769,33.769
cluster_2,_18981_,33.769,33.769
cluster_2,_18982_,33.769,33.769
cluster_2,_18983_,33.769,33.769
cluster_2,_18984_,33.769,33.769
cluster_2,_18995_,33.769,33.769
cluster_2,_18985_,33.769,33.769
cluster_2,_18987_,33.769,33.769
cluster_2,_18988_,33.769,33.769
cluster_2,_18989_,33.769,33.769
cluster_2,_18990_,33.769,33.769
cluster_2,_18991_,33.769,33.769
cluster_2,_18992_,33.769,33.769
cluster_2,_18993_,33.769,33.769
cluster_2,_18986_,33.769,33.769
cluster_2,_18936_,33.769,33.769
cluster_2,_18935_,33.769,33.769
cluster_2,_18934_,33.769,33.769
cluster_2,_18877_,33.769,33.769
cluster_2,_18695_,33.769,33.769
cluster_2,_18879_,33.769,33.769
cluster_2,_18880_,33.769,33.769
cluster_2,_18881_,33.769,33.769
cluster_2,_18882_,33.769,33.769
cluster_2,_18883_,33.769,33.769
cluster_2,_18876_,33.769,33.769
cluster_2,_18884_,33.769,33.769
cluster_2,_18886_,33.769,33.769
cluster_2,_18887_,33.769,33.769
cluster_2,_18888_,33.769,33.769
cluster_2,_18889_,33.769,33.769
cluster_2,_18890_,33.769,33.769
cluster_2,_18891_,33.769,33.769
cluster_2,_18892_,33.769,33.769
cluster_2,_18885_,33.769,33.769
cluster_2,_18893_,33.769,33.769
cluster_2,_18875_,33.769,33.769
cluster_2,_18873_,33.769,33.769
cluster_2,_18857_,33.769,33.769
cluster_2,_18858_,33.769,33.769
cluster_2,_18859_,33.769,33.769
cluster_2,_18860_,33.769,33.769
cluster_2,_18861_,33.769,33.769
cluster_2,_18862_,33.769,33.769
cluster_2,_18863_,33.769,33.769
cluster_2,_18874_,33.769,33.769
cluster_2,_18864_,33.769,33.769
cluster_2,_18866_,33.769,33.769
cluster_2,_18867_,33.769,33.769
cluster_2,_18868_,33.769,33.769
cluster_2,_18869_,33.769,33.769
cluster_2,_18870_,33.769,33.769
cluster_2,_18871_,33.769,33.769
cluster_2,_18872_,33.769,33.769
cluster_2,_18865_,33.769,33.769
cluster_2,_18894_,33.769,33.769
cluster_2,_18895_,33.769,33.769
cluster_2,_18896_,33.769,33.769
cluster_2,_18918_,33.769,33.769
cluster_2,_18919_,33.769,33.769
cluster_2,_18920_,33.769,33.769
cluster_2,_18921_,33.769,33.769
cluster_2,_18922_,33.769,33.769
cluster_2,_18923_,33.769,33.769
cluster_2,_18924_,33.769,33.769
cluster_2,_18917_,33.769,33.769
cluster_2,_18925_,33.769,33.769
cluster_2,_18927_,33.769,33.769
cluster_2,_18928_,33.769,33.769
cluster_2,_18929_,33.769,33.769
cluster_2,_18930_,33.769,33.769
cluster_2,_18931_,33.769,33.769
cluster_2,_18932_,33.769,33.769
cluster_2,_18933_,33.769,33.769
cluster_2,_18926_,33.769,33.769
cluster_2,_18916_,33.769,33.769
cluster_2,_18915_,33.769,33.769
cluster_2,_18914_,33.769,33.769
cluster_2,_18897_,33.769,33.769
cluster_2,_18898_,33.769,33.769
cluster_2,_18899_,33.769,33.769
cluster_2,_18900_,33.769,33.769
cluster_2,_18901_,33.769,33.769
cluster_2,_18902_,33.769,33.769
cluster_2,_18903_,33.769,33.769
cluster_2,_18904_,33.769,33.769
cluster_2,_18905_,33.769,33.769
cluster_2,_18906_,33.769,33.769
cluster_2,_18907_,33.769,33.769
cluster_2,_18908_,33.769,33.769
cluster_2,_18909_,33.769,33.769
cluster_2,_18910_,33.769,33.769
cluster_2,_18911_,33.769,33.769
cluster_2,_18912_,33.769,33.769
cluster_2,_18913_,33.769,33.769
cluster_2,_18855_,33.769,33.769
cluster_2,_18694_,33.769,33.769
cluster_2,_18692_,33.769,33.769
cluster_2,_18324_,33.769,33.769
cluster_2,_18426_,33.769,33.769
cluster_2,_18427_,33.769,33.769
cluster_2,_18430_,33.769,33.769
cluster_2,_18431_,33.769,33.769
cluster_2,_18432_,33.769,33.769
cluster_2,_18433_,33.769,33.769
cluster_2,_18434_,33.769,33.769
cluster_2,_18435_,33.769,33.769
cluster_2,_18425_,33.769,33.769
cluster_2,_18436_,33.769,33.769
cluster_2,_18438_,33.769,33.769
cluster_2,_18439_,33.769,33.769
cluster_2,_18440_,33.769,33.769
cluster_2,_18441_,33.769,33.769
cluster_2,_18442_,33.769,33.769
cluster_2,_18443_,33.769,33.769
cluster_2,_18447_,33.769,33.769
cluster_2,_18448_,33.769,33.769
cluster_2,split122,33.769,33.769
cluster_2,_18424_,33.769,33.769
cluster_2,_18423_,33.769,33.769
cluster_2,_18422_,33.769,33.769
cluster_2,_18401_,33.769,33.769
cluster_2,_18402_,33.769,33.769
cluster_2,_18403_,33.769,33.769
cluster_2,_18404_,33.769,33.769
cluster_2,_18405_,33.769,33.769
cluster_2,_18406_,33.769,33.769
cluster_2,_18407_,33.769,33.769
cluster_2,_18408_,33.769,33.769
cluster_2,_18410_,33.769,33.769
cluster_2,_18412_,33.769,33.769
cluster_2,_18413_,33.769,33.769
cluster_2,_18414_,33.769,33.769
cluster_2,_18415_,33.769,33.769
cluster_2,_18416_,33.769,33.769
cluster_2,_18417_,33.769,33.769
cluster_2,_18418_,33.769,33.769
cluster_2,_18419_,33.769,33.769
cluster_2,_18420_,33.769,33.769
cluster_2,_18421_,33.769,33.769
cluster_2,_18449_,33.769,33.769
cluster_2,_18450_,33.769,33.769
cluster_2,_18452_,33.769,33.769
cluster_2,_18453_,33.769,33.769
cluster_2,_18489_,33.769,33.769
cluster_2,_18490_,33.769,33.769
cluster_2,_18491_,33.769,33.769
cluster_2,_18492_,33.769,33.769
cluster_2,_18493_,33.769,33.769
cluster_2,_18494_,33.769,33.769
cluster_2,_18495_,33.769,33.769
cluster_2,_18496_,33.769,33.769
cluster_2,_18497_,33.769,33.769
cluster_2,_18498_,33.769,33.769
cluster_2,_18499_,33.769,33.769
cluster_2,_18500_,33.769,33.769
cluster_2,_18501_,33.769,33.769
cluster_2,_18502_,33.769,33.769
cluster_2,_18503_,33.769,33.769
cluster_2,_18504_,33.769,33.769
cluster_2,_18505_,33.769,33.769
cluster_2,_18506_,33.769,33.769
cluster_2,_18507_,33.769,33.769
cluster_2,_18486_,33.769,33.769
cluster_2,_18400_,33.769,33.769
cluster_2,_18485_,33.769,33.769
cluster_2,_18482_,33.769,33.769
cluster_2,_18455_,33.769,33.769
cluster_2,_18456_,33.769,33.769
cluster_2,_18457_,33.769,33.769
cluster_2,_18461_,33.769,33.769
cluster_2,_18463_,33.769,33.769
cluster_2,_18464_,33.769,33.769
cluster_2,_18465_,33.769,33.769
cluster_2,_18466_,33.769,33.769
cluster_2,_18467_,33.769,33.769
cluster_2,_18469_,33.769,33.769
cluster_2,_18470_,33.769,33.769
cluster_2,_18471_,33.769,33.769
cluster_2,_18474_,33.769,33.769
cluster_2,_18475_,33.769,33.769
cluster_2,_18476_,33.769,33.769
cluster_2,_18477_,33.769,33.769
cluster_2,_18478_,33.769,33.769
cluster_2,_18479_,33.769,33.769
cluster_2,_18481_,33.769,33.769
cluster_2,_18484_,33.769,33.769
cluster_2,_18399_,33.769,33.769
cluster_2,_18398_,33.769,33.769
cluster_2,_18397_,33.769,33.769
cluster_2,_18287_,33.769,33.769
cluster_2,_18286_,33.769,33.769
cluster_2,_18285_,33.769,33.769
cluster_2,_18279_,33.769,33.769
cluster_2,_18278_,33.769,33.769
cluster_2,_18277_,33.769,33.769
cluster_2,_18276_,33.769,33.769
cluster_2,clone36,33.769,33.769
cluster_2,_18272_,33.769,33.769
cluster_2,_18268_,33.769,33.769
cluster_2,_18266_,33.769,33.769
cluster_2,_18265_,33.769,33.769
cluster_2,_18264_,33.769,33.769
cluster_2,_18257_,33.769,33.769
cluster_2,_18325_,33.769,33.769
cluster_2,_18328_,33.769,33.769
cluster_2,_18329_,33.769,33.769
cluster_2,_18332_,33.769,33.769
cluster_2,_18333_,33.769,33.769
cluster_2,_18288_,33.769,33.769
cluster_2,_18334_,33.769,33.769
cluster_2,_18289_,33.769,33.769
cluster_2,_18291_,33.769,33.769
cluster_2,_18322_,33.769,33.769
cluster_2,_18321_,33.769,33.769
cluster_2,_18320_,33.769,33.769
cluster_2,_18318_,33.769,33.769
cluster_2,_18315_,33.769,33.769
cluster_2,_18314_,33.769,33.769
cluster_2,_18313_,33.769,33.769
cluster_2,_18310_,33.769,33.769
cluster_2,_18309_,33.769,33.769
cluster_2,_18307_,33.769,33.769
cluster_2,_18306_,33.769,33.769
cluster_2,_18305_,33.769,33.769
cluster_2,_18303_,33.769,33.769
cluster_2,_18302_,33.769,33.769
cluster_2,sa00_sr[2]$_DFF_P_,33.769,33.769
cluster_2,_18297_,33.769,33.769
cluster_2,clone37,33.769,33.769
cluster_2,_18293_,33.769,33.769
cluster_2,_18292_,33.769,33.769
cluster_2,_18290_,33.769,33.769
cluster_2,_18508_,33.769,33.769
cluster_2,_18335_,33.769,33.769
cluster_2,_18337_,33.769,33.769
cluster_2,_18366_,33.769,33.769
cluster_2,_18370_,33.769,33.769
cluster_2,_18371_,33.769,33.769
cluster_2,_18372_,33.769,33.769
cluster_2,_18373_,33.769,33.769
cluster_2,_18374_,33.769,33.769
cluster_2,_18375_,33.769,33.769
cluster_2,_18376_,33.769,33.769
cluster_2,_18377_,33.769,33.769
cluster_2,_18378_,33.769,33.769
cluster_2,_18379_,33.769,33.769
cluster_2,_18380_,33.769,33.769
cluster_2,_18381_,33.769,33.769
cluster_2,_18386_,33.769,33.769
cluster_2,_18388_,33.769,33.769
cluster_2,_18389_,33.769,33.769
cluster_2,_18390_,33.769,33.769
cluster_2,_18391_,33.769,33.769
cluster_2,_18394_,33.769,33.769
cluster_2,_18365_,33.769,33.769
cluster_2,_18336_,33.769,33.769
cluster_2,_18362_,33.769,33.769
cluster_2,_18357_,33.769,33.769
cluster_2,_18338_,33.769,33.769
cluster_2,_18339_,33.769,33.769
cluster_2,_18340_,33.769,33.769
cluster_2,_18341_,33.769,33.769
cluster_2,_18342_,33.769,33.769
cluster_2,_18343_,33.769,33.769
cluster_2,_18344_,33.769,33.769
cluster_2,_18345_,33.769,33.769
cluster_2,_18346_,33.769,33.769
cluster_2,_18347_,33.769,33.769
cluster_2,_18348_,33.769,33.769
cluster_2,_18349_,33.769,33.769
cluster_2,_18350_,33.769,33.769
cluster_2,_18351_,33.769,33.769
cluster_2,_18352_,33.769,33.769
cluster_2,_18353_,33.769,33.769
cluster_2,_18354_,33.769,33.769
cluster_2,_18355_,33.769,33.769
cluster_2,_18356_,33.769,33.769
cluster_2,_18358_,33.769,33.769
cluster_2,_18693_,33.769,33.769
cluster_2,_18509_,33.769,33.769
cluster_2,_18511_,33.769,33.769
cluster_2,_18628_,33.769,33.769
cluster_2,_18629_,33.769,33.769
cluster_2,_18630_,33.769,33.769
cluster_2,_18631_,33.769,33.769
cluster_2,_18632_,33.769,33.769
cluster_2,_18633_,33.769,33.769
cluster_2,_18634_,33.769,33.769
cluster_2,_18635_,33.769,33.769
cluster_2,_18627_,33.769,33.769
cluster_2,_18636_,33.769,33.769
cluster_2,_18638_,33.769,33.769
cluster_2,_18639_,33.769,33.769
cluster_2,_18640_,33.769,33.769
cluster_2,_18641_,33.769,33.769
cluster_2,_18642_,33.769,33.769
cluster_2,_18643_,33.769,33.769
cluster_2,_18644_,33.769,33.769
cluster_2,_18645_,33.769,33.769
cluster_2,_18637_,33.769,33.769
cluster_2,_18626_,33.769,33.769
cluster_2,_18625_,33.769,33.769
cluster_2,_18624_,33.769,33.769
cluster_2,_18604_,33.769,33.769
cluster_2,_18606_,33.769,33.769
cluster_2,_18607_,33.769,33.769
cluster_2,_18608_,33.769,33.769
cluster_2,_18609_,33.769,33.769
cluster_2,_18610_,33.769,33.769
cluster_2,_18611_,33.769,33.769
cluster_2,_18612_,33.769,33.769
cluster_2,_18613_,33.769,33.769
cluster_2,_18614_,33.769,33.769
cluster_2,_18615_,33.769,33.769
cluster_2,_18616_,33.769,33.769
cluster_2,_18617_,33.769,33.769
cluster_2,_18618_,33.769,33.769
cluster_2,_18619_,33.769,33.769
cluster_2,_18620_,33.769,33.769
cluster_2,_18621_,33.769,33.769
cluster_2,_18622_,33.769,33.769
cluster_2,_18623_,33.769,33.769
cluster_2,_18646_,33.769,33.769
cluster_2,_18647_,33.769,33.769
cluster_2,_18648_,33.769,33.769
cluster_2,_18649_,33.769,33.769
cluster_2,_18673_,33.769,33.769
cluster_2,_18674_,33.769,33.769
cluster_2,_18675_,33.769,33.769
cluster_2,_18676_,33.769,33.769
cluster_2,_18677_,33.769,33.769
cluster_2,_18678_,33.769,33.769
cluster_2,_18679_,33.769,33.769
cluster_2,_18680_,33.769,33.769
cluster_2,_18681_,33.769,33.769
cluster_2,_18682_,33.769,33.769
cluster_2,_18683_,33.769,33.769
cluster_2,_18684_,33.769,33.769
cluster_2,_18685_,33.769,33.769
cluster_2,_18686_,33.769,33.769
cluster_2,_18687_,33.769,33.769
cluster_2,_18688_,33.769,33.769
cluster_2,_18689_,33.769,33.769
cluster_2,_18690_,33.769,33.769
cluster_2,_18691_,33.769,33.769
cluster_2,_18672_,33.769,33.769
cluster_2,_18603_,33.769,33.769
cluster_2,_18671_,33.769,33.769
cluster_2,_18669_,33.769,33.769
cluster_2,_18650_,33.769,33.769
cluster_2,_18651_,33.769,33.769
cluster_2,_18652_,33.769,33.769
cluster_2,_18653_,33.769,33.769
cluster_2,_18654_,33.769,33.769
cluster_2,_18655_,33.769,33.769
cluster_2,_18656_,33.769,33.769
cluster_2,_18657_,33.769,33.769
cluster_2,_18658_,33.769,33.769
cluster_2,_18659_,33.769,33.769
cluster_2,_18660_,33.769,33.769
cluster_2,_18661_,33.769,33.769
cluster_2,_18662_,33.769,33.769
cluster_2,_18663_,33.769,33.769
cluster_2,_18664_,33.769,33.769
cluster_2,_18665_,33.769,33.769
cluster_2,_18666_,33.769,33.769
cluster_2,_18667_,33.769,33.769
cluster_2,_18668_,33.769,33.769
cluster_2,_18670_,33.769,33.769
cluster_2,_18602_,33.769,33.769
cluster_2,_18601_,33.769,33.769
cluster_2,_18600_,33.769,33.769
cluster_2,_18535_,33.769,33.769
cluster_2,_18536_,33.769,33.769
cluster_2,_18537_,33.769,33.769
cluster_2,_18538_,33.769,33.769
cluster_2,_18539_,33.769,33.769
cluster_2,_18540_,33.769,33.769
cluster_2,_18541_,33.769,33.769
cluster_2,_18542_,33.769,33.769
cluster_2,_18543_,33.769,33.769
cluster_2,_18544_,33.769,33.769
cluster_2,_18545_,33.769,33.769
cluster_2,_18546_,33.769,33.769
cluster_2,_18547_,33.769,33.769
cluster_2,_18548_,33.769,33.769
cluster_2,_18549_,33.769,33.769
cluster_2,_18550_,33.769,33.769
cluster_2,_18551_,33.769,33.769
cluster_2,_18552_,33.769,33.769
cluster_2,_18553_,33.769,33.769
cluster_2,_18534_,33.769,33.769
cluster_2,_18554_,33.769,33.769
cluster_2,_18533_,33.769,33.769
cluster_2,_18531_,33.769,33.769
cluster_2,_18512_,33.769,33.769
cluster_2,_18513_,33.769,33.769
cluster_2,_18514_,33.769,33.769
cluster_2,_18515_,33.769,33.769
cluster_2,_18516_,33.769,33.769
cluster_2,_18517_,33.769,33.769
cluster_2,_18518_,33.769,33.769
cluster_2,_18519_,33.769,33.769
cluster_2,_18520_,33.769,33.769
cluster_2,_18521_,33.769,33.769
cluster_2,_18522_,33.769,33.769
cluster_2,_18523_,33.769,33.769
cluster_2,_18524_,33.769,33.769
cluster_2,_18525_,33.769,33.769
cluster_2,_18526_,33.769,33.769
cluster_2,_18527_,33.769,33.769
cluster_2,_18528_,33.769,33.769
cluster_2,_18529_,33.769,33.769
cluster_2,_18530_,33.769,33.769
cluster_2,_18532_,33.769,33.769
cluster_2,_18510_,33.769,33.769
cluster_2,_18555_,33.769,33.769
cluster_2,_18557_,33.769,33.769
cluster_2,_18581_,33.769,33.769
cluster_2,_18582_,33.769,33.769
cluster_2,_18583_,33.769,33.769
cluster_2,_18584_,33.769,33.769
cluster_2,_18585_,33.769,33.769
cluster_2,_18586_,33.769,33.769
cluster_2,_18587_,33.769,33.769
cluster_2,_18588_,33.769,33.769
cluster_2,_18589_,33.769,33.769
cluster_2,split93,33.769,33.769
cluster_2,_18591_,33.769,33.769
cluster_2,_18592_,33.769,33.769
cluster_2,_18593_,33.769,33.769
cluster_2,_18594_,33.769,33.769
cluster_2,_18595_,33.769,33.769
cluster_2,_18596_,33.769,33.769
cluster_2,_18597_,33.769,33.769
cluster_2,_18598_,33.769,33.769
cluster_2,_18599_,33.769,33.769
cluster_2,_18580_,33.769,33.769
cluster_2,_18556_,33.769,33.769
cluster_2,_18579_,33.769,33.769
cluster_2,_18577_,33.769,33.769
cluster_2,_18558_,33.769,33.769
cluster_2,_18559_,33.769,33.769
cluster_2,_18560_,33.769,33.769
cluster_2,_18561_,33.769,33.769
cluster_2,_18562_,33.769,33.769
cluster_2,_18563_,33.769,33.769
cluster_2,_18564_,33.769,33.769
cluster_2,_18565_,33.769,33.769
cluster_2,_18566_,33.769,33.769
cluster_2,_18567_,33.769,33.769
cluster_2,_18568_,33.769,33.769
cluster_2,_18569_,33.769,33.769
cluster_2,_18570_,33.769,33.769
cluster_2,_18571_,33.769,33.769
cluster_2,_18572_,33.769,33.769
cluster_2,_18573_,33.769,33.769
cluster_2,_18574_,33.769,33.769
cluster_2,_18575_,33.769,33.769
cluster_2,_18576_,33.769,33.769
cluster_2,_18578_,33.769,33.769
cluster_2,_18735_,33.769,33.769
cluster_2,_18605_,33.769,33.769
cluster_2,_29617_,33.769,33.769
cluster_2,_29616_,33.769,33.769
cluster_2,_29618_,33.769,33.769
cluster_2,_29401_,33.769,33.769
cluster_2,_29400_,33.769,33.769
cluster_2,sa00_sr[3]$_DFF_P_,33.769,33.769
cluster_2,_29399_,33.769,33.769
cluster_2,_29398_,33.769,33.769
cluster_2,_29397_,33.769,33.769
cluster_2,_29396_,33.769,33.769
cluster_2,input160,33.769,33.769
cluster_2,_29394_,33.769,33.769
cluster_2,input159,33.769,33.769
cluster_2,input158,33.769,33.769
cluster_2,input157,33.769,33.769
cluster_2,input156,33.769,33.769
cluster_2,input155,33.769,33.769
cluster_2,input154,33.769,33.769
cluster_2,input153,33.769,33.769
cluster_2,_29606_,33.769,33.769
cluster_2,_29615_,33.769,33.769
cluster_2,_29392_,33.769,33.769
cluster_2,_29614_,33.769,33.769
cluster_2,_29612_,33.769,33.769
cluster_2,_29607_,33.769,33.769
cluster_2,_29608_,33.769,33.769
cluster_2,_29609_,33.769,33.769
cluster_2,clone123,33.769,33.769
cluster_2,text_in_r[127]$_DFFE_PP_,33.769,33.769
cluster_2,text_in_r[126]$_DFFE_PP_,33.769,33.769
cluster_2,text_in_r[125]$_DFFE_PP_,33.769,33.769
cluster_2,text_in_r[124]$_DFFE_PP_,33.769,33.769
cluster_2,text_in_r[123]$_DFFE_PP_,33.769,33.769
cluster_2,_29613_,33.769,33.769
cluster_2,text_in_r[122]$_DFFE_PP_,33.769,33.769
cluster_2,sa00_sr[6]$_DFF_P_,33.769,33.769
cluster_2,sa00_sr[5]$_DFF_P_,33.769,33.769
cluster_2,sa00_sr[4]$_DFF_P_,33.769,33.769
cluster_2,text_in_r[121]$_DFFE_PP_,33.769,33.769
cluster_2,text_in_r[120]$_DFFE_PP_,33.769,33.769
cluster_2,_29610_,33.769,33.769
cluster_2,clone124,33.769,33.769
cluster_2,_29611_,33.769,33.769
cluster_2,sa00_sr[7]$_DFF_P_,33.769,33.769
cluster_2,_29395_,33.769,33.769
cluster_3,_28199_,33.265,33.265
cluster_3,sa33_sr[4]$_DFF_P_,33.265,33.265
cluster_3,_28197_,33.265,33.265
cluster_3,_28196_,33.265,33.265
cluster_3,_28200_,33.265,33.265
cluster_3,_28198_,33.265,33.265
cluster_3,_28201_,33.265,33.265
cluster_3,_28212_,33.265,33.265
cluster_3,_28203_,33.265,33.265
cluster_3,_28204_,33.265,33.265
cluster_3,_28205_,33.265,33.265
cluster_3,_28206_,33.265,33.265
cluster_3,_28207_,33.265,33.265
cluster_3,_28208_,33.265,33.265
cluster_3,_28209_,33.265,33.265
cluster_3,_28210_,33.265,33.265
cluster_3,_28211_,33.265,33.265
cluster_3,_28195_,33.265,33.265
cluster_3,_28213_,33.265,33.265
cluster_3,_28202_,33.265,33.265
cluster_3,_28194_,33.265,33.265
cluster_3,_28181_,33.265,33.265
cluster_3,_28192_,33.265,33.265
cluster_3,_28173_,33.265,33.265
cluster_3,_28172_,33.265,33.265
cluster_3,_28171_,33.265,33.265
cluster_3,_28170_,33.265,33.265
cluster_3,_28169_,33.265,33.265
cluster_3,_28168_,33.265,33.265
cluster_3,_28174_,33.265,33.265
cluster_3,_28167_,33.265,33.265
cluster_3,_28165_,33.265,33.265
cluster_3,_28164_,33.265,33.265
cluster_3,_28163_,33.265,33.265
cluster_3,_28162_,33.265,33.265
cluster_3,_28161_,33.265,33.265
cluster_3,_28160_,33.265,33.265
cluster_3,_28166_,33.265,33.265
cluster_3,_28193_,33.265,33.265
cluster_3,_28175_,33.265,33.265
cluster_3,_28177_,33.265,33.265
cluster_3,_28191_,33.265,33.265
cluster_3,_28190_,33.265,33.265
cluster_3,_28189_,33.265,33.265
cluster_3,_28188_,33.265,33.265
cluster_3,_28187_,33.265,33.265
cluster_3,_28186_,33.265,33.265
cluster_3,_28176_,33.265,33.265
cluster_3,_28185_,33.265,33.265
cluster_3,_28183_,33.265,33.265
cluster_3,_28182_,33.265,33.265
cluster_3,_28214_,33.265,33.265
cluster_3,_28180_,33.265,33.265
cluster_3,_28179_,33.265,33.265
cluster_3,_28178_,33.265,33.265
cluster_3,_28184_,33.265,33.265
cluster_3,_28215_,33.265,33.265
cluster_3,_28222_,33.265,33.265
cluster_3,_28217_,33.265,33.265
cluster_3,_28254_,33.265,33.265
cluster_3,_28255_,33.265,33.265
cluster_3,_28256_,33.265,33.265
cluster_3,_28257_,33.265,33.265
cluster_3,_28258_,33.265,33.265
cluster_3,_28259_,33.265,33.265
cluster_3,_28260_,33.265,33.265
cluster_3,_28261_,33.265,33.265
cluster_3,_28262_,33.265,33.265
cluster_3,_28263_,33.265,33.265
cluster_3,_28264_,33.265,33.265
cluster_3,_28265_,33.265,33.265
cluster_3,_28266_,33.265,33.265
cluster_3,_28267_,33.265,33.265
cluster_3,_28268_,33.265,33.265
cluster_3,_28269_,33.265,33.265
cluster_3,_28270_,33.265,33.265
cluster_3,_28284_,33.265,33.265
cluster_3,_28283_,33.265,33.265
cluster_3,_28282_,33.265,33.265
cluster_3,_28281_,33.265,33.265
cluster_3,_28280_,33.265,33.265
cluster_3,_28279_,33.265,33.265
cluster_3,_28253_,33.265,33.265
cluster_3,_28278_,33.265,33.265
cluster_3,_28276_,33.265,33.265
cluster_3,_28275_,33.265,33.265
cluster_3,_28274_,33.265,33.265
cluster_3,_28273_,33.265,33.265
cluster_3,_28272_,33.265,33.265
cluster_3,_28271_,33.265,33.265
cluster_3,_28277_,33.265,33.265
cluster_3,_28216_,33.265,33.265
cluster_3,_28252_,33.265,33.265
cluster_3,_28250_,33.265,33.265
cluster_3,_28218_,33.265,33.265
cluster_3,_28219_,33.265,33.265
cluster_3,_28220_,33.265,33.265
cluster_3,_28221_,33.265,33.265
cluster_3,_28223_,33.265,33.265
cluster_3,_28224_,33.265,33.265
cluster_3,_28225_,33.265,33.265
cluster_3,_28226_,33.265,33.265
cluster_3,_28227_,33.265,33.265
cluster_3,_28228_,33.265,33.265
cluster_3,_28229_,33.265,33.265
cluster_3,_28230_,33.265,33.265
cluster_3,_28231_,33.265,33.265
cluster_3,_28232_,33.265,33.265
cluster_3,_28233_,33.265,33.265
cluster_3,_28234_,33.265,33.265
cluster_3,_28235_,33.265,33.265
cluster_3,_28249_,33.265,33.265
cluster_3,_28248_,33.265,33.265
cluster_3,_28247_,33.265,33.265
cluster_3,_28246_,33.265,33.265
cluster_3,_28245_,33.265,33.265
cluster_3,_28244_,33.265,33.265
cluster_3,_28251_,33.265,33.265
cluster_3,_28243_,33.265,33.265
cluster_3,_28241_,33.265,33.265
cluster_3,_28240_,33.265,33.265
cluster_3,_28239_,33.265,33.265
cluster_3,_28238_,33.265,33.265
cluster_3,_28237_,33.265,33.265
cluster_3,_28236_,33.265,33.265
cluster_3,_28242_,33.265,33.265
cluster_3,_28159_,33.265,33.265
cluster_3,_28148_,33.265,33.265
cluster_3,_28157_,33.265,33.265
cluster_3,_28061_,33.265,33.265
cluster_3,_28059_,33.265,33.265
cluster_3,sa33_sr[7]$_DFF_P_,33.265,33.265
cluster_3,_28058_,33.265,33.265
cluster_3,_28057_,33.265,33.265
cluster_3,_28056_,33.265,33.265
cluster_3,_28062_,33.265,33.265
cluster_3,_28055_,33.265,33.265
cluster_3,_28053_,33.265,33.265
cluster_3,_28052_,33.265,33.265
cluster_3,_28051_,33.265,33.265
cluster_3,_28050_,33.265,33.265
cluster_3,_28049_,33.265,33.265
cluster_3,_28048_,33.265,33.265
cluster_3,_28054_,33.265,33.265
cluster_3,_28063_,33.265,33.265
cluster_3,_28064_,33.265,33.265
cluster_3,_28065_,33.265,33.265
cluster_3,_28080_,33.265,33.265
cluster_3,_28079_,33.265,33.265
cluster_3,_28078_,33.265,33.265
cluster_3,_28077_,33.265,33.265
cluster_3,_28076_,33.265,33.265
cluster_3,_28075_,33.265,33.265
cluster_3,_28074_,33.265,33.265
cluster_3,_28073_,33.265,33.265
cluster_3,_28072_,33.265,33.265
cluster_3,_28071_,33.265,33.265
cluster_3,_28070_,33.265,33.265
cluster_3,clone159,33.265,33.265
cluster_3,_28068_,33.265,33.265
cluster_3,_28067_,33.265,33.265
cluster_3,_28066_,33.265,33.265
cluster_3,_28047_,33.265,33.265
cluster_3,_28046_,33.265,33.265
cluster_3,_28045_,33.265,33.265
cluster_3,_28044_,33.265,33.265
cluster_3,_28023_,33.265,33.265
cluster_3,_28022_,33.265,33.265
cluster_3,_28021_,33.265,33.265
cluster_3,_28020_,33.265,33.265
cluster_3,_28019_,33.265,33.265
cluster_3,sa33_sr[0]$_DFF_P_,33.265,33.265
cluster_3,sa33_sr[1]$_DFF_P_,33.265,33.265
cluster_3,sa33_sr[2]$_DFF_P_,33.265,33.265
cluster_3,sa33_sr[3]$_DFF_P_,33.265,33.265
cluster_3,_28018_,33.265,33.265
cluster_3,_19873_,33.265,33.265
cluster_3,text_in_r[33]$_DFFE_PP_,33.265,33.265
cluster_3,text_in_r[35]$_DFFE_PP_,33.265,33.265
cluster_3,text_in_r[36]$_DFFE_PP_,33.265,33.265
cluster_3,text_in_r[37]$_DFFE_PP_,33.265,33.265
cluster_3,_28024_,33.265,33.265
cluster_3,_28081_,33.265,33.265
cluster_3,_28025_,33.265,33.265
cluster_3,_28027_,33.265,33.265
cluster_3,_28043_,33.265,33.265
cluster_3,_28042_,33.265,33.265
cluster_3,_28041_,33.265,33.265
cluster_3,_28040_,33.265,33.265
cluster_3,_28039_,33.265,33.265
cluster_3,_28038_,33.265,33.265
cluster_3,_28036_,33.265,33.265
cluster_3,_28035_,33.265,33.265
cluster_3,_28034_,33.265,33.265
cluster_3,_28033_,33.265,33.265
cluster_3,_28032_,33.265,33.265
cluster_3,_28031_,33.265,33.265
cluster_3,_28030_,33.265,33.265
cluster_3,_28029_,33.265,33.265
cluster_3,_28028_,33.265,33.265
cluster_3,_28026_,33.265,33.265
cluster_3,_28082_,33.265,33.265
cluster_3,_28083_,33.265,33.265
cluster_3,_28084_,33.265,33.265
cluster_3,_28137_,33.265,33.265
cluster_3,_28136_,33.265,33.265
cluster_3,_28135_,33.265,33.265
cluster_3,_28134_,33.265,33.265
cluster_3,_28133_,33.265,33.265
cluster_3,_28132_,33.265,33.265
cluster_3,_28131_,33.265,33.265
cluster_3,_28130_,33.265,33.265
cluster_3,_28129_,33.265,33.265
cluster_3,_28128_,33.265,33.265
cluster_3,_28127_,33.265,33.265
cluster_3,_28126_,33.265,33.265
cluster_3,_28125_,33.265,33.265
cluster_3,_28124_,33.265,33.265
cluster_3,_28123_,33.265,33.265
cluster_3,_28138_,33.265,33.265
cluster_3,_28122_,33.265,33.265
cluster_3,_28139_,33.265,33.265
cluster_3,_28141_,33.265,33.265
cluster_3,_28156_,33.265,33.265
cluster_3,_28155_,33.265,33.265
cluster_3,_28154_,33.265,33.265
cluster_3,_28153_,33.265,33.265
cluster_3,_28152_,33.265,33.265
cluster_3,_28151_,33.265,33.265
cluster_3,_28150_,33.265,33.265
cluster_3,_28149_,33.265,33.265
cluster_3,_28285_,33.265,33.265
cluster_3,_28147_,33.265,33.265
cluster_3,_28146_,33.265,33.265
cluster_3,_28145_,33.265,33.265
cluster_3,_28144_,33.265,33.265
cluster_3,_28143_,33.265,33.265
cluster_3,_28142_,33.265,33.265
cluster_3,_28140_,33.265,33.265
cluster_3,_28158_,33.265,33.265
cluster_3,_28121_,33.265,33.265
cluster_3,_28119_,33.265,33.265
cluster_3,_28099_,33.265,33.265
cluster_3,_28098_,33.265,33.265
cluster_3,_28097_,33.265,33.265
cluster_3,_28096_,33.265,33.265
cluster_3,_28095_,33.265,33.265
cluster_3,_28094_,33.265,33.265
cluster_3,_28093_,33.265,33.265
cluster_3,_28092_,33.265,33.265
cluster_3,_28091_,33.265,33.265
cluster_3,_28090_,33.265,33.265
cluster_3,_28089_,33.265,33.265
cluster_3,_28088_,33.265,33.265
cluster_3,_28087_,33.265,33.265
cluster_3,_28086_,33.265,33.265
cluster_3,_28085_,33.265,33.265
cluster_3,_28100_,33.265,33.265
cluster_3,_28120_,33.265,33.265
cluster_3,_28101_,33.265,33.265
cluster_3,_28103_,33.265,33.265
cluster_3,_28118_,33.265,33.265
cluster_3,_28117_,33.265,33.265
cluster_3,_28116_,33.265,33.265
cluster_3,_28115_,33.265,33.265
cluster_3,_28114_,33.265,33.265
cluster_3,_28113_,33.265,33.265
cluster_3,_28112_,33.265,33.265
cluster_3,_28111_,33.265,33.265
cluster_3,_28110_,33.265,33.265
cluster_3,_28109_,33.265,33.265
cluster_3,_28108_,33.265,33.265
cluster_3,_28107_,33.265,33.265
cluster_3,_28106_,33.265,33.265
cluster_3,_28105_,33.265,33.265
cluster_3,_28104_,33.265,33.265
cluster_3,_28102_,33.265,33.265
cluster_3,_28286_,33.265,33.265
cluster_3,_28304_,33.265,33.265
cluster_3,_28288_,33.265,33.265
cluster_3,_28483_,33.265,33.265
cluster_3,_28482_,33.265,33.265
cluster_3,_28481_,33.265,33.265
cluster_3,_28480_,33.265,33.265
cluster_3,_28479_,33.265,33.265
cluster_3,_28478_,33.265,33.265
cluster_3,_28484_,33.265,33.265
cluster_3,_28477_,33.265,33.265
cluster_3,_28475_,33.265,33.265
cluster_3,_28474_,33.265,33.265
cluster_3,_28473_,33.265,33.265
cluster_3,_28472_,33.265,33.265
cluster_3,_28471_,33.265,33.265
cluster_3,_28470_,33.265,33.265
cluster_3,_28476_,33.265,33.265
cluster_3,_28469_,33.265,33.265
cluster_3,_28485_,33.265,33.265
cluster_3,_28487_,33.265,33.265
cluster_3,_28501_,33.265,33.265
cluster_3,_28500_,33.265,33.265
cluster_3,_28499_,33.265,33.265
cluster_3,_28498_,33.265,33.265
cluster_3,_28497_,33.265,33.265
cluster_3,_28496_,33.265,33.265
cluster_3,_28486_,33.265,33.265
cluster_3,_28495_,33.265,33.265
cluster_3,_28493_,33.265,33.265
cluster_3,_28492_,33.265,33.265
cluster_3,_28491_,33.265,33.265
cluster_3,_28490_,33.265,33.265
cluster_3,_28489_,33.265,33.265
cluster_3,_28488_,33.265,33.265
cluster_3,_28494_,33.265,33.265
cluster_3,_28502_,33.265,33.265
cluster_3,_28468_,33.265,33.265
cluster_3,_28466_,33.265,33.265
cluster_3,_28447_,33.265,33.265
cluster_3,_28446_,33.265,33.265
cluster_3,_28445_,33.265,33.265
cluster_3,_28444_,33.265,33.265
cluster_3,_28443_,33.265,33.265
cluster_3,_28442_,33.265,33.265
cluster_3,_28448_,33.265,33.265
cluster_3,_28441_,33.265,33.265
cluster_3,_28439_,33.265,33.265
cluster_3,_28438_,33.265,33.265
cluster_3,_28437_,33.265,33.265
cluster_3,_28436_,33.265,33.265
cluster_3,_28435_,33.265,33.265
cluster_3,_28434_,33.265,33.265
cluster_3,_28440_,33.265,33.265
cluster_3,_28467_,33.265,33.265
cluster_3,_28449_,33.265,33.265
cluster_3,_28451_,33.265,33.265
cluster_3,_28465_,33.265,33.265
cluster_3,_28464_,33.265,33.265
cluster_3,_28463_,33.265,33.265
cluster_3,_28462_,33.265,33.265
cluster_3,_28461_,33.265,33.265
cluster_3,_28460_,33.265,33.265
cluster_3,_28450_,33.265,33.265
cluster_3,_28459_,33.265,33.265
cluster_3,_28457_,33.265,33.265
cluster_3,_28456_,33.265,33.265
cluster_3,_28455_,33.265,33.265
cluster_3,_28454_,33.265,33.265
cluster_3,_28453_,33.265,33.265
cluster_3,_28452_,33.265,33.265
cluster_3,_28458_,33.265,33.265
cluster_3,_28433_,33.265,33.265
cluster_3,_28503_,33.265,33.265
cluster_3,_28505_,33.265,33.265
cluster_3,_28555_,33.265,33.265
cluster_3,_28554_,33.265,33.265
cluster_3,_28553_,33.265,33.265
cluster_3,_28552_,33.265,33.265
cluster_3,_28551_,33.265,33.265
cluster_3,_28550_,33.265,33.265
cluster_3,_28556_,33.265,33.265
cluster_3,_28549_,33.265,33.265
cluster_3,_28547_,33.265,33.265
cluster_3,_28546_,33.265,33.265
cluster_3,_28545_,33.265,33.265
cluster_3,_28544_,33.265,33.265
cluster_3,_28543_,33.265,33.265
cluster_3,_28542_,33.265,33.265
cluster_3,_28548_,33.265,33.265
cluster_3,_28541_,33.265,33.265
cluster_3,_28557_,33.265,33.265
cluster_3,_28559_,33.265,33.265
cluster_3,clone94,33.265,33.265
cluster_3,split160,33.265,33.265
cluster_3,clone95,33.265,33.265
cluster_3,clone96,33.265,33.265
cluster_3,_29806_,33.265,33.265
cluster_3,_29807_,33.265,33.265
cluster_3,_28558_,33.265,33.265
cluster_3,_29808_,33.265,33.265
cluster_3,_28565_,33.265,33.265
cluster_3,_28564_,33.265,33.265
cluster_3,_28563_,33.265,33.265
cluster_3,_28562_,33.265,33.265
cluster_3,_28561_,33.265,33.265
cluster_3,_28560_,33.265,33.265
cluster_3,_28566_,33.265,33.265
cluster_3,_28504_,33.265,33.265
cluster_3,_28540_,33.265,33.265
cluster_3,_28538_,33.265,33.265
cluster_3,_28519_,33.265,33.265
cluster_3,_28518_,33.265,33.265
cluster_3,_28517_,33.265,33.265
cluster_3,_28516_,33.265,33.265
cluster_3,_28515_,33.265,33.265
cluster_3,_28514_,33.265,33.265
cluster_3,_28520_,33.265,33.265
cluster_3,_28513_,33.265,33.265
cluster_3,_28511_,33.265,33.265
cluster_3,_28510_,33.265,33.265
cluster_3,_28509_,33.265,33.265
cluster_3,_28508_,33.265,33.265
cluster_3,_28507_,33.265,33.265
cluster_3,_28506_,33.265,33.265
cluster_3,_28512_,33.265,33.265
cluster_3,_28539_,33.265,33.265
cluster_3,_28521_,33.265,33.265
cluster_3,_28523_,33.265,33.265
cluster_3,_28537_,33.265,33.265
cluster_3,_28536_,33.265,33.265
cluster_3,_28535_,33.265,33.265
cluster_3,_28534_,33.265,33.265
cluster_3,_28533_,33.265,33.265
cluster_3,_28532_,33.265,33.265
cluster_3,_28522_,33.265,33.265
cluster_3,_28531_,33.265,33.265
cluster_3,_28529_,33.265,33.265
cluster_3,_28528_,33.265,33.265
cluster_3,_28527_,33.265,33.265
cluster_3,_28526_,33.265,33.265
cluster_3,_28525_,33.265,33.265
cluster_3,_28524_,33.265,33.265
cluster_3,_28530_,33.265,33.265
cluster_3,_28432_,33.265,33.265
cluster_3,_28431_,33.265,33.265
cluster_3,_28430_,33.265,33.265
cluster_3,_28338_,33.265,33.265
cluster_3,_28337_,33.265,33.265
cluster_3,_28336_,33.265,33.265
cluster_3,_28335_,33.265,33.265
cluster_3,_28334_,33.265,33.265
cluster_3,_28333_,33.265,33.265
cluster_3,_28339_,33.265,33.265
cluster_3,_28332_,33.265,33.265
cluster_3,_28330_,33.265,33.265
cluster_3,_28329_,33.265,33.265
cluster_3,_28328_,33.265,33.265
cluster_3,_28327_,33.265,33.265
cluster_3,_28326_,33.265,33.265
cluster_3,_28325_,33.265,33.265
cluster_3,_28331_,33.265,33.265
cluster_3,_28324_,33.265,33.265
cluster_3,_28340_,33.265,33.265
cluster_3,_28342_,33.265,33.265
cluster_3,_28356_,33.265,33.265
cluster_3,_28355_,33.265,33.265
cluster_3,_28354_,33.265,33.265
cluster_3,_28353_,33.265,33.265
cluster_3,_28352_,33.265,33.265
cluster_3,_28351_,33.265,33.265
cluster_3,_28341_,33.265,33.265
cluster_3,_28350_,33.265,33.265
cluster_3,_28348_,33.265,33.265
cluster_3,_28347_,33.265,33.265
cluster_3,_28346_,33.265,33.265
cluster_3,_28345_,33.265,33.265
cluster_3,_28344_,33.265,33.265
cluster_3,_28343_,33.265,33.265
cluster_3,_28349_,33.265,33.265
cluster_3,_28357_,33.265,33.265
cluster_3,_28323_,33.265,33.265
cluster_3,_28321_,33.265,33.265
cluster_3,_28302_,33.265,33.265
cluster_3,_28301_,33.265,33.265
cluster_3,_28300_,33.265,33.265
cluster_3,_28299_,33.265,33.265
cluster_3,_28298_,33.265,33.265
cluster_3,_28297_,33.265,33.265
cluster_3,_28303_,33.265,33.265
cluster_3,_28296_,33.265,33.265
cluster_3,_28294_,33.265,33.265
cluster_3,_28293_,33.265,33.265
cluster_3,_28292_,33.265,33.265
cluster_3,_28291_,33.265,33.265
cluster_3,_28290_,33.265,33.265
cluster_3,_28289_,33.265,33.265
cluster_3,_28295_,33.265,33.265
cluster_3,_28322_,33.265,33.265
cluster_3,text_in_r[38]$_DFFE_PP_,33.265,33.265
cluster_3,_28306_,33.265,33.265
cluster_3,_28320_,33.265,33.265
cluster_3,_28319_,33.265,33.265
cluster_3,_28318_,33.265,33.265
cluster_3,_28317_,33.265,33.265
cluster_3,_28316_,33.265,33.265
cluster_3,_28315_,33.265,33.265
cluster_3,_28305_,33.265,33.265
cluster_3,_28314_,33.265,33.265
cluster_3,_28312_,33.265,33.265
cluster_3,_28311_,33.265,33.265
cluster_3,_28310_,33.265,33.265
cluster_3,_28309_,33.265,33.265
cluster_3,_28308_,33.265,33.265
cluster_3,_28307_,33.265,33.265
cluster_3,_28313_,33.265,33.265
cluster_3,_28358_,33.265,33.265
cluster_3,_28359_,33.265,33.265
cluster_3,_28360_,33.265,33.265
cluster_3,_28411_,33.265,33.265
cluster_3,_28410_,33.265,33.265
cluster_3,_28409_,33.265,33.265
cluster_3,_28408_,33.265,33.265
cluster_3,_28407_,33.265,33.265
cluster_3,_28406_,33.265,33.265
cluster_3,_28412_,33.265,33.265
cluster_3,_28405_,33.265,33.265
cluster_3,_28403_,33.265,33.265
cluster_3,_28402_,33.265,33.265
cluster_3,_28401_,33.265,33.265
cluster_3,_28400_,33.265,33.265
cluster_3,_28399_,33.265,33.265
cluster_3,_28398_,33.265,33.265
cluster_3,_28404_,33.265,33.265
cluster_3,_28397_,33.265,33.265
cluster_3,_28413_,33.265,33.265
cluster_3,_28415_,33.265,33.265
cluster_3,_28429_,33.265,33.265
cluster_3,_28428_,33.265,33.265
cluster_3,_28427_,33.265,33.265
cluster_3,_28426_,33.265,33.265
cluster_3,_28425_,33.265,33.265
cluster_3,_28424_,33.265,33.265
cluster_3,_28414_,33.265,33.265
cluster_3,_28423_,33.265,33.265
cluster_3,_28421_,33.265,33.265
cluster_3,_28420_,33.265,33.265
cluster_3,_28419_,33.265,33.265
cluster_3,_28418_,33.265,33.265
cluster_3,_28417_,33.265,33.265
cluster_3,_28416_,33.265,33.265
cluster_3,_28422_,33.265,33.265
cluster_3,_28396_,33.265,33.265
cluster_3,_28395_,33.265,33.265
cluster_3,_28394_,33.265,33.265
cluster_3,_28374_,33.265,33.265
cluster_3,_28373_,33.265,33.265
cluster_3,_28372_,33.265,33.265
cluster_3,_28371_,33.265,33.265
cluster_3,_28370_,33.265,33.265
cluster_3,_28369_,33.265,33.265
cluster_3,_28375_,33.265,33.265
cluster_3,_28368_,33.265,33.265
cluster_3,_28366_,33.265,33.265
cluster_3,_28365_,33.265,33.265
cluster_3,_28364_,33.265,33.265
cluster_3,_28363_,33.265,33.265
cluster_3,_28362_,33.265,33.265
cluster_3,_28361_,33.265,33.265
cluster_3,_28367_,33.265,33.265
cluster_3,_28376_,33.265,33.265
cluster_3,_28377_,33.265,33.265
cluster_3,_28378_,33.265,33.265
cluster_3,_28393_,33.265,33.265
cluster_3,_28392_,33.265,33.265
cluster_3,_28391_,33.265,33.265
cluster_3,_28390_,33.265,33.265
cluster_3,_28389_,33.265,33.265
cluster_3,_28388_,33.265,33.265
cluster_3,_28387_,33.265,33.265
cluster_3,_28386_,33.265,33.265
cluster_3,_28385_,33.265,33.265
cluster_3,_28384_,33.265,33.265
cluster_3,_28383_,33.265,33.265
cluster_3,_28382_,33.265,33.265
cluster_3,_28381_,33.265,33.265
cluster_3,_28380_,33.265,33.265
cluster_3,_28379_,33.265,33.265
cluster_3,_28287_,33.265,33.265
cluster_3,text_in_r[39]$_DFFE_PP_,33.265,33.265
cluster_3,_19874_,33.265,33.265
cluster_3,_27987_,33.265,33.265
cluster_3,_27946_,33.265,33.265
cluster_3,_27947_,33.265,33.265
cluster_3,_27948_,33.265,33.265
cluster_3,_27949_,33.265,33.265
cluster_3,_27950_,33.265,33.265
cluster_3,_27951_,33.265,33.265
cluster_3,_27952_,33.265,33.265
cluster_3,_27953_,33.265,33.265
cluster_3,_27954_,33.265,33.265
cluster_3,_27955_,33.265,33.265
cluster_3,_27956_,33.265,33.265
cluster_3,_27957_,33.265,33.265
cluster_3,_27958_,33.265,33.265
cluster_3,_27959_,33.265,33.265
cluster_3,_27960_,33.265,33.265
cluster_3,_27961_,33.265,33.265
cluster_3,_27962_,33.265,33.265
cluster_3,_27963_,33.265,33.265
cluster_3,_27964_,33.265,33.265
cluster_3,_27965_,33.265,33.265
cluster_3,_27966_,33.265,33.265
cluster_3,_27967_,33.265,33.265
cluster_3,_27968_,33.265,33.265
cluster_3,_27969_,33.265,33.265
cluster_3,_27970_,33.265,33.265
cluster_3,_27971_,33.265,33.265
cluster_3,_27973_,33.265,33.265
cluster_3,_27945_,33.265,33.265
cluster_3,_27974_,33.265,33.265
cluster_3,_27944_,33.265,33.265
cluster_3,_27942_,33.265,33.265
cluster_3,_27907_,33.265,33.265
cluster_3,_27908_,33.265,33.265
cluster_3,_27909_,33.265,33.265
cluster_3,_27914_,33.265,33.265
cluster_3,_27915_,33.265,33.265
cluster_3,_27917_,33.265,33.265
cluster_3,_27918_,33.265,33.265
cluster_3,_27919_,33.265,33.265
cluster_3,_27920_,33.265,33.265
cluster_3,_27921_,33.265,33.265
cluster_3,_27922_,33.265,33.265
cluster_3,_20585_,33.265,33.265
cluster_3,_27924_,33.265,33.265
cluster_3,_27925_,33.265,33.265
cluster_3,_27926_,33.265,33.265
cluster_3,_27927_,33.265,33.265
cluster_3,_27931_,33.265,33.265
cluster_3,_27932_,33.265,33.265
cluster_3,_27933_,33.265,33.265
cluster_3,_27934_,33.265,33.265
cluster_3,_27935_,33.265,33.265
cluster_3,_27936_,33.265,33.265
cluster_3,_27937_,33.265,33.265
cluster_3,_27938_,33.265,33.265
cluster_3,_27939_,33.265,33.265
cluster_3,_27940_,33.265,33.265
cluster_3,_27941_,33.265,33.265
cluster_3,_27943_,33.265,33.265
cluster_3,_27975_,33.265,33.265
cluster_3,_27976_,33.265,33.265
cluster_3,_27977_,33.265,33.265
cluster_3,_28011_,33.265,33.265
cluster_3,_28012_,33.265,33.265
cluster_3,_28013_,33.265,33.265
cluster_3,_28014_,33.265,33.265
cluster_3,_28015_,33.265,33.265
cluster_3,_28016_,33.265,33.265
cluster_3,split188,33.265,33.265
cluster_3,_29796_,33.265,33.265
cluster_3,_29797_,33.265,33.265
cluster_3,_29798_,33.265,33.265
cluster_3,_29799_,33.265,33.265
cluster_3,_29800_,33.265,33.265
cluster_3,_29801_,33.265,33.265
cluster_3,_29802_,33.265,33.265
cluster_3,_29803_,33.265,33.265
cluster_3,_29804_,33.265,33.265
cluster_3,_29805_,33.265,33.265
cluster_3,_29360_,33.265,33.265
cluster_3,_20466_,33.265,33.265
cluster_3,_20560_,33.265,33.265
cluster_3,_22601_,33.265,33.265
cluster_3,_20597_,33.265,33.265
cluster_3,input184,33.265,33.265
cluster_3,input186,33.265,33.265
cluster_3,input187,33.265,33.265
cluster_3,input190,33.265,33.265
cluster_3,input189,33.265,33.265
cluster_3,_28010_,33.265,33.265
cluster_3,_28009_,33.265,33.265
cluster_3,_28008_,33.265,33.265
cluster_3,_28007_,33.265,33.265
cluster_3,_27978_,33.265,33.265
cluster_3,_27979_,33.265,33.265
cluster_3,_27980_,33.265,33.265
cluster_3,_27981_,33.265,33.265
cluster_3,_27982_,33.265,33.265
cluster_3,_27983_,33.265,33.265
cluster_3,_27984_,33.265,33.265
cluster_3,_27985_,33.265,33.265
cluster_3,_27986_,33.265,33.265
cluster_3,_27988_,33.265,33.265
cluster_3,_27989_,33.265,33.265
cluster_3,_27990_,33.265,33.265
cluster_3,_27991_,33.265,33.265
cluster_3,_27906_,33.265,33.265
cluster_3,_27992_,33.265,33.265
cluster_3,_27994_,33.265,33.265
cluster_3,_27995_,33.265,33.265
cluster_3,_27996_,33.265,33.265
cluster_3,_27997_,33.265,33.265
cluster_3,_27998_,33.265,33.265
cluster_3,_27999_,33.265,33.265
cluster_3,_28000_,33.265,33.265
cluster_3,_28001_,33.265,33.265
cluster_3,_28002_,33.265,33.265
cluster_3,_28003_,33.265,33.265
cluster_3,_28004_,33.265,33.265
cluster_3,split97,33.265,33.265
cluster_3,_28006_,33.265,33.265
cluster_3,_27993_,33.265,33.265
cluster_3,_27905_,33.265,33.265
cluster_3,_27923_,33.265,33.265
cluster_3,_27903_,33.265,33.265
cluster_3,_29428_,33.265,33.265
cluster_3,_29430_,33.265,33.265
cluster_3,_29431_,33.265,33.265
cluster_3,_29432_,33.265,33.265
cluster_3,_29433_,33.265,33.265
cluster_3,_29434_,33.265,33.265
cluster_3,_20519_,33.265,33.265
cluster_3,_20526_,33.265,33.265
cluster_3,_20533_,33.265,33.265
cluster_3,_25340_,33.265,33.265
cluster_3,_25339_,33.265,33.265
cluster_3,sa33_sr[6]$_DFF_P_,33.265,33.265
cluster_3,split189,33.265,33.265
cluster_3,sa33_sr[5]$_DFF_P_,33.265,33.265
cluster_3,_27904_,33.265,33.265
cluster_3,_22539_,33.265,33.265
cluster_3,_28017_,33.265,33.265
cluster_3,_29427_,33.265,33.265
cluster_3,_20496_,33.265,33.265
cluster_3,input188,33.265,33.265
cluster_3,_27895_,33.265,33.265
cluster_3,_27901_,33.265,33.265
cluster_3,text_out[1]$_DFF_P_,33.265,33.265
cluster_3,_27897_,33.265,33.265
cluster_3,_27894_,33.265,33.265
cluster_3,_27896_,33.265,33.265
cluster_3,_27902_,33.265,33.265
cluster_3,_27892_,33.265,33.265
cluster_3,_27900_,33.265,33.265
cluster_3,_27893_,33.265,33.265
cluster_3,_27890_,33.265,33.265
cluster_3,_27889_,33.265,33.265
cluster_3,_27888_,33.265,33.265
cluster_3,_27887_,33.265,33.265
cluster_3,_27886_,33.265,33.265
cluster_3,_27899_,33.265,33.265
cluster_3,output298,33.265,33.265
cluster_3,_27891_,33.265,33.265
cluster_3,_27898_,33.265,33.265
cluster_4,_29193_,33.977,33.977
cluster_4,_29122_,33.977,33.977
cluster_4,_29121_,33.977,33.977
cluster_4,_29196_,33.977,33.977
cluster_4,_29197_,33.977,33.977
cluster_4,_29119_,33.977,33.977
cluster_4,_15558_,33.977,33.977
cluster_4,_29123_,33.977,33.977
cluster_4,_29120_,33.977,33.977
cluster_4,_29127_,33.977,33.977
cluster_4,_29125_,33.977,33.977
cluster_4,_29126_,33.977,33.977
cluster_4,_29198_,33.977,33.977
cluster_4,_29128_,33.977,33.977
cluster_4,_29129_,33.977,33.977
cluster_4,_29130_,33.977,33.977
cluster_4,_29131_,33.977,33.977
cluster_4,_29132_,33.977,33.977
cluster_4,_29133_,33.977,33.977
cluster_4,_29134_,33.977,33.977
cluster_4,_29135_,33.977,33.977
cluster_4,_29136_,33.977,33.977
cluster_4,_29137_,33.977,33.977
cluster_4,_29124_,33.977,33.977
cluster_4,_29199_,33.977,33.977
cluster_4,_29205_,33.977,33.977
cluster_4,_29201_,33.977,33.977
cluster_4,_29111_,33.977,33.977
cluster_4,_29112_,33.977,33.977
cluster_4,_29113_,33.977,33.977
cluster_4,_29114_,33.977,33.977
cluster_4,_15518_,33.977,33.977
cluster_4,_29115_,33.977,33.977
cluster_4,_29216_,33.977,33.977
cluster_4,_29215_,33.977,33.977
cluster_4,_29214_,33.977,33.977
cluster_4,_29213_,33.977,33.977
cluster_4,_29212_,33.977,33.977
cluster_4,_29211_,33.977,33.977
cluster_4,_29116_,33.977,33.977
cluster_4,_15533_,33.977,33.977
cluster_4,_29210_,33.977,33.977
cluster_4,_29209_,33.977,33.977
cluster_4,_29208_,33.977,33.977
cluster_4,_29207_,33.977,33.977
cluster_4,_29206_,33.977,33.977
cluster_4,_15543_,33.977,33.977
cluster_4,_29117_,33.977,33.977
cluster_4,input169,33.977,33.977
cluster_4,_29138_,33.977,33.977
cluster_4,_29204_,33.977,33.977
cluster_4,_29203_,33.977,33.977
cluster_4,_29118_,33.977,33.977
cluster_4,_29202_,33.977,33.977
cluster_4,_29200_,33.977,33.977
cluster_4,_29139_,33.977,33.977
cluster_4,_29148_,33.977,33.977
cluster_4,_29141_,33.977,33.977
cluster_4,_29170_,33.977,33.977
cluster_4,_29171_,33.977,33.977
cluster_4,_29172_,33.977,33.977
cluster_4,_29173_,33.977,33.977
cluster_4,_29174_,33.977,33.977
cluster_4,_29175_,33.977,33.977
cluster_4,_29176_,33.977,33.977
cluster_4,_29177_,33.977,33.977
cluster_4,_29178_,33.977,33.977
cluster_4,_29179_,33.977,33.977
cluster_4,_29180_,33.977,33.977
cluster_4,_29169_,33.977,33.977
cluster_4,_29181_,33.977,33.977
cluster_4,_29183_,33.977,33.977
cluster_4,_29184_,33.977,33.977
cluster_4,_29185_,33.977,33.977
cluster_4,_29186_,33.977,33.977
cluster_4,_29187_,33.977,33.977
cluster_4,_29188_,33.977,33.977
cluster_4,_29189_,33.977,33.977
cluster_4,_29190_,33.977,33.977
cluster_4,_29191_,33.977,33.977
cluster_4,_29192_,33.977,33.977
cluster_4,_29194_,33.977,33.977
cluster_4,_29182_,33.977,33.977
cluster_4,_29168_,33.977,33.977
cluster_4,_29167_,33.977,33.977
cluster_4,_29166_,33.977,33.977
cluster_4,_29142_,33.977,33.977
cluster_4,_29143_,33.977,33.977
cluster_4,_29144_,33.977,33.977
cluster_4,_29145_,33.977,33.977
cluster_4,_29146_,33.977,33.977
cluster_4,_29147_,33.977,33.977
cluster_4,_29149_,33.977,33.977
cluster_4,_29150_,33.977,33.977
cluster_4,_29819_,33.977,33.977
cluster_4,_29151_,33.977,33.977
cluster_4,_29152_,33.977,33.977
cluster_4,_29153_,33.977,33.977
cluster_4,_29154_,33.977,33.977
cluster_4,_29155_,33.977,33.977
cluster_4,_29157_,33.977,33.977
cluster_4,_29195_,33.977,33.977
cluster_4,_29158_,33.977,33.977
cluster_4,_29159_,33.977,33.977
cluster_4,_29160_,33.977,33.977
cluster_4,input130,33.977,33.977
cluster_4,_29161_,33.977,33.977
cluster_4,_29162_,33.977,33.977
cluster_4,_29163_,33.977,33.977
cluster_4,_29164_,33.977,33.977
cluster_4,_29165_,33.977,33.977
cluster_4,_29140_,33.977,33.977
cluster_4,_29156_,33.977,33.977
cluster_4,_28857_,33.977,33.977
cluster_4,_29217_,33.977,33.977
cluster_4,_28692_,33.977,33.977
cluster_4,_28694_,33.977,33.977
cluster_4,_28695_,33.977,33.977
cluster_4,_28696_,33.977,33.977
cluster_4,_28697_,33.977,33.977
cluster_4,_28698_,33.977,33.977
cluster_4,_28699_,33.977,33.977
cluster_4,_28700_,33.977,33.977
cluster_4,_28701_,33.977,33.977
cluster_4,_28702_,33.977,33.977
cluster_4,_28703_,33.977,33.977
cluster_4,_28705_,33.977,33.977
cluster_4,_28691_,33.977,33.977
cluster_4,_28706_,33.977,33.977
cluster_4,_28708_,33.977,33.977
cluster_4,_28709_,33.977,33.977
cluster_4,_28710_,33.977,33.977
cluster_4,_28711_,33.977,33.977
cluster_4,sa30_sr[7]$_DFF_P_,33.977,33.977
cluster_4,split101,33.977,33.977
cluster_4,sa30_sr[5]$_DFF_P_,33.977,33.977
cluster_4,sa30_sr[4]$_DFF_P_,33.977,33.977
cluster_4,sa30_sr[3]$_DFF_P_,33.977,33.977
cluster_4,sa30_sr[2]$_DFF_P_,33.977,33.977
cluster_4,sa30_sr[1]$_DFF_P_,33.977,33.977
cluster_4,sa30_sr[0]$_DFF_P_,33.977,33.977
cluster_4,_28707_,33.977,33.977
cluster_4,_28690_,33.977,33.977
cluster_4,_28689_,33.977,33.977
cluster_4,_28688_,33.977,33.977
cluster_4,_28661_,33.977,33.977
cluster_4,_28662_,33.977,33.977
cluster_4,_28663_,33.977,33.977
cluster_4,_28664_,33.977,33.977
cluster_4,_28665_,33.977,33.977
cluster_4,_28666_,33.977,33.977
cluster_4,_28667_,33.977,33.977
cluster_4,_28668_,33.977,33.977
cluster_4,_28669_,33.977,33.977
cluster_4,_28670_,33.977,33.977
cluster_4,_28671_,33.977,33.977
cluster_4,_28672_,33.977,33.977
cluster_4,_28673_,33.977,33.977
cluster_4,_28674_,33.977,33.977
cluster_4,_28675_,33.977,33.977
cluster_4,_28676_,33.977,33.977
cluster_4,_28677_,33.977,33.977
cluster_4,_28678_,33.977,33.977
cluster_4,_28679_,33.977,33.977
cluster_4,_28680_,33.977,33.977
cluster_4,_28681_,33.977,33.977
cluster_4,_28682_,33.977,33.977
cluster_4,_28683_,33.977,33.977
cluster_4,_28684_,33.977,33.977
cluster_4,_28685_,33.977,33.977
cluster_4,_28686_,33.977,33.977
cluster_4,_28687_,33.977,33.977
cluster_4,_28712_,33.977,33.977
cluster_4,input191,33.977,33.977
cluster_4,_28713_,33.977,33.977
cluster_4,_28715_,33.977,33.977
cluster_4,clone102,33.977,33.977
cluster_4,input235,33.977,33.977
cluster_4,_15453_,33.977,33.977
cluster_4,_20556_,33.977,33.977
cluster_4,_20557_,33.977,33.977
cluster_4,_15470_,33.977,33.977
cluster_4,input224,33.977,33.977
cluster_4,_29234_,33.977,33.977
cluster_4,input213,33.977,33.977
cluster_4,_29233_,33.977,33.977
cluster_4,_29232_,33.977,33.977
cluster_4,_29231_,33.977,33.977
cluster_4,_20468_,33.977,33.977
cluster_4,_29230_,33.977,33.977
cluster_4,_29229_,33.977,33.977
cluster_4,_29228_,33.977,33.977
cluster_4,_29227_,33.977,33.977
cluster_4,_29226_,33.977,33.977
cluster_4,_29225_,33.977,33.977
cluster_4,_29224_,33.977,33.977
cluster_4,_29223_,33.977,33.977
cluster_4,_29222_,33.977,33.977
cluster_4,_29221_,33.977,33.977
cluster_4,_29220_,33.977,33.977
cluster_4,_29219_,33.977,33.977
cluster_4,_29218_,33.977,33.977
cluster_4,input202,33.977,33.977
cluster_4,_29367_,33.977,33.977
cluster_4,_29110_,33.977,33.977
cluster_4,_20475_,33.977,33.977
cluster_4,_28716_,33.977,33.977
cluster_4,_28717_,33.977,33.977
cluster_4,_28718_,33.977,33.977
cluster_4,_28719_,33.977,33.977
cluster_4,_28720_,33.977,33.977
cluster_4,_28721_,33.977,33.977
cluster_4,_28722_,33.977,33.977
cluster_4,_28723_,33.977,33.977
cluster_4,_28724_,33.977,33.977
cluster_4,_28725_,33.977,33.977
cluster_4,_28726_,33.977,33.977
cluster_4,_29809_,33.977,33.977
cluster_4,_29810_,33.977,33.977
cluster_4,_29811_,33.977,33.977
cluster_4,_29812_,33.977,33.977
cluster_4,_29813_,33.977,33.977
cluster_4,_29814_,33.977,33.977
cluster_4,_29815_,33.977,33.977
cluster_4,_29816_,33.977,33.977
cluster_4,_29817_,33.977,33.977
cluster_4,_29818_,33.977,33.977
cluster_4,_29484_,33.977,33.977
cluster_4,_29472_,33.977,33.977
cluster_4,_29459_,33.977,33.977
cluster_4,_29447_,33.977,33.977
cluster_4,_29435_,33.977,33.977
cluster_4,_29411_,33.977,33.977
cluster_4,_28714_,33.977,33.977
cluster_4,_29109_,33.977,33.977
cluster_4,_29107_,33.977,33.977
cluster_4,_28858_,33.977,33.977
cluster_4,_28892_,33.977,33.977
cluster_4,_28893_,33.977,33.977
cluster_4,_28894_,33.977,33.977
cluster_4,_28895_,33.977,33.977
cluster_4,_28896_,33.977,33.977
cluster_4,_28897_,33.977,33.977
cluster_4,_28771_,33.977,33.977
cluster_4,_28770_,33.977,33.977
cluster_4,_28898_,33.977,33.977
cluster_4,_28891_,33.977,33.977
cluster_4,_28769_,33.977,33.977
cluster_4,_28768_,33.977,33.977
cluster_4,_28767_,33.977,33.977
cluster_4,_28900_,33.977,33.977
cluster_4,_28901_,33.977,33.977
cluster_4,_28766_,33.977,33.977
cluster_4,_28902_,33.977,33.977
cluster_4,_28903_,33.977,33.977
cluster_4,_28904_,33.977,33.977
cluster_4,_28765_,33.977,33.977
cluster_4,_28899_,33.977,33.977
cluster_4,_28890_,33.977,33.977
cluster_4,_28889_,33.977,33.977
cluster_4,_28888_,33.977,33.977
cluster_4,_28783_,33.977,33.977
cluster_4,_28879_,33.977,33.977
cluster_4,_28880_,33.977,33.977
cluster_4,_28782_,33.977,33.977
cluster_4,_28881_,33.977,33.977
cluster_4,_28781_,33.977,33.977
cluster_4,_28780_,33.977,33.977
cluster_4,_28779_,33.977,33.977
cluster_4,_28882_,33.977,33.977
cluster_4,_28883_,33.977,33.977
cluster_4,_28778_,33.977,33.977
cluster_4,_28777_,33.977,33.977
cluster_4,_28884_,33.977,33.977
cluster_4,_28885_,33.977,33.977
cluster_4,_28886_,33.977,33.977
cluster_4,_28887_,33.977,33.977
cluster_4,_28776_,33.977,33.977
cluster_4,_28775_,33.977,33.977
cluster_4,_28774_,33.977,33.977
cluster_4,_28773_,33.977,33.977
cluster_4,_28772_,33.977,33.977
cluster_4,_28905_,33.977,33.977
cluster_4,_28906_,33.977,33.977
cluster_4,_28764_,33.977,33.977
cluster_4,_28763_,33.977,33.977
cluster_4,_28926_,33.977,33.977
cluster_4,_28927_,33.977,33.977
cluster_4,_28928_,33.977,33.977
cluster_4,_28929_,33.977,33.977
cluster_4,_28930_,33.977,33.977
cluster_4,_28931_,33.977,33.977
cluster_4,_28932_,33.977,33.977
cluster_4,_28933_,33.977,33.977
cluster_4,_28934_,33.977,33.977
cluster_4,_28935_,33.977,33.977
cluster_4,_28936_,33.977,33.977
cluster_4,_28937_,33.977,33.977
cluster_4,_28938_,33.977,33.977
cluster_4,_28939_,33.977,33.977
cluster_4,_28940_,33.977,33.977
cluster_4,_28941_,33.977,33.977
cluster_4,_28942_,33.977,33.977
cluster_4,_28943_,33.977,33.977
cluster_4,_28944_,33.977,33.977
cluster_4,_28945_,33.977,33.977
cluster_4,_28946_,33.977,33.977
cluster_4,_28925_,33.977,33.977
cluster_4,_28784_,33.977,33.977
cluster_4,_28924_,33.977,33.977
cluster_4,_28922_,33.977,33.977
cluster_4,_28907_,33.977,33.977
cluster_4,_28908_,33.977,33.977
cluster_4,_28909_,33.977,33.977
cluster_4,_28762_,33.977,33.977
cluster_4,_28761_,33.977,33.977
cluster_4,_28910_,33.977,33.977
cluster_4,_28760_,33.977,33.977
cluster_4,_28911_,33.977,33.977
cluster_4,_28912_,33.977,33.977
cluster_4,_28913_,33.977,33.977
cluster_4,_28914_,33.977,33.977
cluster_4,_28915_,33.977,33.977
cluster_4,_28916_,33.977,33.977
cluster_4,text_in_r[0]$_DFFE_PP_,33.977,33.977
cluster_4,_28917_,33.977,33.977
cluster_4,_28918_,33.977,33.977
cluster_4,_28919_,33.977,33.977
cluster_4,_28759_,33.977,33.977
cluster_4,_28758_,33.977,33.977
cluster_4,_28920_,33.977,33.977
cluster_4,_28921_,33.977,33.977
cluster_4,_28923_,33.977,33.977
cluster_4,_28878_,33.977,33.977
cluster_4,_28877_,33.977,33.977
cluster_4,_28876_,33.977,33.977
cluster_4,text_in_r[7]$_DFFE_PP_,33.977,33.977
cluster_4,_28831_,33.977,33.977
cluster_4,_28830_,33.977,33.977
cluster_4,_28829_,33.977,33.977
cluster_4,text_in_r[6]$_DFFE_PP_,33.977,33.977
cluster_4,_28828_,33.977,33.977
cluster_4,_28827_,33.977,33.977
cluster_4,_28826_,33.977,33.977
cluster_4,_28825_,33.977,33.977
cluster_4,_28824_,33.977,33.977
cluster_4,_28823_,33.977,33.977
cluster_4,_28822_,33.977,33.977
cluster_4,_28821_,33.977,33.977
cluster_4,_28820_,33.977,33.977
cluster_4,text_in_r[5]$_DFFE_PP_,33.977,33.977
cluster_4,_28819_,33.977,33.977
cluster_4,_28818_,33.977,33.977
cluster_4,_28817_,33.977,33.977
cluster_4,_28816_,33.977,33.977
cluster_4,_28815_,33.977,33.977
cluster_4,_28814_,33.977,33.977
cluster_4,_28832_,33.977,33.977
cluster_4,text_in_r[4]$_DFFE_PP_,33.977,33.977
cluster_4,_28833_,33.977,33.977
cluster_4,_28835_,33.977,33.977
cluster_4,_28856_,33.977,33.977
cluster_4,_28855_,33.977,33.977
cluster_4,_28854_,33.977,33.977
cluster_4,_28853_,33.977,33.977
cluster_4,_28852_,33.977,33.977
cluster_4,_28851_,33.977,33.977
cluster_4,_28850_,33.977,33.977
cluster_4,_28849_,33.977,33.977
cluster_4,_28848_,33.977,33.977
cluster_4,_28847_,33.977,33.977
cluster_4,_28846_,33.977,33.977
cluster_4,_28845_,33.977,33.977
cluster_4,_28844_,33.977,33.977
cluster_4,_28843_,33.977,33.977
cluster_4,_28842_,33.977,33.977
cluster_4,_28841_,33.977,33.977
cluster_4,_28840_,33.977,33.977
cluster_4,_28839_,33.977,33.977
cluster_4,_28838_,33.977,33.977
cluster_4,_28837_,33.977,33.977
cluster_4,_28836_,33.977,33.977
cluster_4,_28834_,33.977,33.977
cluster_4,_28757_,33.977,33.977
cluster_4,_28813_,33.977,33.977
cluster_4,_28811_,33.977,33.977
cluster_4,_28793_,33.977,33.977
cluster_4,_28792_,33.977,33.977
cluster_4,_28865_,33.977,33.977
cluster_4,_28866_,33.977,33.977
cluster_4,_28867_,33.977,33.977
cluster_4,_28868_,33.977,33.977
cluster_4,_28869_,33.977,33.977
cluster_4,_28870_,33.977,33.977
cluster_4,_28871_,33.977,33.977
cluster_4,_28872_,33.977,33.977
cluster_4,_28791_,33.977,33.977
cluster_4,_28790_,33.977,33.977
cluster_4,_28789_,33.977,33.977
cluster_4,_28788_,33.977,33.977
cluster_4,_28787_,33.977,33.977
cluster_4,_28786_,33.977,33.977
cluster_4,_28660_,33.977,33.977
cluster_4,_28873_,33.977,33.977
cluster_4,_28785_,33.977,33.977
cluster_4,_28874_,33.977,33.977
cluster_4,_28875_,33.977,33.977
cluster_4,_28794_,33.977,33.977
cluster_4,_28812_,33.977,33.977
cluster_4,_28795_,33.977,33.977
cluster_4,text_in_r[1]$_DFFE_PP_,33.977,33.977
cluster_4,_28810_,33.977,33.977
cluster_4,_28809_,33.977,33.977
cluster_4,_28808_,33.977,33.977
cluster_4,_28807_,33.977,33.977
cluster_4,text_in_r[3]$_DFFE_PP_,33.977,33.977
cluster_4,_28806_,33.977,33.977
cluster_4,_28805_,33.977,33.977
cluster_4,_28804_,33.977,33.977
cluster_4,_28803_,33.977,33.977
cluster_4,_28802_,33.977,33.977
cluster_4,_28801_,33.977,33.977
cluster_4,_28800_,33.977,33.977
cluster_4,_28799_,33.977,33.977
cluster_4,_28859_,33.977,33.977
cluster_4,_28860_,33.977,33.977
cluster_4,_28861_,33.977,33.977
cluster_4,_28798_,33.977,33.977
cluster_4,_28797_,33.977,33.977
cluster_4,_28862_,33.977,33.977
cluster_4,_28863_,33.977,33.977
cluster_4,_28864_,33.977,33.977
cluster_4,_28796_,33.977,33.977
cluster_4,_28756_,33.977,33.977
cluster_4,_28755_,33.977,33.977
cluster_4,_28947_,33.977,33.977
cluster_4,_29820_,33.977,33.977
cluster_4,_29043_,33.977,33.977
cluster_4,_29044_,33.977,33.977
cluster_4,_29045_,33.977,33.977
cluster_4,_29046_,33.977,33.977
cluster_4,_29047_,33.977,33.977
cluster_4,_29048_,33.977,33.977
cluster_4,_29049_,33.977,33.977
cluster_4,_29050_,33.977,33.977
cluster_4,_29051_,33.977,33.977
cluster_4,_29052_,33.977,33.977
cluster_4,_29053_,33.977,33.977
cluster_4,_29054_,33.977,33.977
cluster_4,_29055_,33.977,33.977
cluster_4,_29056_,33.977,33.977
cluster_4,_29057_,33.977,33.977
cluster_4,_29058_,33.977,33.977
cluster_4,_29059_,33.977,33.977
cluster_4,_29060_,33.977,33.977
cluster_4,_29061_,33.977,33.977
cluster_4,_29062_,33.977,33.977
cluster_4,_29821_,33.977,33.977
cluster_4,u0.w[3][3]$_DFF_P_,33.977,33.977
cluster_4,_29042_,33.977,33.977
cluster_4,_29040_,33.977,33.977
cluster_4,_29023_,33.977,33.977
cluster_4,_29024_,33.977,33.977
cluster_4,_29025_,33.977,33.977
cluster_4,_29026_,33.977,33.977
cluster_4,_29027_,33.977,33.977
cluster_4,_29028_,33.977,33.977
cluster_4,_29029_,33.977,33.977
cluster_4,_29030_,33.977,33.977
cluster_4,_29031_,33.977,33.977
cluster_4,_28731_,33.977,33.977
cluster_4,_28729_,33.977,33.977
cluster_4,_29032_,33.977,33.977
cluster_4,_29033_,33.977,33.977
cluster_4,_29034_,33.977,33.977
cluster_4,_29035_,33.977,33.977
cluster_4,_29036_,33.977,33.977
cluster_4,_29037_,33.977,33.977
cluster_4,_28728_,33.977,33.977
cluster_4,_29038_,33.977,33.977
cluster_4,_29039_,33.977,33.977
cluster_4,_28727_,33.977,33.977
cluster_4,_29041_,33.977,33.977
cluster_4,_28732_,33.977,33.977
cluster_4,u0.w[3][4]$_DFF_P_,33.977,33.977
cluster_4,u0.w[3][6]$_DFF_P_,33.977,33.977
cluster_4,_29086_,33.977,33.977
cluster_4,_29087_,33.977,33.977
cluster_4,_29088_,33.977,33.977
cluster_4,_29089_,33.977,33.977
cluster_4,_29090_,33.977,33.977
cluster_4,_29091_,33.977,33.977
cluster_4,_29092_,33.977,33.977
cluster_4,_29093_,33.977,33.977
cluster_4,_29094_,33.977,33.977
cluster_4,_29095_,33.977,33.977
cluster_4,_29096_,33.977,33.977
cluster_4,_29097_,33.977,33.977
cluster_4,_29098_,33.977,33.977
cluster_4,_29099_,33.977,33.977
cluster_4,_29100_,33.977,33.977
cluster_4,_29101_,33.977,33.977
cluster_4,_29102_,33.977,33.977
cluster_4,_29103_,33.977,33.977
cluster_4,_29104_,33.977,33.977
cluster_4,_29105_,33.977,33.977
cluster_4,_29106_,33.977,33.977
cluster_4,_29085_,33.977,33.977
cluster_4,u0.w[3][5]$_DFF_P_,33.977,33.977
cluster_4,_29084_,33.977,33.977
cluster_4,_29082_,33.977,33.977
cluster_4,_29063_,33.977,33.977
cluster_4,clone103,33.977,33.977
cluster_4,clone105,33.977,33.977
cluster_4,_29064_,33.977,33.977
cluster_4,_29065_,33.977,33.977
cluster_4,_29066_,33.977,33.977
cluster_4,_29067_,33.977,33.977
cluster_4,_29068_,33.977,33.977
cluster_4,_29069_,33.977,33.977
cluster_4,_29070_,33.977,33.977
cluster_4,_29071_,33.977,33.977
cluster_4,_29072_,33.977,33.977
cluster_4,_29073_,33.977,33.977
cluster_4,_29074_,33.977,33.977
cluster_4,_29075_,33.977,33.977
cluster_4,_29076_,33.977,33.977
cluster_4,_29077_,33.977,33.977
cluster_4,_29078_,33.977,33.977
cluster_4,_29079_,33.977,33.977
cluster_4,_29080_,33.977,33.977
cluster_4,_29081_,33.977,33.977
cluster_4,_29083_,33.977,33.977
cluster_4,_29108_,33.977,33.977
cluster_4,_29022_,33.977,33.977
cluster_4,_28734_,33.977,33.977
cluster_4,_28962_,33.977,33.977
cluster_4,_28963_,33.977,33.977
cluster_4,_28964_,33.977,33.977
cluster_4,_28965_,33.977,33.977
cluster_4,_28966_,33.977,33.977
cluster_4,_28744_,33.977,33.977
cluster_4,_28967_,33.977,33.977
cluster_4,_28743_,33.977,33.977
cluster_4,_28742_,33.977,33.977
cluster_4,_28968_,33.977,33.977
cluster_4,_28969_,33.977,33.977
cluster_4,_28970_,33.977,33.977
cluster_4,u0.w[3][1]$_DFF_P_,33.977,33.977
cluster_4,_28971_,33.977,33.977
cluster_4,_28972_,33.977,33.977
cluster_4,_28973_,33.977,33.977
cluster_4,_28974_,33.977,33.977
cluster_4,_28975_,33.977,33.977
cluster_4,_28976_,33.977,33.977
cluster_4,_28977_,33.977,33.977
cluster_4,_28978_,33.977,33.977
cluster_4,_28745_,33.977,33.977
cluster_4,_28979_,33.977,33.977
cluster_4,_28961_,33.977,33.977
cluster_4,_28747_,33.977,33.977
cluster_4,_28754_,33.977,33.977
cluster_4,_28753_,33.977,33.977
cluster_4,_28948_,33.977,33.977
cluster_4,u0.w[3][0]$_DFF_P_,33.977,33.977
cluster_4,_28752_,33.977,33.977
cluster_4,_28751_,33.977,33.977
cluster_4,_28750_,33.977,33.977
cluster_4,_28949_,33.977,33.977
cluster_4,_28950_,33.977,33.977
cluster_4,_28951_,33.977,33.977
cluster_4,_28952_,33.977,33.977
cluster_4,_28953_,33.977,33.977
cluster_4,_28954_,33.977,33.977
cluster_4,_28955_,33.977,33.977
cluster_4,_28956_,33.977,33.977
cluster_4,_28957_,33.977,33.977
cluster_4,_28958_,33.977,33.977
cluster_4,_28959_,33.977,33.977
cluster_4,_28960_,33.977,33.977
cluster_4,_28749_,33.977,33.977
cluster_4,_28748_,33.977,33.977
cluster_4,_28746_,33.977,33.977
cluster_4,_28733_,33.977,33.977
cluster_4,_28980_,33.977,33.977
cluster_4,_28981_,33.977,33.977
cluster_4,_29006_,33.977,33.977
cluster_4,_29007_,33.977,33.977
cluster_4,_29008_,33.977,33.977
cluster_4,_29009_,33.977,33.977
cluster_4,_29010_,33.977,33.977
cluster_4,_29011_,33.977,33.977
cluster_4,_28739_,33.977,33.977
cluster_4,_28738_,33.977,33.977
cluster_4,_28737_,33.977,33.977
cluster_4,_29012_,33.977,33.977
cluster_4,_29013_,33.977,33.977
cluster_4,_29014_,33.977,33.977
cluster_4,_29015_,33.977,33.977
cluster_4,_29016_,33.977,33.977
cluster_4,_29017_,33.977,33.977
cluster_4,_29018_,33.977,33.977
cluster_4,_28736_,33.977,33.977
cluster_4,_29019_,33.977,33.977
cluster_4,_29020_,33.977,33.977
cluster_4,_29021_,33.977,33.977
cluster_4,_28735_,33.977,33.977
cluster_4,_29005_,33.977,33.977
cluster_4,_28741_,33.977,33.977
cluster_4,_29004_,33.977,33.977
cluster_4,_29002_,33.977,33.977
cluster_4,_28982_,33.977,33.977
cluster_4,_28983_,33.977,33.977
cluster_4,_28984_,33.977,33.977
cluster_4,_28985_,33.977,33.977
cluster_4,_28986_,33.977,33.977
cluster_4,_28987_,33.977,33.977
cluster_4,_28988_,33.977,33.977
cluster_4,_28989_,33.977,33.977
cluster_4,_28990_,33.977,33.977
cluster_4,_28991_,33.977,33.977
cluster_4,_28992_,33.977,33.977
cluster_4,_28993_,33.977,33.977
cluster_4,_28994_,33.977,33.977
cluster_4,_28995_,33.977,33.977
cluster_4,_28996_,33.977,33.977
cluster_4,_28740_,33.977,33.977
cluster_4,_28997_,33.977,33.977
cluster_4,_28998_,33.977,33.977
cluster_4,_28999_,33.977,33.977
cluster_4,_29000_,33.977,33.977
cluster_4,_29001_,33.977,33.977
cluster_4,_29003_,33.977,33.977
cluster_4,_28659_,33.977,33.977
cluster_4,sa30_sr[6]$_DFF_P_,33.977,33.977
cluster_4,_28657_,33.977,33.977
cluster_4,_26007_,33.977,33.977
cluster_4,_28591_,33.977,33.977
cluster_4,_28592_,33.977,33.977
cluster_4,_28593_,33.977,33.977
cluster_4,_28594_,33.977,33.977
cluster_4,_28595_,33.977,33.977
cluster_4,_28597_,33.977,33.977
cluster_4,_28598_,33.977,33.977
cluster_4,_28599_,33.977,33.977
cluster_4,_26006_,33.977,33.977
cluster_4,_26005_,33.977,33.977
cluster_4,_18483_,33.977,33.977
cluster_4,_25983_,33.977,33.977
cluster_4,_25982_,33.977,33.977
cluster_4,_18459_,33.977,33.977
cluster_4,_18445_,33.977,33.977
cluster_4,_18428_,33.977,33.977
cluster_4,_25981_,33.977,33.977
cluster_4,_18387_,33.977,33.977
cluster_4,clone100,33.977,33.977
cluster_4,_18364_,33.977,33.977
cluster_4,_28590_,33.977,33.977
cluster_4,_18327_,33.977,33.977
cluster_4,_28589_,33.977,33.977
cluster_4,_28568_,33.977,33.977
cluster_4,_28584_,33.977,33.977
cluster_4,_28585_,33.977,33.977
cluster_4,_28586_,33.977,33.977
cluster_4,_28583_,33.977,33.977
cluster_4,_28587_,33.977,33.977
cluster_4,_28588_,33.977,33.977
cluster_4,_28658_,33.977,33.977
cluster_4,_28582_,33.977,33.977
cluster_4,_28581_,33.977,33.977
cluster_4,_28580_,33.977,33.977
cluster_4,_28579_,33.977,33.977
cluster_4,_28578_,33.977,33.977
cluster_4,_28577_,33.977,33.977
cluster_4,_28576_,33.977,33.977
cluster_4,_28575_,33.977,33.977
cluster_4,_28574_,33.977,33.977
cluster_4,_28573_,33.977,33.977
cluster_4,_28572_,33.977,33.977
cluster_4,_28571_,33.977,33.977
cluster_4,_28570_,33.977,33.977
cluster_4,_28569_,33.977,33.977
cluster_4,_28567_,33.977,33.977
cluster_4,_18275_,33.977,33.977
cluster_4,_28596_,33.977,33.977
cluster_4,_28644_,33.977,33.977
cluster_4,_28655_,33.977,33.977
cluster_4,_28624_,33.977,33.977
cluster_4,_28625_,33.977,33.977
cluster_4,_28626_,33.977,33.977
cluster_4,_28628_,33.977,33.977
cluster_4,_28629_,33.977,33.977
cluster_4,_28630_,33.977,33.977
cluster_4,_28631_,33.977,33.977
cluster_4,_28632_,33.977,33.977
cluster_4,_28654_,33.977,33.977
cluster_4,_28633_,33.977,33.977
cluster_4,_28634_,33.977,33.977
cluster_4,_28635_,33.977,33.977
cluster_4,_28636_,33.977,33.977
cluster_4,_28623_,33.977,33.977
cluster_4,_28637_,33.977,33.977
cluster_4,_28639_,33.977,33.977
cluster_4,_28640_,33.977,33.977
cluster_4,_28641_,33.977,33.977
cluster_4,_28642_,33.977,33.977
cluster_4,_28643_,33.977,33.977
cluster_4,_28645_,33.977,33.977
cluster_4,_28646_,33.977,33.977
cluster_4,_28647_,33.977,33.977
cluster_4,_28648_,33.977,33.977
cluster_4,_28649_,33.977,33.977
cluster_4,_28650_,33.977,33.977
cluster_4,_28651_,33.977,33.977
cluster_4,_28652_,33.977,33.977
cluster_4,_28653_,33.977,33.977
cluster_4,_28638_,33.977,33.977
cluster_4,_28622_,33.977,33.977
cluster_4,_28627_,33.977,33.977
cluster_4,_28618_,33.977,33.977
cluster_4,_28616_,33.977,33.977
cluster_4,_28615_,33.977,33.977
cluster_4,_28614_,33.977,33.977
cluster_4,_28613_,33.977,33.977
cluster_4,_28621_,33.977,33.977
cluster_4,_28617_,33.977,33.977
cluster_4,_28656_,33.977,33.977
cluster_4,_28620_,33.977,33.977
cluster_4,_28619_,33.977,33.977
cluster_5,_19549_,33.217,33.217
cluster_5,_19518_,33.217,33.217
cluster_5,_19541_,33.217,33.217
cluster_5,_19511_,33.217,33.217
cluster_5,_19517_,33.217,33.217
cluster_5,_19516_,33.217,33.217
cluster_5,_19515_,33.217,33.217
cluster_5,_19514_,33.217,33.217
cluster_5,_19513_,33.217,33.217
cluster_5,_19512_,33.217,33.217
cluster_5,_19543_,33.217,33.217
cluster_5,_19545_,33.217,33.217
cluster_5,_19546_,33.217,33.217
cluster_5,_19547_,33.217,33.217
cluster_5,_19548_,33.217,33.217
cluster_5,_19550_,33.217,33.217
cluster_5,_19542_,33.217,33.217
cluster_5,_19533_,33.217,33.217
cluster_5,_19520_,33.217,33.217
cluster_5,_19534_,33.217,33.217
cluster_5,_19532_,33.217,33.217
cluster_5,_19531_,33.217,33.217
cluster_5,_19535_,33.217,33.217
cluster_5,_19530_,33.217,33.217
cluster_5,_19551_,33.217,33.217
cluster_5,_19529_,33.217,33.217
cluster_5,_19528_,33.217,33.217
cluster_5,_19527_,33.217,33.217
cluster_5,_19519_,33.217,33.217
cluster_5,_19526_,33.217,33.217
cluster_5,_19537_,33.217,33.217
cluster_5,_19538_,33.217,33.217
cluster_5,_19525_,33.217,33.217
cluster_5,_19524_,33.217,33.217
cluster_5,_19539_,33.217,33.217
cluster_5,_19540_,33.217,33.217
cluster_5,_19523_,33.217,33.217
cluster_5,_19522_,33.217,33.217
cluster_5,_19521_,33.217,33.217
cluster_5,_19536_,33.217,33.217
cluster_5,_19552_,33.217,33.217
cluster_5,_19591_,33.217,33.217
cluster_5,_19554_,33.217,33.217
cluster_5,_19575_,33.217,33.217
cluster_5,_19576_,33.217,33.217
cluster_5,_19577_,33.217,33.217
cluster_5,_19578_,33.217,33.217
cluster_5,_19579_,33.217,33.217
cluster_5,_19580_,33.217,33.217
cluster_5,_19581_,33.217,33.217
cluster_5,_19582_,33.217,33.217
cluster_5,_19583_,33.217,33.217
cluster_5,_19584_,33.217,33.217
cluster_5,_19585_,33.217,33.217
cluster_5,_19595_,33.217,33.217
cluster_5,_19594_,33.217,33.217
cluster_5,_19593_,33.217,33.217
cluster_5,_19586_,33.217,33.217
cluster_5,_19587_,33.217,33.217
cluster_5,_19588_,33.217,33.217
cluster_5,_19589_,33.217,33.217
cluster_5,_19590_,33.217,33.217
cluster_5,_19574_,33.217,33.217
cluster_5,_19553_,33.217,33.217
cluster_5,_19573_,33.217,33.217
cluster_5,_19571_,33.217,33.217
cluster_5,_19555_,33.217,33.217
cluster_5,_19556_,33.217,33.217
cluster_5,_19557_,33.217,33.217
cluster_5,_19558_,33.217,33.217
cluster_5,_19559_,33.217,33.217
cluster_5,_19560_,33.217,33.217
cluster_5,_19561_,33.217,33.217
cluster_5,_19562_,33.217,33.217
cluster_5,_19592_,33.217,33.217
cluster_5,_19563_,33.217,33.217
cluster_5,_19564_,33.217,33.217
cluster_5,_19565_,33.217,33.217
cluster_5,_19566_,33.217,33.217
cluster_5,_19567_,33.217,33.217
cluster_5,_19568_,33.217,33.217
cluster_5,_19510_,33.217,33.217
cluster_5,_19596_,33.217,33.217
cluster_5,_19569_,33.217,33.217
cluster_5,_19570_,33.217,33.217
cluster_5,_19572_,33.217,33.217
cluster_5,_19509_,33.217,33.217
cluster_5,_19465_,33.217,33.217
cluster_5,_19507_,33.217,33.217
cluster_5,_19442_,33.217,33.217
cluster_5,_19443_,33.217,33.217
cluster_5,_19444_,33.217,33.217
cluster_5,_19445_,33.217,33.217
cluster_5,_19446_,33.217,33.217
cluster_5,_19447_,33.217,33.217
cluster_5,_19448_,33.217,33.217
cluster_5,_19449_,33.217,33.217
cluster_5,_19450_,33.217,33.217
cluster_5,_19451_,33.217,33.217
cluster_5,_19452_,33.217,33.217
cluster_5,_19453_,33.217,33.217
cluster_5,_19454_,33.217,33.217
cluster_5,_19455_,33.217,33.217
cluster_5,_19456_,33.217,33.217
cluster_5,_19457_,33.217,33.217
cluster_5,_19458_,33.217,33.217
cluster_5,_19459_,33.217,33.217
cluster_5,_19460_,33.217,33.217
cluster_5,_19441_,33.217,33.217
cluster_5,_19461_,33.217,33.217
cluster_5,_19440_,33.217,33.217
cluster_5,_19438_,33.217,33.217
cluster_5,_19419_,33.217,33.217
cluster_5,_19420_,33.217,33.217
cluster_5,_19421_,33.217,33.217
cluster_5,_19422_,33.217,33.217
cluster_5,_19423_,33.217,33.217
cluster_5,_19424_,33.217,33.217
cluster_5,_19425_,33.217,33.217
cluster_5,_19426_,33.217,33.217
cluster_5,_19427_,33.217,33.217
cluster_5,_19428_,33.217,33.217
cluster_5,_19429_,33.217,33.217
cluster_5,_19430_,33.217,33.217
cluster_5,_19431_,33.217,33.217
cluster_5,_19432_,33.217,33.217
cluster_5,_19433_,33.217,33.217
cluster_5,_19434_,33.217,33.217
cluster_5,_19435_,33.217,33.217
cluster_5,_19436_,33.217,33.217
cluster_5,_19437_,33.217,33.217
cluster_5,_19439_,33.217,33.217
cluster_5,_19508_,33.217,33.217
cluster_5,_19462_,33.217,33.217
cluster_5,_19464_,33.217,33.217
cluster_5,_19488_,33.217,33.217
cluster_5,_19489_,33.217,33.217
cluster_5,_19490_,33.217,33.217
cluster_5,_19491_,33.217,33.217
cluster_5,_19492_,33.217,33.217
cluster_5,_19493_,33.217,33.217
cluster_5,_19494_,33.217,33.217
cluster_5,_19495_,33.217,33.217
cluster_5,_19496_,33.217,33.217
cluster_5,_19497_,33.217,33.217
cluster_5,_19498_,33.217,33.217
cluster_5,_19499_,33.217,33.217
cluster_5,_19500_,33.217,33.217
cluster_5,_19501_,33.217,33.217
cluster_5,_19502_,33.217,33.217
cluster_5,_19503_,33.217,33.217
cluster_5,_19504_,33.217,33.217
cluster_5,_19505_,33.217,33.217
cluster_5,_19506_,33.217,33.217
cluster_5,_19487_,33.217,33.217
cluster_5,_19463_,33.217,33.217
cluster_5,_19486_,33.217,33.217
cluster_5,_19484_,33.217,33.217
cluster_5,_19597_,33.217,33.217
cluster_5,_19466_,33.217,33.217
cluster_5,_19467_,33.217,33.217
cluster_5,_19468_,33.217,33.217
cluster_5,_19469_,33.217,33.217
cluster_5,_19470_,33.217,33.217
cluster_5,_19471_,33.217,33.217
cluster_5,_19472_,33.217,33.217
cluster_5,_19473_,33.217,33.217
cluster_5,_19474_,33.217,33.217
cluster_5,_19475_,33.217,33.217
cluster_5,_19476_,33.217,33.217
cluster_5,_19477_,33.217,33.217
cluster_5,_19478_,33.217,33.217
cluster_5,_19479_,33.217,33.217
cluster_5,_19480_,33.217,33.217
cluster_5,_19481_,33.217,33.217
cluster_5,_19482_,33.217,33.217
cluster_5,_19483_,33.217,33.217
cluster_5,_19485_,33.217,33.217
cluster_5,_19598_,33.217,33.217
cluster_5,_19644_,33.217,33.217
cluster_5,_19600_,33.217,33.217
cluster_5,_19715_,33.217,33.217
cluster_5,_19716_,33.217,33.217
cluster_5,_19717_,33.217,33.217
cluster_5,_19718_,33.217,33.217
cluster_5,_19719_,33.217,33.217
cluster_5,_19720_,33.217,33.217
cluster_5,_19721_,33.217,33.217
cluster_5,_19722_,33.217,33.217
cluster_5,_19714_,33.217,33.217
cluster_5,_19723_,33.217,33.217
cluster_5,_19725_,33.217,33.217
cluster_5,_19726_,33.217,33.217
cluster_5,_19727_,33.217,33.217
cluster_5,_19728_,33.217,33.217
cluster_5,_19729_,33.217,33.217
cluster_5,_19730_,33.217,33.217
cluster_5,_19731_,33.217,33.217
cluster_5,_19732_,33.217,33.217
cluster_5,_19724_,33.217,33.217
cluster_5,_19713_,33.217,33.217
cluster_5,_19712_,33.217,33.217
cluster_5,_19711_,33.217,33.217
cluster_5,_19692_,33.217,33.217
cluster_5,_19693_,33.217,33.217
cluster_5,_19694_,33.217,33.217
cluster_5,_19695_,33.217,33.217
cluster_5,_19696_,33.217,33.217
cluster_5,_19697_,33.217,33.217
cluster_5,_19698_,33.217,33.217
cluster_5,_19699_,33.217,33.217
cluster_5,_19700_,33.217,33.217
cluster_5,_19701_,33.217,33.217
cluster_5,_19702_,33.217,33.217
cluster_5,_19703_,33.217,33.217
cluster_5,_19704_,33.217,33.217
cluster_5,_19705_,33.217,33.217
cluster_5,_19706_,33.217,33.217
cluster_5,_19707_,33.217,33.217
cluster_5,_19708_,33.217,33.217
cluster_5,_19709_,33.217,33.217
cluster_5,_19710_,33.217,33.217
cluster_5,_19733_,33.217,33.217
cluster_5,_19734_,33.217,33.217
cluster_5,_19735_,33.217,33.217
cluster_5,_19736_,33.217,33.217
cluster_5,_29627_,33.217,33.217
cluster_5,_29628_,33.217,33.217
cluster_5,_29629_,33.217,33.217
cluster_5,_29630_,33.217,33.217
cluster_5,_29631_,33.217,33.217
cluster_5,clone110,33.217,33.217
cluster_5,clone108,33.217,33.217
cluster_5,_18395_,33.217,33.217
cluster_5,text_in_r[89]$_DFFE_PP_,33.217,33.217
cluster_5,text_in_r[90]$_DFFE_PP_,33.217,33.217
cluster_5,text_in_r[91]$_DFFE_PP_,33.217,33.217
cluster_5,text_in_r[92]$_DFFE_PP_,33.217,33.217
cluster_5,text_in_r[93]$_DFFE_PP_,33.217,33.217
cluster_5,text_in_r[94]$_DFFE_PP_,33.217,33.217
cluster_5,text_in_r[95]$_DFFE_PP_,33.217,33.217
cluster_5,clone114,33.217,33.217
cluster_5,clone113,33.217,33.217
cluster_5,clone112,33.217,33.217
cluster_5,split111,33.217,33.217
cluster_5,_29626_,33.217,33.217
cluster_5,_19691_,33.217,33.217
cluster_5,_29625_,33.217,33.217
cluster_5,_29623_,33.217,33.217
cluster_5,_19737_,33.217,33.217
cluster_5,_19738_,33.217,33.217
cluster_5,_19739_,33.217,33.217
cluster_5,_19740_,33.217,33.217
cluster_5,_19741_,33.217,33.217
cluster_5,_19742_,33.217,33.217
cluster_5,_19743_,33.217,33.217
cluster_5,_19744_,33.217,33.217
cluster_5,input252,33.217,33.217
cluster_5,input251,33.217,33.217
cluster_5,input250,33.217,33.217
cluster_5,input249,33.217,33.217
cluster_5,input248,33.217,33.217
cluster_5,input247,33.217,33.217
cluster_5,input245,33.217,33.217
cluster_5,_29619_,33.217,33.217
cluster_5,_29620_,33.217,33.217
cluster_5,_29621_,33.217,33.217
cluster_5,_29622_,33.217,33.217
cluster_5,_29624_,33.217,33.217
cluster_5,_19599_,33.217,33.217
cluster_5,_19690_,33.217,33.217
cluster_5,_19688_,33.217,33.217
cluster_5,_19624_,33.217,33.217
cluster_5,_19625_,33.217,33.217
cluster_5,_19626_,33.217,33.217
cluster_5,_19627_,33.217,33.217
cluster_5,_19628_,33.217,33.217
cluster_5,_19629_,33.217,33.217
cluster_5,_19630_,33.217,33.217
cluster_5,_19631_,33.217,33.217
cluster_5,_19623_,33.217,33.217
cluster_5,_19632_,33.217,33.217
cluster_5,_19634_,33.217,33.217
cluster_5,_19635_,33.217,33.217
cluster_5,_19636_,33.217,33.217
cluster_5,_19637_,33.217,33.217
cluster_5,_19638_,33.217,33.217
cluster_5,_19639_,33.217,33.217
cluster_5,_19640_,33.217,33.217
cluster_5,_19641_,33.217,33.217
cluster_5,_19633_,33.217,33.217
cluster_5,_19622_,33.217,33.217
cluster_5,_19621_,33.217,33.217
cluster_5,_19620_,33.217,33.217
cluster_5,_19601_,33.217,33.217
cluster_5,_19602_,33.217,33.217
cluster_5,_19603_,33.217,33.217
cluster_5,_19604_,33.217,33.217
cluster_5,_19605_,33.217,33.217
cluster_5,_19606_,33.217,33.217
cluster_5,_19607_,33.217,33.217
cluster_5,_19608_,33.217,33.217
cluster_5,_19609_,33.217,33.217
cluster_5,_19610_,33.217,33.217
cluster_5,_19611_,33.217,33.217
cluster_5,_19612_,33.217,33.217
cluster_5,_19613_,33.217,33.217
cluster_5,_19614_,33.217,33.217
cluster_5,_19615_,33.217,33.217
cluster_5,_19616_,33.217,33.217
cluster_5,_19617_,33.217,33.217
cluster_5,_19618_,33.217,33.217
cluster_5,_19619_,33.217,33.217
cluster_5,_19642_,33.217,33.217
cluster_5,_19643_,33.217,33.217
cluster_5,_19418_,33.217,33.217
cluster_5,_19645_,33.217,33.217
cluster_5,_19669_,33.217,33.217
cluster_5,_19670_,33.217,33.217
cluster_5,_19671_,33.217,33.217
cluster_5,_19672_,33.217,33.217
cluster_5,_19673_,33.217,33.217
cluster_5,_19674_,33.217,33.217
cluster_5,_19675_,33.217,33.217
cluster_5,_19676_,33.217,33.217
cluster_5,_19677_,33.217,33.217
cluster_5,_19678_,33.217,33.217
cluster_5,_19679_,33.217,33.217
cluster_5,_19680_,33.217,33.217
cluster_5,_19681_,33.217,33.217
cluster_5,_19682_,33.217,33.217
cluster_5,_19683_,33.217,33.217
cluster_5,_19684_,33.217,33.217
cluster_5,_19685_,33.217,33.217
cluster_5,_19686_,33.217,33.217
cluster_5,_19687_,33.217,33.217
cluster_5,_19668_,33.217,33.217
cluster_5,_19689_,33.217,33.217
cluster_5,_19667_,33.217,33.217
cluster_5,_19665_,33.217,33.217
cluster_5,_19646_,33.217,33.217
cluster_5,_19647_,33.217,33.217
cluster_5,_19648_,33.217,33.217
cluster_5,_19649_,33.217,33.217
cluster_5,_19650_,33.217,33.217
cluster_5,_19651_,33.217,33.217
cluster_5,_19652_,33.217,33.217
cluster_5,_19653_,33.217,33.217
cluster_5,_19654_,33.217,33.217
cluster_5,_19655_,33.217,33.217
cluster_5,_19656_,33.217,33.217
cluster_5,_19657_,33.217,33.217
cluster_5,_19658_,33.217,33.217
cluster_5,_19659_,33.217,33.217
cluster_5,_19660_,33.217,33.217
cluster_5,_19661_,33.217,33.217
cluster_5,_19662_,33.217,33.217
cluster_5,_19663_,33.217,33.217
cluster_5,_19664_,33.217,33.217
cluster_5,_19666_,33.217,33.217
cluster_5,_19417_,33.217,33.217
cluster_5,_19544_,33.217,33.217
cluster_5,_19415_,33.217,33.217
cluster_5,_19162_,33.217,33.217
cluster_5,_19164_,33.217,33.217
cluster_5,_19165_,33.217,33.217
cluster_5,_19166_,33.217,33.217
cluster_5,_19167_,33.217,33.217
cluster_5,_19168_,33.217,33.217
cluster_5,_19169_,33.217,33.217
cluster_5,_19170_,33.217,33.217
cluster_5,_19161_,33.217,33.217
cluster_5,_19171_,33.217,33.217
cluster_5,_19173_,33.217,33.217
cluster_5,_19174_,33.217,33.217
cluster_5,_19175_,33.217,33.217
cluster_5,_19177_,33.217,33.217
cluster_5,_19178_,33.217,33.217
cluster_5,_19180_,33.217,33.217
cluster_5,_19181_,33.217,33.217
cluster_5,_19182_,33.217,33.217
cluster_5,_19172_,33.217,33.217
cluster_5,_19160_,33.217,33.217
cluster_5,_19159_,33.217,33.217
cluster_5,_19158_,33.217,33.217
cluster_5,_19133_,33.217,33.217
cluster_5,_19134_,33.217,33.217
cluster_5,_19135_,33.217,33.217
cluster_5,_19136_,33.217,33.217
cluster_5,_19137_,33.217,33.217
cluster_5,_19138_,33.217,33.217
cluster_5,_19139_,33.217,33.217
cluster_5,_19140_,33.217,33.217
cluster_5,_19141_,33.217,33.217
cluster_5,_19142_,33.217,33.217
cluster_5,_19147_,33.217,33.217
cluster_5,_19149_,33.217,33.217
cluster_5,_19150_,33.217,33.217
cluster_5,_19152_,33.217,33.217
cluster_5,_19153_,33.217,33.217
cluster_5,_19154_,33.217,33.217
cluster_5,_19155_,33.217,33.217
cluster_5,_19156_,33.217,33.217
cluster_5,_19157_,33.217,33.217
cluster_5,_19183_,33.217,33.217
cluster_5,_19184_,33.217,33.217
cluster_5,_19185_,33.217,33.217
cluster_5,_19186_,33.217,33.217
cluster_5,_19212_,33.217,33.217
cluster_5,_19214_,33.217,33.217
cluster_5,_19215_,33.217,33.217
cluster_5,_19216_,33.217,33.217
cluster_5,_19217_,33.217,33.217
cluster_5,_19218_,33.217,33.217
cluster_5,_19219_,33.217,33.217
cluster_5,_19220_,33.217,33.217
cluster_5,_19221_,33.217,33.217
cluster_5,_19222_,33.217,33.217
cluster_5,_19223_,33.217,33.217
cluster_5,_19224_,33.217,33.217
cluster_5,_19225_,33.217,33.217
cluster_5,_19226_,33.217,33.217
cluster_5,_19227_,33.217,33.217
cluster_5,_19228_,33.217,33.217
cluster_5,_19229_,33.217,33.217
cluster_5,_19230_,33.217,33.217
cluster_5,_19231_,33.217,33.217
cluster_5,_19211_,33.217,33.217
cluster_5,_19132_,33.217,33.217
cluster_5,_19210_,33.217,33.217
cluster_5,_19208_,33.217,33.217
cluster_5,_19187_,33.217,33.217
cluster_5,_19188_,33.217,33.217
cluster_5,_19189_,33.217,33.217
cluster_5,_19191_,33.217,33.217
cluster_5,_19192_,33.217,33.217
cluster_5,_19193_,33.217,33.217
cluster_5,_19194_,33.217,33.217
cluster_5,_19195_,33.217,33.217
cluster_5,_19196_,33.217,33.217
cluster_5,_19197_,33.217,33.217
cluster_5,_19198_,33.217,33.217
cluster_5,_19199_,33.217,33.217
cluster_5,_19200_,33.217,33.217
cluster_5,_19201_,33.217,33.217
cluster_5,_19202_,33.217,33.217
cluster_5,_19203_,33.217,33.217
cluster_5,_19204_,33.217,33.217
cluster_5,_19205_,33.217,33.217
cluster_5,_19207_,33.217,33.217
cluster_5,_19209_,33.217,33.217
cluster_5,_19129_,33.217,33.217
cluster_5,_19128_,33.217,33.217
cluster_5,_19127_,33.217,33.217
cluster_5,_19033_,33.217,33.217
cluster_5,_19034_,33.217,33.217
cluster_5,_19035_,33.217,33.217
cluster_5,_19036_,33.217,33.217
cluster_5,_19037_,33.217,33.217
cluster_5,_19038_,33.217,33.217
cluster_5,_19039_,33.217,33.217
cluster_5,sa01_sr[4]$_DFF_P_,33.217,33.217
cluster_5,sa01_sr[3]$_DFF_P_,33.217,33.217
cluster_5,sa01_sr[2]$_DFF_P_,33.217,33.217
cluster_5,sa01_sr[1]$_DFF_P_,33.217,33.217
cluster_5,sa01_sr[0]$_DFF_P_,33.217,33.217
cluster_5,_19059_,33.217,33.217
cluster_5,_19060_,33.217,33.217
cluster_5,_19061_,33.217,33.217
cluster_5,_19064_,33.217,33.217
cluster_5,_19065_,33.217,33.217
cluster_5,_19416_,33.217,33.217
cluster_5,_19068_,33.217,33.217
cluster_5,_19031_,33.217,33.217
cluster_5,_19069_,33.217,33.217
cluster_5,sa01_sr[5]$_DFF_P_,33.217,33.217
cluster_5,sa01_sr[7]$_DFF_P_,33.217,33.217
cluster_5,_29498_,33.217,33.217
cluster_5,_29499_,33.217,33.217
cluster_5,_29500_,33.217,33.217
cluster_5,_19014_,33.217,33.217
cluster_5,_19013_,33.217,33.217
cluster_5,_19012_,33.217,33.217
cluster_5,_19011_,33.217,33.217
cluster_5,_29497_,33.217,33.217
cluster_5,_29501_,33.217,33.217
cluster_5,_29502_,33.217,33.217
cluster_5,clone106,33.217,33.217
cluster_5,_29495_,33.217,33.217
cluster_5,_19020_,33.217,33.217
cluster_5,_19021_,33.217,33.217
cluster_5,_29493_,33.217,33.217
cluster_5,_19024_,33.217,33.217
cluster_5,_19025_,33.217,33.217
cluster_5,_19026_,33.217,33.217
cluster_5,_19027_,33.217,33.217
cluster_5,sa01_sr[6]$_DFF_P_,33.217,33.217
cluster_5,_19232_,33.217,33.217
cluster_5,_19070_,33.217,33.217
cluster_5,_19072_,33.217,33.217
cluster_5,_19101_,33.217,33.217
cluster_5,_19102_,33.217,33.217
cluster_5,_19105_,33.217,33.217
cluster_5,_19107_,33.217,33.217
cluster_5,_19108_,33.217,33.217
cluster_5,_19109_,33.217,33.217
cluster_5,_19111_,33.217,33.217
cluster_5,_19112_,33.217,33.217
cluster_5,_19113_,33.217,33.217
cluster_5,_19114_,33.217,33.217
cluster_5,_19117_,33.217,33.217
cluster_5,_19118_,33.217,33.217
cluster_5,_19119_,33.217,33.217
cluster_5,_19120_,33.217,33.217
cluster_5,_19122_,33.217,33.217
cluster_5,_19123_,33.217,33.217
cluster_5,_19124_,33.217,33.217
cluster_5,_19125_,33.217,33.217
cluster_5,_19126_,33.217,33.217
cluster_5,_19100_,33.217,33.217
cluster_5,_19071_,33.217,33.217
cluster_5,_19099_,33.217,33.217
cluster_5,_19096_,33.217,33.217
cluster_5,_19073_,33.217,33.217
cluster_5,_19074_,33.217,33.217
cluster_5,_19075_,33.217,33.217
cluster_5,_19076_,33.217,33.217
cluster_5,_19077_,33.217,33.217
cluster_5,_19078_,33.217,33.217
cluster_5,_19079_,33.217,33.217
cluster_5,_19080_,33.217,33.217
cluster_5,_19081_,33.217,33.217
cluster_5,_19082_,33.217,33.217
cluster_5,_19083_,33.217,33.217
cluster_5,_19084_,33.217,33.217
cluster_5,_19085_,33.217,33.217
cluster_5,_19086_,33.217,33.217
cluster_5,_19087_,33.217,33.217
cluster_5,_19088_,33.217,33.217
cluster_5,_19089_,33.217,33.217
cluster_5,_19090_,33.217,33.217
cluster_5,_19091_,33.217,33.217
cluster_5,_19098_,33.217,33.217
cluster_5,_19233_,33.217,33.217
cluster_5,_19151_,33.217,33.217
cluster_5,_19235_,33.217,33.217
cluster_5,_19342_,33.217,33.217
cluster_5,_19410_,33.217,33.217
cluster_5,_19343_,33.217,33.217
cluster_5,_19409_,33.217,33.217
cluster_5,_19408_,33.217,33.217
cluster_5,_19344_,33.217,33.217
cluster_5,_19345_,33.217,33.217
cluster_5,_19347_,33.217,33.217
cluster_5,_19348_,33.217,33.217
cluster_5,_19341_,33.217,33.217
cluster_5,_19349_,33.217,33.217
cluster_5,_19351_,33.217,33.217
cluster_5,_19352_,33.217,33.217
cluster_5,_19353_,33.217,33.217
cluster_5,_19354_,33.217,33.217
cluster_5,_19355_,33.217,33.217
cluster_5,_19356_,33.217,33.217
cluster_5,_19357_,33.217,33.217
cluster_5,_19358_,33.217,33.217
cluster_5,_19359_,33.217,33.217
cluster_5,_19350_,33.217,33.217
cluster_5,_19360_,33.217,33.217
cluster_5,_19340_,33.217,33.217
cluster_5,_19338_,33.217,33.217
cluster_5,_19322_,33.217,33.217
cluster_5,_19323_,33.217,33.217
cluster_5,_19414_,33.217,33.217
cluster_5,_19413_,33.217,33.217
cluster_5,_19324_,33.217,33.217
cluster_5,_19325_,33.217,33.217
cluster_5,_19326_,33.217,33.217
cluster_5,_19327_,33.217,33.217
cluster_5,_19328_,33.217,33.217
cluster_5,_19339_,33.217,33.217
cluster_5,_19329_,33.217,33.217
cluster_5,_19331_,33.217,33.217
cluster_5,_19412_,33.217,33.217
cluster_5,_19332_,33.217,33.217
cluster_5,_19333_,33.217,33.217
cluster_5,_19334_,33.217,33.217
cluster_5,_19335_,33.217,33.217
cluster_5,_19411_,33.217,33.217
cluster_5,_19336_,33.217,33.217
cluster_5,_19337_,33.217,33.217
cluster_5,_19330_,33.217,33.217
cluster_5,_19321_,33.217,33.217
cluster_5,_19361_,33.217,33.217
cluster_5,_19363_,33.217,33.217
cluster_5,_19387_,33.217,33.217
cluster_5,_19388_,33.217,33.217
cluster_5,_19389_,33.217,33.217
cluster_5,_19390_,33.217,33.217
cluster_5,_19391_,33.217,33.217
cluster_5,_19392_,33.217,33.217
cluster_5,_19393_,33.217,33.217
cluster_5,_19394_,33.217,33.217
cluster_5,_19395_,33.217,33.217
cluster_5,_19386_,33.217,33.217
cluster_5,_19396_,33.217,33.217
cluster_5,_19398_,33.217,33.217
cluster_5,_19399_,33.217,33.217
cluster_5,_19400_,33.217,33.217
cluster_5,_19401_,33.217,33.217
cluster_5,_19402_,33.217,33.217
cluster_5,_19403_,33.217,33.217
cluster_5,_19404_,33.217,33.217
cluster_5,_19407_,33.217,33.217
cluster_5,_19405_,33.217,33.217
cluster_5,_19397_,33.217,33.217
cluster_5,_19362_,33.217,33.217
cluster_5,_19385_,33.217,33.217
cluster_5,_19383_,33.217,33.217
cluster_5,_19364_,33.217,33.217
cluster_5,_19365_,33.217,33.217
cluster_5,_19366_,33.217,33.217
cluster_5,_19367_,33.217,33.217
cluster_5,_19368_,33.217,33.217
cluster_5,_19369_,33.217,33.217
cluster_5,_19370_,33.217,33.217
cluster_5,_19371_,33.217,33.217
cluster_5,_19372_,33.217,33.217
cluster_5,_19384_,33.217,33.217
cluster_5,_19373_,33.217,33.217
cluster_5,_19234_,33.217,33.217
cluster_5,_19375_,33.217,33.217
cluster_5,_19376_,33.217,33.217
cluster_5,_19377_,33.217,33.217
cluster_5,_19378_,33.217,33.217
cluster_5,_19379_,33.217,33.217
cluster_5,_19380_,33.217,33.217
cluster_5,_19381_,33.217,33.217
cluster_5,_19382_,33.217,33.217
cluster_5,_19374_,33.217,33.217
cluster_5,_19320_,33.217,33.217
cluster_5,_19346_,33.217,33.217
cluster_5,_19318_,33.217,33.217
cluster_5,_19262_,33.217,33.217
cluster_5,_19263_,33.217,33.217
cluster_5,_19264_,33.217,33.217
cluster_5,_19265_,33.217,33.217
cluster_5,_19319_,33.217,33.217
cluster_5,_19266_,33.217,33.217
cluster_5,_19267_,33.217,33.217
cluster_5,_19268_,33.217,33.217
cluster_5,_19269_,33.217,33.217
cluster_5,_19270_,33.217,33.217
cluster_5,_19271_,33.217,33.217
cluster_5,_19272_,33.217,33.217
cluster_5,_19273_,33.217,33.217
cluster_5,_19274_,33.217,33.217
cluster_5,_19275_,33.217,33.217
cluster_5,_19276_,33.217,33.217
cluster_5,_19277_,33.217,33.217
cluster_5,_19278_,33.217,33.217
cluster_5,_19279_,33.217,33.217
cluster_5,_19280_,33.217,33.217
cluster_5,_19281_,33.217,33.217
cluster_5,_19261_,33.217,33.217
cluster_5,_19260_,33.217,33.217
cluster_5,clone107,33.217,33.217
cluster_5,_19258_,33.217,33.217
cluster_5,_19236_,33.217,33.217
cluster_5,_19237_,33.217,33.217
cluster_5,_19238_,33.217,33.217
cluster_5,_19239_,33.217,33.217
cluster_5,_19240_,33.217,33.217
cluster_5,_19241_,33.217,33.217
cluster_5,_19242_,33.217,33.217
cluster_5,_19243_,33.217,33.217
cluster_5,_19244_,33.217,33.217
cluster_5,_19245_,33.217,33.217
cluster_5,_19282_,33.217,33.217
cluster_5,_19246_,33.217,33.217
cluster_5,_19248_,33.217,33.217
cluster_5,_19249_,33.217,33.217
cluster_5,_19250_,33.217,33.217
cluster_5,_19251_,33.217,33.217
cluster_5,_19252_,33.217,33.217
cluster_5,_19253_,33.217,33.217
cluster_5,_19254_,33.217,33.217
cluster_5,_19255_,33.217,33.217
cluster_5,_19256_,33.217,33.217
cluster_5,_19257_,33.217,33.217
cluster_5,_19247_,33.217,33.217
cluster_5,_19283_,33.217,33.217
cluster_5,_19406_,33.217,33.217
cluster_5,_19295_,33.217,33.217
cluster_5,_19314_,33.217,33.217
cluster_5,_19306_,33.217,33.217
cluster_5,_19292_,33.217,33.217
cluster_5,_19305_,33.217,33.217
cluster_5,_19304_,33.217,33.217
cluster_5,_19293_,33.217,33.217
cluster_5,_19303_,33.217,33.217
cluster_5,_19299_,33.217,33.217
cluster_5,_19294_,33.217,33.217
cluster_5,_19313_,33.217,33.217
cluster_5,_19296_,33.217,33.217
cluster_5,_19297_,33.217,33.217
cluster_5,_19298_,33.217,33.217
cluster_5,_19302_,33.217,33.217
cluster_5,_19301_,33.217,33.217
cluster_5,_19300_,33.217,33.217
cluster_5,_19311_,33.217,33.217
cluster_5,_19291_,33.217,33.217
cluster_5,_19307_,33.217,33.217
cluster_5,_19284_,33.217,33.217
cluster_5,_19315_,33.217,33.217
cluster_5,_19310_,33.217,33.217
cluster_5,_19286_,33.217,33.217
cluster_5,_19290_,33.217,33.217
cluster_5,_19287_,33.217,33.217
cluster_5,_19285_,33.217,33.217
cluster_5,_19316_,33.217,33.217
cluster_5,_19312_,33.217,33.217
cluster_5,_19289_,33.217,33.217
cluster_5,_19309_,33.217,33.217
cluster_5,_19317_,33.217,33.217
cluster_5,_19308_,33.217,33.217
cluster_5,_19288_,33.217,33.217
cluster_6,_23696_,33.757,33.757
cluster_6,_23737_,33.757,33.757
cluster_6,_23693_,33.757,33.757
cluster_6,_23691_,33.757,33.757
cluster_6,_23695_,33.757,33.757
cluster_6,_23694_,33.757,33.757
cluster_6,_23692_,33.757,33.757
cluster_6,_23736_,33.757,33.757
cluster_6,_23735_,33.757,33.757
cluster_6,_23690_,33.757,33.757
cluster_6,_23727_,33.757,33.757
cluster_6,_23688_,33.757,33.757
cluster_6,_23667_,33.757,33.757
cluster_6,_23668_,33.757,33.757
cluster_6,_23669_,33.757,33.757
cluster_6,_23670_,33.757,33.757
cluster_6,_23671_,33.757,33.757
cluster_6,_23672_,33.757,33.757
cluster_6,_23674_,33.757,33.757
cluster_6,_23675_,33.757,33.757
cluster_6,_23676_,33.757,33.757
cluster_6,_23677_,33.757,33.757
cluster_6,_23678_,33.757,33.757
cluster_6,_23679_,33.757,33.757
cluster_6,_23680_,33.757,33.757
cluster_6,_23681_,33.757,33.757
cluster_6,_23682_,33.757,33.757
cluster_6,_23683_,33.757,33.757
cluster_6,_23684_,33.757,33.757
cluster_6,_23685_,33.757,33.757
cluster_6,_23686_,33.757,33.757
cluster_6,_23687_,33.757,33.757
cluster_6,_23734_,33.757,33.757
cluster_6,_23689_,33.757,33.757
cluster_6,_23697_,33.757,33.757
cluster_6,_23706_,33.757,33.757
cluster_6,_23699_,33.757,33.757
cluster_6,_23719_,33.757,33.757
cluster_6,_23666_,33.757,33.757
cluster_6,_23720_,33.757,33.757
cluster_6,_23721_,33.757,33.757
cluster_6,_23722_,33.757,33.757
cluster_6,_23733_,33.757,33.757
cluster_6,_23740_,33.757,33.757
cluster_6,_23732_,33.757,33.757
cluster_6,_23731_,33.757,33.757
cluster_6,_23741_,33.757,33.757
cluster_6,_23742_,33.757,33.757
cluster_6,_23723_,33.757,33.757
cluster_6,_23724_,33.757,33.757
cluster_6,_23725_,33.757,33.757
cluster_6,_23730_,33.757,33.757
cluster_6,_23729_,33.757,33.757
cluster_6,_23726_,33.757,33.757
cluster_6,_23718_,33.757,33.757
cluster_6,_23717_,33.757,33.757
cluster_6,_23716_,33.757,33.757
cluster_6,_23714_,33.757,33.757
cluster_6,_23700_,33.757,33.757
cluster_6,_23701_,33.757,33.757
cluster_6,_23702_,33.757,33.757
cluster_6,_23703_,33.757,33.757
cluster_6,_23738_,33.757,33.757
cluster_6,_23704_,33.757,33.757
cluster_6,_23705_,33.757,33.757
cluster_6,_23728_,33.757,33.757
cluster_6,_23698_,33.757,33.757
cluster_6,_23744_,33.757,33.757
cluster_6,_23739_,33.757,33.757
cluster_6,_23708_,33.757,33.757
cluster_6,_23709_,33.757,33.757
cluster_6,_23710_,33.757,33.757
cluster_6,_23711_,33.757,33.757
cluster_6,_23743_,33.757,33.757
cluster_6,_23712_,33.757,33.757
cluster_6,_23713_,33.757,33.757
cluster_6,_23707_,33.757,33.757
cluster_6,_23715_,33.757,33.757
cluster_6,_23617_,33.757,33.757
cluster_6,_23665_,33.757,33.757
cluster_6,_23606_,33.757,33.757
cluster_6,_23607_,33.757,33.757
cluster_6,_23608_,33.757,33.757
cluster_6,_23609_,33.757,33.757
cluster_6,_23610_,33.757,33.757
cluster_6,_23611_,33.757,33.757
cluster_6,_23612_,33.757,33.757
cluster_6,_23613_,33.757,33.757
cluster_6,_23605_,33.757,33.757
cluster_6,_23614_,33.757,33.757
cluster_6,_23616_,33.757,33.757
cluster_6,_23618_,33.757,33.757
cluster_6,_23619_,33.757,33.757
cluster_6,_23620_,33.757,33.757
cluster_6,_23621_,33.757,33.757
cluster_6,_23622_,33.757,33.757
cluster_6,_23623_,33.757,33.757
cluster_6,_23624_,33.757,33.757
cluster_6,_23615_,33.757,33.757
cluster_6,_23625_,33.757,33.757
cluster_6,_23604_,33.757,33.757
cluster_6,_23602_,33.757,33.757
cluster_6,_23586_,33.757,33.757
cluster_6,_23587_,33.757,33.757
cluster_6,_23588_,33.757,33.757
cluster_6,_23589_,33.757,33.757
cluster_6,_23585_,33.757,33.757
cluster_6,_23590_,33.757,33.757
cluster_6,_23745_,33.757,33.757
cluster_6,_23591_,33.757,33.757
cluster_6,_23603_,33.757,33.757
cluster_6,_23592_,33.757,33.757
cluster_6,_23594_,33.757,33.757
cluster_6,_23595_,33.757,33.757
cluster_6,_23596_,33.757,33.757
cluster_6,_23597_,33.757,33.757
cluster_6,_23598_,33.757,33.757
cluster_6,_23599_,33.757,33.757
cluster_6,_23600_,33.757,33.757
cluster_6,_23601_,33.757,33.757
cluster_6,_23593_,33.757,33.757
cluster_6,_20535_,33.757,33.757
cluster_6,_23626_,33.757,33.757
cluster_6,_23628_,33.757,33.757
cluster_6,_23650_,33.757,33.757
cluster_6,_23651_,33.757,33.757
cluster_6,u0.w[3][21]$_DFF_P_,33.757,33.757
cluster_6,u0.w[3][23]$_DFF_P_,33.757,33.757
cluster_6,_15725_,33.757,33.757
cluster_6,_23652_,33.757,33.757
cluster_6,_23653_,33.757,33.757
cluster_6,_23654_,33.757,33.757
cluster_6,_23649_,33.757,33.757
cluster_6,_23655_,33.757,33.757
cluster_6,_23657_,33.757,33.757
cluster_6,_23658_,33.757,33.757
cluster_6,_23659_,33.757,33.757
cluster_6,_23660_,33.757,33.757
cluster_6,_23661_,33.757,33.757
cluster_6,_23662_,33.757,33.757
cluster_6,_23663_,33.757,33.757
cluster_6,_23664_,33.757,33.757
cluster_6,_23656_,33.757,33.757
cluster_6,_23627_,33.757,33.757
cluster_6,_23648_,33.757,33.757
cluster_6,_23646_,33.757,33.757
cluster_6,_23629_,33.757,33.757
cluster_6,_23630_,33.757,33.757
cluster_6,_23631_,33.757,33.757
cluster_6,_23632_,33.757,33.757
cluster_6,_23633_,33.757,33.757
cluster_6,_23634_,33.757,33.757
cluster_6,_23635_,33.757,33.757
cluster_6,_23636_,33.757,33.757
cluster_6,_23647_,33.757,33.757
cluster_6,_23637_,33.757,33.757
cluster_6,_23639_,33.757,33.757
cluster_6,_23640_,33.757,33.757
cluster_6,u0.w[3][20]$_DFF_P_,33.757,33.757
cluster_6,_23641_,33.757,33.757
cluster_6,_23642_,33.757,33.757
cluster_6,_23643_,33.757,33.757
cluster_6,_23644_,33.757,33.757
cluster_6,_23645_,33.757,33.757
cluster_6,_23638_,33.757,33.757
cluster_6,_23746_,33.757,33.757
cluster_6,_23883_,33.757,33.757
cluster_6,_23748_,33.757,33.757
cluster_6,_23853_,33.757,33.757
cluster_6,_23854_,33.757,33.757
cluster_6,_23855_,33.757,33.757
cluster_6,_23856_,33.757,33.757
cluster_6,_23857_,33.757,33.757
cluster_6,_23858_,33.757,33.757
cluster_6,_23859_,33.757,33.757
cluster_6,_23860_,33.757,33.757
cluster_6,_23852_,33.757,33.757
cluster_6,_23861_,33.757,33.757
cluster_6,_23863_,33.757,33.757
cluster_6,_23864_,33.757,33.757
cluster_6,_23865_,33.757,33.757
cluster_6,_23866_,33.757,33.757
cluster_6,_23867_,33.757,33.757
cluster_6,_15345_,33.757,33.757
cluster_6,_23868_,33.757,33.757
cluster_6,_23869_,33.757,33.757
cluster_6,_23862_,33.757,33.757
cluster_6,_23870_,33.757,33.757
cluster_6,_23851_,33.757,33.757
cluster_6,_23849_,33.757,33.757
cluster_6,_23831_,33.757,33.757
cluster_6,_23832_,33.757,33.757
cluster_6,_23833_,33.757,33.757
cluster_6,_23834_,33.757,33.757
cluster_6,_23835_,33.757,33.757
cluster_6,_23836_,33.757,33.757
cluster_6,_23837_,33.757,33.757
cluster_6,_23838_,33.757,33.757
cluster_6,_23850_,33.757,33.757
cluster_6,_23839_,33.757,33.757
cluster_6,_23841_,33.757,33.757
cluster_6,_23842_,33.757,33.757
cluster_6,_23843_,33.757,33.757
cluster_6,_23844_,33.757,33.757
cluster_6,_23845_,33.757,33.757
cluster_6,_23846_,33.757,33.757
cluster_6,_23847_,33.757,33.757
cluster_6,_23848_,33.757,33.757
cluster_6,_23840_,33.757,33.757
cluster_6,_23871_,33.757,33.757
cluster_6,_23872_,33.757,33.757
cluster_6,_23873_,33.757,33.757
cluster_6,_29706_,33.757,33.757
cluster_6,_29705_,33.757,33.757
cluster_6,_29704_,33.757,33.757
cluster_6,_29703_,33.757,33.757
cluster_6,_29702_,33.757,33.757
cluster_6,_29701_,33.757,33.757
cluster_6,_29700_,33.757,33.757
cluster_6,_15379_,33.757,33.757
cluster_6,_29707_,33.757,33.757
cluster_6,_15387_,33.757,33.757
cluster_6,_29415_,33.757,33.757
cluster_6,_29414_,33.757,33.757
cluster_6,_29413_,33.757,33.757
cluster_6,_29412_,33.757,33.757
cluster_6,_29698_,33.757,33.757
cluster_6,_29410_,33.757,33.757
cluster_6,_29408_,33.757,33.757
cluster_6,_23584_,33.757,33.757
cluster_6,_29699_,33.757,33.757
cluster_6,_29708_,33.757,33.757
cluster_6,_29407_,33.757,33.757
cluster_6,_29405_,33.757,33.757
cluster_6,_23874_,33.757,33.757
cluster_6,_15365_,33.757,33.757
cluster_6,_23875_,33.757,33.757
cluster_6,_23876_,33.757,33.757
cluster_6,_23877_,33.757,33.757
cluster_6,_23878_,33.757,33.757
cluster_6,_23879_,33.757,33.757
cluster_6,_23880_,33.757,33.757
cluster_6,_23881_,33.757,33.757
cluster_6,_23882_,33.757,33.757
cluster_6,_23884_,33.757,33.757
cluster_6,_23885_,33.757,33.757
cluster_6,_29709_,33.757,33.757
cluster_6,_23886_,33.757,33.757
cluster_6,_23887_,33.757,33.757
cluster_6,sa12_sr[6]$_DFF_P_,33.757,33.757
cluster_6,sa12_sr[7]$_DFF_P_,33.757,33.757
cluster_6,_29697_,33.757,33.757
cluster_6,_15405_,33.757,33.757
cluster_6,_23830_,33.757,33.757
cluster_6,_23829_,33.757,33.757
cluster_6,_23828_,33.757,33.757
cluster_6,_23827_,33.757,33.757
cluster_6,_23772_,33.757,33.757
cluster_6,_23773_,33.757,33.757
cluster_6,_23774_,33.757,33.757
cluster_6,_23775_,33.757,33.757
cluster_6,_23776_,33.757,33.757
cluster_6,_23777_,33.757,33.757
cluster_6,_23778_,33.757,33.757
cluster_6,_23779_,33.757,33.757
cluster_6,_23771_,33.757,33.757
cluster_6,_23780_,33.757,33.757
cluster_6,_23782_,33.757,33.757
cluster_6,_23783_,33.757,33.757
cluster_6,_23784_,33.757,33.757
cluster_6,_23785_,33.757,33.757
cluster_6,_23786_,33.757,33.757
cluster_6,_23787_,33.757,33.757
cluster_6,_23788_,33.757,33.757
cluster_6,_23789_,33.757,33.757
cluster_6,_23781_,33.757,33.757
cluster_6,_23770_,33.757,33.757
cluster_6,_23769_,33.757,33.757
cluster_6,_23768_,33.757,33.757
cluster_6,_23749_,33.757,33.757
cluster_6,_23750_,33.757,33.757
cluster_6,_23751_,33.757,33.757
cluster_6,_23752_,33.757,33.757
cluster_6,_23753_,33.757,33.757
cluster_6,_23754_,33.757,33.757
cluster_6,_23755_,33.757,33.757
cluster_6,_23756_,33.757,33.757
cluster_6,_23757_,33.757,33.757
cluster_6,_23758_,33.757,33.757
cluster_6,_23759_,33.757,33.757
cluster_6,_23760_,33.757,33.757
cluster_6,_23761_,33.757,33.757
cluster_6,_23762_,33.757,33.757
cluster_6,_23763_,33.757,33.757
cluster_6,_23764_,33.757,33.757
cluster_6,_23765_,33.757,33.757
cluster_6,_23766_,33.757,33.757
cluster_6,_23767_,33.757,33.757
cluster_6,_23790_,33.757,33.757
cluster_6,_23747_,33.757,33.757
cluster_6,_23791_,33.757,33.757
cluster_6,_23793_,33.757,33.757
cluster_6,_23817_,33.757,33.757
cluster_6,input165,33.757,33.757
cluster_6,input166,33.757,33.757
cluster_6,_23818_,33.757,33.757
cluster_6,input168,33.757,33.757
cluster_6,_23819_,33.757,33.757
cluster_6,input170,33.757,33.757
cluster_6,_23820_,33.757,33.757
cluster_6,_23816_,33.757,33.757
cluster_6,input171,33.757,33.757
cluster_6,_23822_,33.757,33.757
cluster_6,_23823_,33.757,33.757
cluster_6,_23824_,33.757,33.757
cluster_6,_23825_,33.757,33.757
cluster_6,input172,33.757,33.757
cluster_6,input173,33.757,33.757
cluster_6,_20599_,33.757,33.757
cluster_6,_23826_,33.757,33.757
cluster_6,_23821_,33.757,33.757
cluster_6,_23815_,33.757,33.757
cluster_6,_23814_,33.757,33.757
cluster_6,_23813_,33.757,33.757
cluster_6,_23794_,33.757,33.757
cluster_6,_23795_,33.757,33.757
cluster_6,_23796_,33.757,33.757
cluster_6,_23797_,33.757,33.757
cluster_6,_23798_,33.757,33.757
cluster_6,_23799_,33.757,33.757
cluster_6,_23800_,33.757,33.757
cluster_6,_23801_,33.757,33.757
cluster_6,_23802_,33.757,33.757
cluster_6,_23803_,33.757,33.757
cluster_6,_23804_,33.757,33.757
cluster_6,_23805_,33.757,33.757
cluster_6,_23806_,33.757,33.757
cluster_6,_23807_,33.757,33.757
cluster_6,_23808_,33.757,33.757
cluster_6,_23809_,33.757,33.757
cluster_6,_23810_,33.757,33.757
cluster_6,_23811_,33.757,33.757
cluster_6,_23812_,33.757,33.757
cluster_6,_23792_,33.757,33.757
cluster_6,_23583_,33.757,33.757
cluster_6,_23267_,33.757,33.757
cluster_6,_23581_,33.757,33.757
cluster_6,_18284_,33.757,33.757
cluster_6,_23343_,33.757,33.757
cluster_6,_19860_,33.757,33.757
cluster_6,_18282_,33.757,33.757
cluster_6,_23344_,33.757,33.757
cluster_6,_23345_,33.757,33.757
cluster_6,_23347_,33.757,33.757
cluster_6,_23348_,33.757,33.757
cluster_6,_23349_,33.757,33.757
cluster_6,_23342_,33.757,33.757
cluster_6,_23350_,33.757,33.757
cluster_6,_18263_,33.757,33.757
cluster_6,_18262_,33.757,33.757
cluster_6,_23352_,33.757,33.757
cluster_6,_23353_,33.757,33.757
cluster_6,_23354_,33.757,33.757
cluster_6,_23355_,33.757,33.757
cluster_6,_23356_,33.757,33.757
cluster_6,_23357_,33.757,33.757
cluster_6,_23358_,33.757,33.757
cluster_6,_23351_,33.757,33.757
cluster_6,_23359_,33.757,33.757
cluster_6,_23341_,33.757,33.757
cluster_6,_23339_,33.757,33.757
cluster_6,_23320_,33.757,33.757
cluster_6,_23322_,33.757,33.757
cluster_6,_23323_,33.757,33.757
cluster_6,_23324_,33.757,33.757
cluster_6,_23325_,33.757,33.757
cluster_6,_19836_,33.757,33.757
cluster_6,_23326_,33.757,33.757
cluster_6,_23327_,33.757,33.757
cluster_6,_23328_,33.757,33.757
cluster_6,_23340_,33.757,33.757
cluster_6,_23329_,33.757,33.757
cluster_6,_23331_,33.757,33.757
cluster_6,_23332_,33.757,33.757
cluster_6,_23333_,33.757,33.757
cluster_6,_23334_,33.757,33.757
cluster_6,_19847_,33.757,33.757
cluster_6,_23335_,33.757,33.757
cluster_6,_23336_,33.757,33.757
cluster_6,_23337_,33.757,33.757
cluster_6,_23338_,33.757,33.757
cluster_6,_23330_,33.757,33.757
cluster_6,_23319_,33.757,33.757
cluster_6,_23360_,33.757,33.757
cluster_6,_23362_,33.757,33.757
cluster_6,_23380_,33.757,33.757
cluster_6,_23381_,33.757,33.757
cluster_6,_23382_,33.757,33.757
cluster_6,_23383_,33.757,33.757
cluster_6,_23384_,33.757,33.757
cluster_6,_23385_,33.757,33.757
cluster_6,_23386_,33.757,33.757
cluster_6,_23387_,33.757,33.757
cluster_6,_23388_,33.757,33.757
cluster_6,_23379_,33.757,33.757
cluster_6,_23582_,33.757,33.757
cluster_6,_23391_,33.757,33.757
cluster_6,_23392_,33.757,33.757
cluster_6,_23393_,33.757,33.757
cluster_6,_23394_,33.757,33.757
cluster_6,_23395_,33.757,33.757
cluster_6,_23396_,33.757,33.757
cluster_6,_23397_,33.757,33.757
cluster_6,_23398_,33.757,33.757
cluster_6,_23399_,33.757,33.757
cluster_6,_23390_,33.757,33.757
cluster_6,_23361_,33.757,33.757
cluster_6,_23378_,33.757,33.757
cluster_6,_23376_,33.757,33.757
cluster_6,_23363_,33.757,33.757
cluster_6,_23364_,33.757,33.757
cluster_6,_23365_,33.757,33.757
cluster_6,_23366_,33.757,33.757
cluster_6,_23367_,33.757,33.757
cluster_6,_23368_,33.757,33.757
cluster_6,_23369_,33.757,33.757
cluster_6,clone149,33.757,33.757
cluster_6,_23371_,33.757,33.757
cluster_6,_23377_,33.757,33.757
cluster_6,_23372_,33.757,33.757
cluster_6,text_in_r[17]$_DFFE_PP_,33.757,33.757
cluster_6,_23373_,33.757,33.757
cluster_6,text_in_r[19]$_DFFE_PP_,33.757,33.757
cluster_6,_23374_,33.757,33.757
cluster_6,text_in_r[20]$_DFFE_PP_,33.757,33.757
cluster_6,text_in_r[21]$_DFFE_PP_,33.757,33.757
cluster_6,text_in_r[22]$_DFFE_PP_,33.757,33.757
cluster_6,text_in_r[23]$_DFFE_PP_,33.757,33.757
cluster_6,_23375_,33.757,33.757
cluster_6,text_in_r[16]$_DFFE_PP_,33.757,33.757
cluster_6,_18393_,33.757,33.757
cluster_6,_23318_,33.757,33.757
cluster_6,_19823_,33.757,33.757
cluster_6,_23284_,33.757,33.757
cluster_6,_23283_,33.757,33.757
cluster_6,_23282_,33.757,33.757
cluster_6,_19130_,33.757,33.757
cluster_6,_23281_,33.757,33.757
cluster_6,_23280_,33.757,33.757
cluster_6,_23279_,33.757,33.757
cluster_6,_23278_,33.757,33.757
cluster_6,_23277_,33.757,33.757
cluster_6,_23285_,33.757,33.757
cluster_6,_23276_,33.757,33.757
cluster_6,_23274_,33.757,33.757
cluster_6,_23273_,33.757,33.757
cluster_6,_23272_,33.757,33.757
cluster_6,_23271_,33.757,33.757
cluster_6,_23270_,33.757,33.757
cluster_6,_23269_,33.757,33.757
cluster_6,_23268_,33.757,33.757
cluster_6,_19749_,33.757,33.757
cluster_6,_23266_,33.757,33.757
cluster_6,_23275_,33.757,33.757
cluster_6,_23265_,33.757,33.757
cluster_6,_23286_,33.757,33.757
cluster_6,_23288_,33.757,33.757
cluster_6,_23303_,33.757,33.757
cluster_6,_23302_,33.757,33.757
cluster_6,_23301_,33.757,33.757
cluster_6,_23300_,33.757,33.757
cluster_6,_23299_,33.757,33.757
cluster_6,_23298_,33.757,33.757
cluster_6,_23297_,33.757,33.757
cluster_6,_23296_,33.757,33.757
cluster_6,_23294_,33.757,33.757
cluster_6,_23287_,33.757,33.757
cluster_6,_23293_,33.757,33.757
cluster_6,sa12_sr[1]$_DFF_P_,33.757,33.757
cluster_6,sa12_sr[2]$_DFF_P_,33.757,33.757
cluster_6,sa12_sr[3]$_DFF_P_,33.757,33.757
cluster_6,sa12_sr[4]$_DFF_P_,33.757,33.757
cluster_6,sa12_sr[5]$_DFF_P_,33.757,33.757
cluster_6,_23292_,33.757,33.757
cluster_6,_23291_,33.757,33.757
cluster_6,_23290_,33.757,33.757
cluster_6,_23289_,33.757,33.757
cluster_6,sa12_sr[0]$_DFF_P_,33.757,33.757
cluster_6,_23264_,33.757,33.757
cluster_6,_23306_,33.757,33.757
cluster_6,_23307_,33.757,33.757
cluster_6,_23223_,33.757,33.757
cluster_6,_23222_,33.757,33.757
cluster_6,_23221_,33.757,33.757
cluster_6,_23220_,33.757,33.757
cluster_6,_23219_,33.757,33.757
cluster_6,_23218_,33.757,33.757
cluster_6,_23217_,33.757,33.757
cluster_6,_23216_,33.757,33.757
cluster_6,_23215_,33.757,33.757
cluster_6,_23224_,33.757,33.757
cluster_6,_23214_,33.757,33.757
cluster_6,_23309_,33.757,33.757
cluster_6,_23310_,33.757,33.757
cluster_6,_23311_,33.757,33.757
cluster_6,_23312_,33.757,33.757
cluster_6,_23313_,33.757,33.757
cluster_6,_23314_,33.757,33.757
cluster_6,_23315_,33.757,33.757
cluster_6,_23316_,33.757,33.757
cluster_6,_23317_,33.757,33.757
cluster_6,_23308_,33.757,33.757
cluster_6,_23225_,33.757,33.757
cluster_6,_19796_,33.757,33.757
cluster_6,_23226_,33.757,33.757
cluster_6,_23247_,33.757,33.757
cluster_6,_23246_,33.757,33.757
cluster_6,_23245_,33.757,33.757
cluster_6,_23244_,33.757,33.757
cluster_6,_23243_,33.757,33.757
cluster_6,_23242_,33.757,33.757
cluster_6,_23241_,33.757,33.757
cluster_6,_23240_,33.757,33.757
cluster_6,_23239_,33.757,33.757
cluster_6,_23238_,33.757,33.757
cluster_6,_23237_,33.757,33.757
cluster_6,_23236_,33.757,33.757
cluster_6,_23235_,33.757,33.757
cluster_6,_23234_,33.757,33.757
cluster_6,_23233_,33.757,33.757
cluster_6,_23232_,33.757,33.757
cluster_6,_23231_,33.757,33.757
cluster_6,_23230_,33.757,33.757
cluster_6,_23229_,33.757,33.757
cluster_6,_23228_,33.757,33.757
cluster_6,_23227_,33.757,33.757
cluster_6,_23400_,33.757,33.757
cluster_6,_23401_,33.757,33.757
cluster_6,_23389_,33.757,33.757
cluster_6,_23497_,33.757,33.757
cluster_6,_23515_,33.757,33.757
cluster_6,_23516_,33.757,33.757
cluster_6,_23517_,33.757,33.757
cluster_6,_23518_,33.757,33.757
cluster_6,_23519_,33.757,33.757
cluster_6,_23520_,33.757,33.757
cluster_6,_23521_,33.757,33.757
cluster_6,_23522_,33.757,33.757
cluster_6,_23523_,33.757,33.757
cluster_6,_23514_,33.757,33.757
cluster_6,_23524_,33.757,33.757
cluster_6,_23526_,33.757,33.757
cluster_6,_23527_,33.757,33.757
cluster_6,_23528_,33.757,33.757
cluster_6,_23529_,33.757,33.757
cluster_6,_23530_,33.757,33.757
cluster_6,_23531_,33.757,33.757
cluster_6,_23532_,33.757,33.757
cluster_6,_23533_,33.757,33.757
cluster_6,_23534_,33.757,33.757
cluster_6,_23525_,33.757,33.757
cluster_6,_23535_,33.757,33.757
cluster_6,_23513_,33.757,33.757
cluster_6,_23511_,33.757,33.757
cluster_6,_23491_,33.757,33.757
cluster_6,_23492_,33.757,33.757
cluster_6,_23493_,33.757,33.757
cluster_6,_23494_,33.757,33.757
cluster_6,_23495_,33.757,33.757
cluster_6,_23496_,33.757,33.757
cluster_6,_23402_,33.757,33.757
cluster_6,_23498_,33.757,33.757
cluster_6,_23499_,33.757,33.757
cluster_6,_23512_,33.757,33.757
cluster_6,_23500_,33.757,33.757
cluster_6,_23502_,33.757,33.757
cluster_6,_23503_,33.757,33.757
cluster_6,_23504_,33.757,33.757
cluster_6,_23505_,33.757,33.757
cluster_6,_23506_,33.757,33.757
cluster_6,_23507_,33.757,33.757
cluster_6,_23508_,33.757,33.757
cluster_6,_23509_,33.757,33.757
cluster_6,_23510_,33.757,33.757
cluster_6,_23501_,33.757,33.757
cluster_6,_23536_,33.757,33.757
cluster_6,_23537_,33.757,33.757
cluster_6,_23538_,33.757,33.757
cluster_6,u0.w[3][19]$_DFF_P_,33.757,33.757
cluster_6,_23562_,33.757,33.757
cluster_6,_23563_,33.757,33.757
cluster_6,_23564_,33.757,33.757
cluster_6,_23565_,33.757,33.757
cluster_6,_23566_,33.757,33.757
cluster_6,_23567_,33.757,33.757
cluster_6,_23568_,33.757,33.757
cluster_6,_23569_,33.757,33.757
cluster_6,_23561_,33.757,33.757
cluster_6,_23570_,33.757,33.757
cluster_6,_23572_,33.757,33.757
cluster_6,_23573_,33.757,33.757
cluster_6,_23574_,33.757,33.757
cluster_6,_23575_,33.757,33.757
cluster_6,_23576_,33.757,33.757
cluster_6,_23577_,33.757,33.757
cluster_6,_23578_,33.757,33.757
cluster_6,_23579_,33.757,33.757
cluster_6,_23580_,33.757,33.757
cluster_6,_23571_,33.757,33.757
cluster_6,u0.w[3][17]$_DFF_P_,33.757,33.757
cluster_6,u0.w[3][16]$_DFF_P_,33.757,33.757
cluster_6,_23560_,33.757,33.757
cluster_6,_23539_,33.757,33.757
cluster_6,_23540_,33.757,33.757
cluster_6,_23541_,33.757,33.757
cluster_6,_23542_,33.757,33.757
cluster_6,_23543_,33.757,33.757
cluster_6,_23544_,33.757,33.757
cluster_6,_23545_,33.757,33.757
cluster_6,_23546_,33.757,33.757
cluster_6,_23547_,33.757,33.757
cluster_6,_23548_,33.757,33.757
cluster_6,_23549_,33.757,33.757
cluster_6,_23550_,33.757,33.757
cluster_6,_23551_,33.757,33.757
cluster_6,_23552_,33.757,33.757
cluster_6,_23553_,33.757,33.757
cluster_6,_23554_,33.757,33.757
cluster_6,_23555_,33.757,33.757
cluster_6,_23556_,33.757,33.757
cluster_6,_23557_,33.757,33.757
cluster_6,_23558_,33.757,33.757
cluster_6,_23559_,33.757,33.757
cluster_6,_23490_,33.757,33.757
cluster_6,_23489_,33.757,33.757
cluster_6,_23673_,33.757,33.757
cluster_6,_23447_,33.757,33.757
cluster_6,_23433_,33.757,33.757
cluster_6,_23434_,33.757,33.757
cluster_6,_23435_,33.757,33.757
cluster_6,_23436_,33.757,33.757
cluster_6,_23437_,33.757,33.757
cluster_6,_23438_,33.757,33.757
cluster_6,_23406_,33.757,33.757
cluster_6,_23405_,33.757,33.757
cluster_6,_23404_,33.757,33.757
cluster_6,_23432_,33.757,33.757
cluster_6,_23439_,33.757,33.757
cluster_6,_23488_,33.757,33.757
cluster_6,_23440_,33.757,33.757
cluster_6,_23441_,33.757,33.757
cluster_6,_23442_,33.757,33.757
cluster_6,_23443_,33.757,33.757
cluster_6,_23444_,33.757,33.757
cluster_6,_23445_,33.757,33.757
cluster_6,_23446_,33.757,33.757
cluster_6,_23408_,33.757,33.757
cluster_6,_23403_,33.757,33.757
cluster_6,_23448_,33.757,33.757
cluster_6,_23431_,33.757,33.757
cluster_6,_23429_,33.757,33.757
cluster_6,_23410_,33.757,33.757
cluster_6,_23411_,33.757,33.757
cluster_6,_23412_,33.757,33.757
cluster_6,_23413_,33.757,33.757
cluster_6,_23414_,33.757,33.757
cluster_6,_23415_,33.757,33.757
cluster_6,_23416_,33.757,33.757
cluster_6,_23417_,33.757,33.757
cluster_6,_23407_,33.757,33.757
cluster_6,_23430_,33.757,33.757
cluster_6,_23418_,33.757,33.757
cluster_6,_23420_,33.757,33.757
cluster_6,_23421_,33.757,33.757
cluster_6,_23422_,33.757,33.757
cluster_6,_23423_,33.757,33.757
cluster_6,_23424_,33.757,33.757
cluster_6,_23425_,33.757,33.757
cluster_6,_23426_,33.757,33.757
cluster_6,_23427_,33.757,33.757
cluster_6,_23428_,33.757,33.757
cluster_6,_23419_,33.757,33.757
cluster_6,_23449_,33.757,33.757
cluster_6,_23409_,33.757,33.757
cluster_6,_23451_,33.757,33.757
cluster_6,_23450_,33.757,33.757
cluster_6,_23471_,33.757,33.757
cluster_6,_23472_,33.757,33.757
cluster_6,_23473_,33.757,33.757
cluster_6,_23474_,33.757,33.757
cluster_6,_23475_,33.757,33.757
cluster_6,_23476_,33.757,33.757
cluster_6,_23477_,33.757,33.757
cluster_6,_23469_,33.757,33.757
cluster_6,_23478_,33.757,33.757
cluster_6,_23480_,33.757,33.757
cluster_6,_23481_,33.757,33.757
cluster_6,_23482_,33.757,33.757
cluster_6,_23483_,33.757,33.757
cluster_6,_23484_,33.757,33.757
cluster_6,_23485_,33.757,33.757
cluster_6,_23486_,33.757,33.757
cluster_6,_23487_,33.757,33.757
cluster_6,_23479_,33.757,33.757
cluster_6,_23468_,33.757,33.757
cluster_6,_23470_,33.757,33.757
cluster_6,_23458_,33.757,33.757
cluster_6,_23457_,33.757,33.757
cluster_6,_23467_,33.757,33.757
cluster_6,_23459_,33.757,33.757
cluster_6,_23454_,33.757,33.757
cluster_6,_23453_,33.757,33.757
cluster_6,_23460_,33.757,33.757
cluster_6,_23456_,33.757,33.757
cluster_6,_23452_,33.757,33.757
cluster_6,_23462_,33.757,33.757
cluster_6,_23463_,33.757,33.757
cluster_6,_23464_,33.757,33.757
cluster_6,_23465_,33.757,33.757
cluster_6,_23466_,33.757,33.757
cluster_6,_23461_,33.757,33.757
cluster_6,_23455_,33.757,33.757
cluster_7,sa11_sr[2]$_DFF_P_,33.141,33.141
cluster_7,sa11_sr[3]$_DFF_P_,33.141,33.141
cluster_7,sa11_sr[1]$_DFF_P_,33.141,33.141
cluster_7,sa11_sr[7]$_DFF_P_,33.141,33.141
cluster_7,sa11_sr[0]$_DFF_P_,33.141,33.141
cluster_7,_22543_,33.141,33.141
cluster_7,sa11_sr[4]$_DFF_P_,33.141,33.141
cluster_7,_22542_,33.141,33.141
cluster_7,sa11_sr[6]$_DFF_P_,33.141,33.141
cluster_7,_22541_,33.141,33.141
cluster_7,_22544_,33.141,33.141
cluster_7,sa11_sr[5]$_DFF_P_,33.141,33.141
cluster_7,_22557_,33.141,33.141
cluster_7,_22536_,33.141,33.141
cluster_7,_22548_,33.141,33.141
cluster_7,_22555_,33.141,33.141
cluster_7,_22537_,33.141,33.141
cluster_7,_22538_,33.141,33.141
cluster_7,_22561_,33.141,33.141
cluster_7,_22540_,33.141,33.141
cluster_7,_22568_,33.141,33.141
cluster_7,_22569_,33.141,33.141
cluster_7,_22560_,33.141,33.141
cluster_7,_22558_,33.141,33.141
cluster_7,_22562_,33.141,33.141
cluster_7,_22546_,33.141,33.141
cluster_7,_22547_,33.141,33.141
cluster_7,_22549_,33.141,33.141
cluster_7,_22550_,33.141,33.141
cluster_7,_22551_,33.141,33.141
cluster_7,_22553_,33.141,33.141
cluster_7,_22554_,33.141,33.141
cluster_7,_22563_,33.141,33.141
cluster_7,_22556_,33.141,33.141
cluster_7,_22545_,33.141,33.141
cluster_7,_23060_,33.141,33.141
cluster_7,_22571_,33.141,33.141
cluster_7,_23035_,33.141,33.141
cluster_7,_23036_,33.141,33.141
cluster_7,_23037_,33.141,33.141
cluster_7,_23038_,33.141,33.141
cluster_7,_23039_,33.141,33.141
cluster_7,_23040_,33.141,33.141
cluster_7,_23041_,33.141,33.141
cluster_7,_23042_,33.141,33.141
cluster_7,_23043_,33.141,33.141
cluster_7,_23044_,33.141,33.141
cluster_7,_23045_,33.141,33.141
cluster_7,_23046_,33.141,33.141
cluster_7,_23047_,33.141,33.141
cluster_7,_23048_,33.141,33.141
cluster_7,_23049_,33.141,33.141
cluster_7,_23050_,33.141,33.141
cluster_7,_23051_,33.141,33.141
cluster_7,_23034_,33.141,33.141
cluster_7,_23033_,33.141,33.141
cluster_7,_23032_,33.141,33.141
cluster_7,_23031_,33.141,33.141
cluster_7,_23013_,33.141,33.141
cluster_7,_23014_,33.141,33.141
cluster_7,_23015_,33.141,33.141
cluster_7,_23016_,33.141,33.141
cluster_7,_23017_,33.141,33.141
cluster_7,_23018_,33.141,33.141
cluster_7,_23019_,33.141,33.141
cluster_7,_23020_,33.141,33.141
cluster_7,_23052_,33.141,33.141
cluster_7,_23021_,33.141,33.141
cluster_7,_23023_,33.141,33.141
cluster_7,_23024_,33.141,33.141
cluster_7,_23025_,33.141,33.141
cluster_7,_23026_,33.141,33.141
cluster_7,_23027_,33.141,33.141
cluster_7,_23028_,33.141,33.141
cluster_7,_23029_,33.141,33.141
cluster_7,_23030_,33.141,33.141
cluster_7,_23022_,33.141,33.141
cluster_7,_23012_,33.141,33.141
cluster_7,_23053_,33.141,33.141
cluster_7,_23055_,33.141,33.141
cluster_7,_23079_,33.141,33.141
cluster_7,_23080_,33.141,33.141
cluster_7,_23081_,33.141,33.141
cluster_7,_23082_,33.141,33.141
cluster_7,_23083_,33.141,33.141
cluster_7,_23084_,33.141,33.141
cluster_7,_23085_,33.141,33.141
cluster_7,_23087_,33.141,33.141
cluster_7,_23088_,33.141,33.141
cluster_7,_23089_,33.141,33.141
cluster_7,_23090_,33.141,33.141
cluster_7,_23091_,33.141,33.141
cluster_7,_23092_,33.141,33.141
cluster_7,_23093_,33.141,33.141
cluster_7,_23094_,33.141,33.141
cluster_7,_23095_,33.141,33.141
cluster_7,_23096_,33.141,33.141
cluster_7,_23078_,33.141,33.141
cluster_7,_23077_,33.141,33.141
cluster_7,_23076_,33.141,33.141
cluster_7,_23075_,33.141,33.141
cluster_7,_23056_,33.141,33.141
cluster_7,_23057_,33.141,33.141
cluster_7,_23058_,33.141,33.141
cluster_7,_23059_,33.141,33.141
cluster_7,_23061_,33.141,33.141
cluster_7,_23062_,33.141,33.141
cluster_7,_23063_,33.141,33.141
cluster_7,_23064_,33.141,33.141
cluster_7,_23054_,33.141,33.141
cluster_7,_23065_,33.141,33.141
cluster_7,_23067_,33.141,33.141
cluster_7,_23068_,33.141,33.141
cluster_7,_23069_,33.141,33.141
cluster_7,_23070_,33.141,33.141
cluster_7,_23071_,33.141,33.141
cluster_7,_23072_,33.141,33.141
cluster_7,_23073_,33.141,33.141
cluster_7,_23074_,33.141,33.141
cluster_7,_23066_,33.141,33.141
cluster_7,_23097_,33.141,33.141
cluster_7,_23011_,33.141,33.141
cluster_7,_23009_,33.141,33.141
cluster_7,_22949_,33.141,33.141
cluster_7,_22950_,33.141,33.141
cluster_7,_22951_,33.141,33.141
cluster_7,_22952_,33.141,33.141
cluster_7,_22953_,33.141,33.141
cluster_7,_22954_,33.141,33.141
cluster_7,_22955_,33.141,33.141
cluster_7,_22956_,33.141,33.141
cluster_7,_22957_,33.141,33.141
cluster_7,_22958_,33.141,33.141
cluster_7,_22959_,33.141,33.141
cluster_7,_22960_,33.141,33.141
cluster_7,_22961_,33.141,33.141
cluster_7,_22962_,33.141,33.141
cluster_7,_22963_,33.141,33.141
cluster_7,_22964_,33.141,33.141
cluster_7,_22965_,33.141,33.141
cluster_7,_22948_,33.141,33.141
cluster_7,_22947_,33.141,33.141
cluster_7,_22946_,33.141,33.141
cluster_7,_22945_,33.141,33.141
cluster_7,_22927_,33.141,33.141
cluster_7,_22928_,33.141,33.141
cluster_7,_22929_,33.141,33.141
cluster_7,_22930_,33.141,33.141
cluster_7,_22931_,33.141,33.141
cluster_7,_22932_,33.141,33.141
cluster_7,_22933_,33.141,33.141
cluster_7,_22934_,33.141,33.141
cluster_7,_22966_,33.141,33.141
cluster_7,_22935_,33.141,33.141
cluster_7,_22937_,33.141,33.141
cluster_7,_22938_,33.141,33.141
cluster_7,_22939_,33.141,33.141
cluster_7,_22940_,33.141,33.141
cluster_7,_22941_,33.141,33.141
cluster_7,_22942_,33.141,33.141
cluster_7,_22943_,33.141,33.141
cluster_7,_22944_,33.141,33.141
cluster_7,_22936_,33.141,33.141
cluster_7,_23010_,33.141,33.141
cluster_7,_22967_,33.141,33.141
cluster_7,_22969_,33.141,33.141
cluster_7,_22992_,33.141,33.141
cluster_7,_22993_,33.141,33.141
cluster_7,_22994_,33.141,33.141
cluster_7,_22995_,33.141,33.141
cluster_7,_22996_,33.141,33.141
cluster_7,_22997_,33.141,33.141
cluster_7,_22998_,33.141,33.141
cluster_7,_22999_,33.141,33.141
cluster_7,_23000_,33.141,33.141
cluster_7,_23001_,33.141,33.141
cluster_7,_23002_,33.141,33.141
cluster_7,_23003_,33.141,33.141
cluster_7,_23004_,33.141,33.141
cluster_7,_23005_,33.141,33.141
cluster_7,_23006_,33.141,33.141
cluster_7,_23007_,33.141,33.141
cluster_7,_23008_,33.141,33.141
cluster_7,_22991_,33.141,33.141
cluster_7,_22990_,33.141,33.141
cluster_7,_22989_,33.141,33.141
cluster_7,_22988_,33.141,33.141
cluster_7,_22970_,33.141,33.141
cluster_7,_22971_,33.141,33.141
cluster_7,_22972_,33.141,33.141
cluster_7,_22973_,33.141,33.141
cluster_7,_22974_,33.141,33.141
cluster_7,_22975_,33.141,33.141
cluster_7,_22976_,33.141,33.141
cluster_7,_22977_,33.141,33.141
cluster_7,_22968_,33.141,33.141
cluster_7,_22978_,33.141,33.141
cluster_7,_22980_,33.141,33.141
cluster_7,_22981_,33.141,33.141
cluster_7,_22982_,33.141,33.141
cluster_7,_22983_,33.141,33.141
cluster_7,_22984_,33.141,33.141
cluster_7,_22985_,33.141,33.141
cluster_7,_22986_,33.141,33.141
cluster_7,_22987_,33.141,33.141
cluster_7,_22979_,33.141,33.141
cluster_7,_22926_,33.141,33.141
cluster_7,_23098_,33.141,33.141
cluster_7,_23100_,33.141,33.141
cluster_7,_23208_,33.141,33.141
cluster_7,_23209_,33.141,33.141
cluster_7,_23210_,33.141,33.141
cluster_7,_23211_,33.141,33.141
cluster_7,_23212_,33.141,33.141
cluster_7,_23213_,33.141,33.141
cluster_7,clone133,33.141,33.141
cluster_7,_19753_,33.141,33.141
cluster_7,_19146_,33.141,33.141
cluster_7,_19115_,33.141,33.141
cluster_7,_19093_,33.141,33.141
cluster_7,_19092_,33.141,33.141
cluster_7,_19066_,33.141,33.141
cluster_7,clone173,33.141,33.141
cluster_7,clone174,33.141,33.141
cluster_7,_19015_,33.141,33.141
cluster_7,_18367_,33.141,33.141
cluster_7,_23207_,33.141,33.141
cluster_7,_23206_,33.141,33.141
cluster_7,_23205_,33.141,33.141
cluster_7,_23204_,33.141,33.141
cluster_7,_23187_,33.141,33.141
cluster_7,_23188_,33.141,33.141
cluster_7,_23189_,33.141,33.141
cluster_7,_23190_,33.141,33.141
cluster_7,_23191_,33.141,33.141
cluster_7,_23192_,33.141,33.141
cluster_7,_23193_,33.141,33.141
cluster_7,_23194_,33.141,33.141
cluster_7,_18300_,33.141,33.141
cluster_7,_23195_,33.141,33.141
cluster_7,_23197_,33.141,33.141
cluster_7,_23198_,33.141,33.141
cluster_7,_19825_,33.141,33.141
cluster_7,_23199_,33.141,33.141
cluster_7,_23200_,33.141,33.141
cluster_7,_23201_,33.141,33.141
cluster_7,_23202_,33.141,33.141
cluster_7,_23203_,33.141,33.141
cluster_7,_23196_,33.141,33.141
cluster_7,_23186_,33.141,33.141
cluster_7,_18299_,33.141,33.141
cluster_7,_29696_,33.141,33.141
cluster_7,clone176,33.141,33.141
cluster_7,clone177,33.141,33.141
cluster_7,clone178,33.141,33.141
cluster_7,_29454_,33.141,33.141
cluster_7,input201,33.141,33.141
cluster_7,input204,33.141,33.141
cluster_7,input205,33.141,33.141
cluster_7,input206,33.141,33.141
cluster_7,input207,33.141,33.141
cluster_7,input208,33.141,33.141
cluster_7,_29453_,33.141,33.141
cluster_7,_29452_,33.141,33.141
cluster_7,_29451_,33.141,33.141
cluster_7,_29450_,33.141,33.141
cluster_7,_29449_,33.141,33.141
cluster_7,_29446_,33.141,33.141
cluster_7,_29282_,33.141,33.141
cluster_7,clone175,33.141,33.141
cluster_7,text_out[83]$_DFF_P_,33.141,33.141
cluster_7,text_in_r[55]$_DFFE_PP_,33.141,33.141
cluster_7,text_in_r[54]$_DFFE_PP_,33.141,33.141
cluster_7,_29695_,33.141,33.141
cluster_7,_29694_,33.141,33.141
cluster_7,_29693_,33.141,33.141
cluster_7,_29692_,33.141,33.141
cluster_7,_29691_,33.141,33.141
cluster_7,_29690_,33.141,33.141
cluster_7,_29689_,33.141,33.141
cluster_7,_29688_,33.141,33.141
cluster_7,_18298_,33.141,33.141
cluster_7,_29687_,33.141,33.141
cluster_7,_29685_,33.141,33.141
cluster_7,_29684_,33.141,33.141
cluster_7,_22570_,33.141,33.141
cluster_7,output368,33.141,33.141
cluster_7,text_in_r[49]$_DFFE_PP_,33.141,33.141
cluster_7,text_in_r[51]$_DFFE_PP_,33.141,33.141
cluster_7,text_in_r[52]$_DFFE_PP_,33.141,33.141
cluster_7,text_in_r[53]$_DFFE_PP_,33.141,33.141
cluster_7,_29686_,33.141,33.141
cluster_7,_23099_,33.141,33.141
cluster_7,_23185_,33.141,33.141
cluster_7,_23183_,33.141,33.141
cluster_7,_23123_,33.141,33.141
cluster_7,_23124_,33.141,33.141
cluster_7,_23125_,33.141,33.141
cluster_7,_23126_,33.141,33.141
cluster_7,_23127_,33.141,33.141
cluster_7,_23128_,33.141,33.141
cluster_7,_23129_,33.141,33.141
cluster_7,_23130_,33.141,33.141
cluster_7,_23131_,33.141,33.141
cluster_7,_23132_,33.141,33.141
cluster_7,_23133_,33.141,33.141
cluster_7,_23134_,33.141,33.141
cluster_7,_23135_,33.141,33.141
cluster_7,_23136_,33.141,33.141
cluster_7,_23137_,33.141,33.141
cluster_7,_23138_,33.141,33.141
cluster_7,_23139_,33.141,33.141
cluster_7,_23122_,33.141,33.141
cluster_7,_23121_,33.141,33.141
cluster_7,_23120_,33.141,33.141
cluster_7,_23119_,33.141,33.141
cluster_7,_23101_,33.141,33.141
cluster_7,_23102_,33.141,33.141
cluster_7,_23103_,33.141,33.141
cluster_7,_23104_,33.141,33.141
cluster_7,_23105_,33.141,33.141
cluster_7,_23106_,33.141,33.141
cluster_7,_23107_,33.141,33.141
cluster_7,_23108_,33.141,33.141
cluster_7,_23140_,33.141,33.141
cluster_7,_23109_,33.141,33.141
cluster_7,_23111_,33.141,33.141
cluster_7,_23112_,33.141,33.141
cluster_7,_23113_,33.141,33.141
cluster_7,_23114_,33.141,33.141
cluster_7,_23115_,33.141,33.141
cluster_7,_23116_,33.141,33.141
cluster_7,_23117_,33.141,33.141
cluster_7,_23118_,33.141,33.141
cluster_7,_23110_,33.141,33.141
cluster_7,_23184_,33.141,33.141
cluster_7,_23141_,33.141,33.141
cluster_7,_23143_,33.141,33.141
cluster_7,_23166_,33.141,33.141
cluster_7,_23167_,33.141,33.141
cluster_7,_23168_,33.141,33.141
cluster_7,_23169_,33.141,33.141
cluster_7,_23170_,33.141,33.141
cluster_7,_23171_,33.141,33.141
cluster_7,_23172_,33.141,33.141
cluster_7,_23173_,33.141,33.141
cluster_7,_23174_,33.141,33.141
cluster_7,_23175_,33.141,33.141
cluster_7,_23176_,33.141,33.141
cluster_7,_23177_,33.141,33.141
cluster_7,_23178_,33.141,33.141
cluster_7,_23179_,33.141,33.141
cluster_7,_23180_,33.141,33.141
cluster_7,_23181_,33.141,33.141
cluster_7,_23182_,33.141,33.141
cluster_7,_23165_,33.141,33.141
cluster_7,_23164_,33.141,33.141
cluster_7,_23163_,33.141,33.141
cluster_7,_23162_,33.141,33.141
cluster_7,_23144_,33.141,33.141
cluster_7,_23145_,33.141,33.141
cluster_7,_23146_,33.141,33.141
cluster_7,_23147_,33.141,33.141
cluster_7,_23148_,33.141,33.141
cluster_7,_23149_,33.141,33.141
cluster_7,_23150_,33.141,33.141
cluster_7,_23151_,33.141,33.141
cluster_7,_23142_,33.141,33.141
cluster_7,_23152_,33.141,33.141
cluster_7,_23154_,33.141,33.141
cluster_7,_23155_,33.141,33.141
cluster_7,_23156_,33.141,33.141
cluster_7,_23157_,33.141,33.141
cluster_7,_23158_,33.141,33.141
cluster_7,_23159_,33.141,33.141
cluster_7,_23160_,33.141,33.141
cluster_7,_23161_,33.141,33.141
cluster_7,_23153_,33.141,33.141
cluster_7,_22925_,33.141,33.141
cluster_7,_23086_,33.141,33.141
cluster_7,_22923_,33.141,33.141
cluster_7,_22690_,33.141,33.141
cluster_7,_22691_,33.141,33.141
cluster_7,_22692_,33.141,33.141
cluster_7,_22693_,33.141,33.141
cluster_7,_22694_,33.141,33.141
cluster_7,_22696_,33.141,33.141
cluster_7,_22697_,33.141,33.141
cluster_7,_22698_,33.141,33.141
cluster_7,_22699_,33.141,33.141
cluster_7,_22700_,33.141,33.141
cluster_7,_22701_,33.141,33.141
cluster_7,_22702_,33.141,33.141
cluster_7,_22703_,33.141,33.141
cluster_7,_22704_,33.141,33.141
cluster_7,_22705_,33.141,33.141
cluster_7,_22706_,33.141,33.141
cluster_7,_22707_,33.141,33.141
cluster_7,_22688_,33.141,33.141
cluster_7,_22687_,33.141,33.141
cluster_7,_22686_,33.141,33.141
cluster_7,_22685_,33.141,33.141
cluster_7,_22667_,33.141,33.141
cluster_7,_22668_,33.141,33.141
cluster_7,_22669_,33.141,33.141
cluster_7,_22670_,33.141,33.141
cluster_7,_22671_,33.141,33.141
cluster_7,_22672_,33.141,33.141
cluster_7,_22673_,33.141,33.141
cluster_7,_22674_,33.141,33.141
cluster_7,_22708_,33.141,33.141
cluster_7,_22675_,33.141,33.141
cluster_7,_22677_,33.141,33.141
cluster_7,_22678_,33.141,33.141
cluster_7,_22679_,33.141,33.141
cluster_7,_22680_,33.141,33.141
cluster_7,_22681_,33.141,33.141
cluster_7,_22682_,33.141,33.141
cluster_7,_22683_,33.141,33.141
cluster_7,_22684_,33.141,33.141
cluster_7,_22676_,33.141,33.141
cluster_7,_22666_,33.141,33.141
cluster_7,_22709_,33.141,33.141
cluster_7,_22711_,33.141,33.141
cluster_7,_22734_,33.141,33.141
cluster_7,_22735_,33.141,33.141
cluster_7,_22736_,33.141,33.141
cluster_7,_22737_,33.141,33.141
cluster_7,_22738_,33.141,33.141
cluster_7,_22739_,33.141,33.141
cluster_7,_22740_,33.141,33.141
cluster_7,_22741_,33.141,33.141
cluster_7,_22742_,33.141,33.141
cluster_7,_22743_,33.141,33.141
cluster_7,_22744_,33.141,33.141
cluster_7,_22745_,33.141,33.141
cluster_7,_22746_,33.141,33.141
cluster_7,_22747_,33.141,33.141
cluster_7,_22748_,33.141,33.141
cluster_7,_22749_,33.141,33.141
cluster_7,_22750_,33.141,33.141
cluster_7,_22733_,33.141,33.141
cluster_7,_22732_,33.141,33.141
cluster_7,_22731_,33.141,33.141
cluster_7,_22730_,33.141,33.141
cluster_7,_22712_,33.141,33.141
cluster_7,_22713_,33.141,33.141
cluster_7,_22714_,33.141,33.141
cluster_7,_22715_,33.141,33.141
cluster_7,_22716_,33.141,33.141
cluster_7,_22717_,33.141,33.141
cluster_7,_22718_,33.141,33.141
cluster_7,_22719_,33.141,33.141
cluster_7,_22710_,33.141,33.141
cluster_7,_22720_,33.141,33.141
cluster_7,_22722_,33.141,33.141
cluster_7,_22723_,33.141,33.141
cluster_7,_22724_,33.141,33.141
cluster_7,_22725_,33.141,33.141
cluster_7,_22726_,33.141,33.141
cluster_7,_22727_,33.141,33.141
cluster_7,_22728_,33.141,33.141
cluster_7,_22729_,33.141,33.141
cluster_7,_22721_,33.141,33.141
cluster_7,_22751_,33.141,33.141
cluster_7,_22665_,33.141,33.141
cluster_7,_22663_,33.141,33.141
cluster_7,_22599_,33.141,33.141
cluster_7,_22924_,33.141,33.141
cluster_7,_22602_,33.141,33.141
cluster_7,_22603_,33.141,33.141
cluster_7,_22604_,33.141,33.141
cluster_7,_22605_,33.141,33.141
cluster_7,_22607_,33.141,33.141
cluster_7,_22608_,33.141,33.141
cluster_7,_22609_,33.141,33.141
cluster_7,_22610_,33.141,33.141
cluster_7,_22611_,33.141,33.141
cluster_7,_22612_,33.141,33.141
cluster_7,_22613_,33.141,33.141
cluster_7,_22614_,33.141,33.141
cluster_7,_22615_,33.141,33.141
cluster_7,clone141,33.141,33.141
cluster_7,_22617_,33.141,33.141
cluster_7,_22598_,33.141,33.141
cluster_7,_22597_,33.141,33.141
cluster_7,_22596_,33.141,33.141
cluster_7,_22595_,33.141,33.141
cluster_7,_22573_,33.141,33.141
cluster_7,_22574_,33.141,33.141
cluster_7,_22575_,33.141,33.141
cluster_7,_22576_,33.141,33.141
cluster_7,_22577_,33.141,33.141
cluster_7,_22578_,33.141,33.141
cluster_7,_22580_,33.141,33.141
cluster_7,_22581_,33.141,33.141
cluster_7,_22618_,33.141,33.141
cluster_7,_22582_,33.141,33.141
cluster_7,_22587_,33.141,33.141
cluster_7,_22588_,33.141,33.141
cluster_7,_22589_,33.141,33.141
cluster_7,_22590_,33.141,33.141
cluster_7,_22591_,33.141,33.141
cluster_7,_22592_,33.141,33.141
cluster_7,_22593_,33.141,33.141
cluster_7,_22594_,33.141,33.141
cluster_7,_22583_,33.141,33.141
cluster_7,_22664_,33.141,33.141
cluster_7,_22619_,33.141,33.141
cluster_7,_22621_,33.141,33.141
cluster_7,_22646_,33.141,33.141
cluster_7,_22647_,33.141,33.141
cluster_7,_22648_,33.141,33.141
cluster_7,_22649_,33.141,33.141
cluster_7,_22650_,33.141,33.141
cluster_7,_22651_,33.141,33.141
cluster_7,_22652_,33.141,33.141
cluster_7,_22653_,33.141,33.141
cluster_7,_22654_,33.141,33.141
cluster_7,_22655_,33.141,33.141
cluster_7,_22656_,33.141,33.141
cluster_7,_22657_,33.141,33.141
cluster_7,_22658_,33.141,33.141
cluster_7,_22659_,33.141,33.141
cluster_7,_22660_,33.141,33.141
cluster_7,_22661_,33.141,33.141
cluster_7,_22662_,33.141,33.141
cluster_7,_22643_,33.141,33.141
cluster_7,_22642_,33.141,33.141
cluster_7,_22641_,33.141,33.141
cluster_7,_22640_,33.141,33.141
cluster_7,_22622_,33.141,33.141
cluster_7,_22623_,33.141,33.141
cluster_7,_22624_,33.141,33.141
cluster_7,_22625_,33.141,33.141
cluster_7,_22626_,33.141,33.141
cluster_7,_22627_,33.141,33.141
cluster_7,_22628_,33.141,33.141
cluster_7,_22629_,33.141,33.141
cluster_7,_22620_,33.141,33.141
cluster_7,_22630_,33.141,33.141
cluster_7,_22632_,33.141,33.141
cluster_7,_22633_,33.141,33.141
cluster_7,_22634_,33.141,33.141
cluster_7,_22635_,33.141,33.141
cluster_7,_22636_,33.141,33.141
cluster_7,_22637_,33.141,33.141
cluster_7,_22638_,33.141,33.141
cluster_7,_22639_,33.141,33.141
cluster_7,_22631_,33.141,33.141
cluster_7,_22752_,33.141,33.141
cluster_7,_22600_,33.141,33.141
cluster_7,_22754_,33.141,33.141
cluster_7,_22863_,33.141,33.141
cluster_7,_22864_,33.141,33.141
cluster_7,_22865_,33.141,33.141
cluster_7,_22866_,33.141,33.141
cluster_7,_22867_,33.141,33.141
cluster_7,_22868_,33.141,33.141
cluster_7,_22869_,33.141,33.141
cluster_7,_22870_,33.141,33.141
cluster_7,_22871_,33.141,33.141
cluster_7,_22872_,33.141,33.141
cluster_7,_22873_,33.141,33.141
cluster_7,_22874_,33.141,33.141
cluster_7,_22875_,33.141,33.141
cluster_7,_22876_,33.141,33.141
cluster_7,_22877_,33.141,33.141
cluster_7,_22878_,33.141,33.141
cluster_7,_22879_,33.141,33.141
cluster_7,_22862_,33.141,33.141
cluster_7,_22861_,33.141,33.141
cluster_7,_22860_,33.141,33.141
cluster_7,_22859_,33.141,33.141
cluster_7,_22841_,33.141,33.141
cluster_7,_22842_,33.141,33.141
cluster_7,_22843_,33.141,33.141
cluster_7,_22844_,33.141,33.141
cluster_7,_22845_,33.141,33.141
cluster_7,_22846_,33.141,33.141
cluster_7,_22847_,33.141,33.141
cluster_7,_22848_,33.141,33.141
cluster_7,_22880_,33.141,33.141
cluster_7,_22849_,33.141,33.141
cluster_7,_22851_,33.141,33.141
cluster_7,_22852_,33.141,33.141
cluster_7,_22853_,33.141,33.141
cluster_7,_22854_,33.141,33.141
cluster_7,_22855_,33.141,33.141
cluster_7,_22856_,33.141,33.141
cluster_7,_22857_,33.141,33.141
cluster_7,_22858_,33.141,33.141
cluster_7,_22850_,33.141,33.141
cluster_7,_22840_,33.141,33.141
cluster_7,_22881_,33.141,33.141
cluster_7,_22883_,33.141,33.141
cluster_7,_22907_,33.141,33.141
cluster_7,_22908_,33.141,33.141
cluster_7,_22909_,33.141,33.141
cluster_7,_22910_,33.141,33.141
cluster_7,_22911_,33.141,33.141
cluster_7,_22912_,33.141,33.141
cluster_7,_22913_,33.141,33.141
cluster_7,_22914_,33.141,33.141
cluster_7,_22915_,33.141,33.141
cluster_7,_22916_,33.141,33.141
cluster_7,_22917_,33.141,33.141
cluster_7,_22918_,33.141,33.141
cluster_7,_22919_,33.141,33.141
cluster_7,_22920_,33.141,33.141
cluster_7,_22921_,33.141,33.141
cluster_7,_22922_,33.141,33.141
cluster_7,_22753_,33.141,33.141
cluster_7,_22906_,33.141,33.141
cluster_7,_22905_,33.141,33.141
cluster_7,_22903_,33.141,33.141
cluster_7,_22902_,33.141,33.141
cluster_7,_22884_,33.141,33.141
cluster_7,_22885_,33.141,33.141
cluster_7,_22886_,33.141,33.141
cluster_7,_22887_,33.141,33.141
cluster_7,_22888_,33.141,33.141
cluster_7,_22889_,33.141,33.141
cluster_7,_22890_,33.141,33.141
cluster_7,_22891_,33.141,33.141
cluster_7,_22882_,33.141,33.141
cluster_7,_22892_,33.141,33.141
cluster_7,_22894_,33.141,33.141
cluster_7,_22895_,33.141,33.141
cluster_7,_22896_,33.141,33.141
cluster_7,_22897_,33.141,33.141
cluster_7,_22898_,33.141,33.141
cluster_7,_22899_,33.141,33.141
cluster_7,_22900_,33.141,33.141
cluster_7,_22901_,33.141,33.141
cluster_7,_22893_,33.141,33.141
cluster_7,_22839_,33.141,33.141
cluster_7,_22904_,33.141,33.141
cluster_7,_22837_,33.141,33.141
cluster_7,_22777_,33.141,33.141
cluster_7,_22778_,33.141,33.141
cluster_7,_22779_,33.141,33.141
cluster_7,_22780_,33.141,33.141
cluster_7,_22781_,33.141,33.141
cluster_7,_22782_,33.141,33.141
cluster_7,_22783_,33.141,33.141
cluster_7,_22784_,33.141,33.141
cluster_7,_22785_,33.141,33.141
cluster_7,_22786_,33.141,33.141
cluster_7,_22787_,33.141,33.141
cluster_7,_22788_,33.141,33.141
cluster_7,_22789_,33.141,33.141
cluster_7,_22790_,33.141,33.141
cluster_7,_22791_,33.141,33.141
cluster_7,_22792_,33.141,33.141
cluster_7,_22793_,33.141,33.141
cluster_7,_22776_,33.141,33.141
cluster_7,_22775_,33.141,33.141
cluster_7,_22774_,33.141,33.141
cluster_7,_22773_,33.141,33.141
cluster_7,_22755_,33.141,33.141
cluster_7,_22756_,33.141,33.141
cluster_7,_22838_,33.141,33.141
cluster_7,_22757_,33.141,33.141
cluster_7,_22758_,33.141,33.141
cluster_7,_22759_,33.141,33.141
cluster_7,_22760_,33.141,33.141
cluster_7,_22761_,33.141,33.141
cluster_7,_22794_,33.141,33.141
cluster_7,_22762_,33.141,33.141
cluster_7,_22764_,33.141,33.141
cluster_7,_22765_,33.141,33.141
cluster_7,_22766_,33.141,33.141
cluster_7,_22767_,33.141,33.141
cluster_7,_22768_,33.141,33.141
cluster_7,_22769_,33.141,33.141
cluster_7,_22771_,33.141,33.141
cluster_7,_22772_,33.141,33.141
cluster_7,_22763_,33.141,33.141
cluster_7,_22795_,33.141,33.141
cluster_7,_22770_,33.141,33.141
cluster_7,_22797_,33.141,33.141
cluster_7,_22814_,33.141,33.141
cluster_7,_22815_,33.141,33.141
cluster_7,_22816_,33.141,33.141
cluster_7,_22817_,33.141,33.141
cluster_7,_22818_,33.141,33.141
cluster_7,_22819_,33.141,33.141
cluster_7,_22820_,33.141,33.141
cluster_7,_22821_,33.141,33.141
cluster_7,_22822_,33.141,33.141
cluster_7,_22823_,33.141,33.141
cluster_7,_22813_,33.141,33.141
cluster_7,_22824_,33.141,33.141
cluster_7,_22826_,33.141,33.141
cluster_7,_22827_,33.141,33.141
cluster_7,_22828_,33.141,33.141
cluster_7,_22829_,33.141,33.141
cluster_7,_22830_,33.141,33.141
cluster_7,_22831_,33.141,33.141
cluster_7,_22835_,33.141,33.141
cluster_7,_22796_,33.141,33.141
cluster_7,_22832_,33.141,33.141
cluster_7,_22833_,33.141,33.141
cluster_7,_22825_,33.141,33.141
cluster_7,_22812_,33.141,33.141
cluster_7,_22834_,33.141,33.141
cluster_7,_22806_,33.141,33.141
cluster_7,_22804_,33.141,33.141
cluster_7,_22805_,33.141,33.141
cluster_7,_22802_,33.141,33.141
cluster_7,_22807_,33.141,33.141
cluster_7,_22808_,33.141,33.141
cluster_7,_22801_,33.141,33.141
cluster_7,_22809_,33.141,33.141
cluster_7,_22810_,33.141,33.141
cluster_7,_22800_,33.141,33.141
cluster_7,_22799_,33.141,33.141
cluster_7,_22798_,33.141,33.141
cluster_7,_22811_,33.141,33.141
cluster_7,_22836_,33.141,33.141
cluster_7,_22803_,33.141,33.141
cluster_8,_22110_,33.125,33.125
cluster_8,_22111_,33.125,33.125
cluster_8,_22112_,33.125,33.125
cluster_8,_22113_,33.125,33.125
cluster_8,_22114_,33.125,33.125
cluster_8,_22127_,33.125,33.125
cluster_8,_22137_,33.125,33.125
cluster_8,_22109_,33.125,33.125
cluster_8,_22108_,33.125,33.125
cluster_8,_22107_,33.125,33.125
cluster_8,_22106_,33.125,33.125
cluster_8,_22105_,33.125,33.125
cluster_8,_22104_,33.125,33.125
cluster_8,_22103_,33.125,33.125
cluster_8,_22102_,33.125,33.125
cluster_8,_22115_,33.125,33.125
cluster_8,_22136_,33.125,33.125
cluster_8,_22122_,33.125,33.125
cluster_8,_22117_,33.125,33.125
cluster_8,_22126_,33.125,33.125
cluster_8,_22129_,33.125,33.125
cluster_8,_22130_,33.125,33.125
cluster_8,_22131_,33.125,33.125
cluster_8,_22132_,33.125,33.125
cluster_8,_22133_,33.125,33.125
cluster_8,_22134_,33.125,33.125
cluster_8,_22116_,33.125,33.125
cluster_8,_22125_,33.125,33.125
cluster_8,_22123_,33.125,33.125
cluster_8,_22128_,33.125,33.125
cluster_8,_22121_,33.125,33.125
cluster_8,_22120_,33.125,33.125
cluster_8,_22135_,33.125,33.125
cluster_8,_22119_,33.125,33.125
cluster_8,_22118_,33.125,33.125
cluster_8,_22101_,33.125,33.125
cluster_8,_22124_,33.125,33.125
cluster_8,_22084_,33.125,33.125
cluster_8,_22099_,33.125,33.125
cluster_8,_22076_,33.125,33.125
cluster_8,_22075_,33.125,33.125
cluster_8,_22138_,33.125,33.125
cluster_8,_22074_,33.125,33.125
cluster_8,_22073_,33.125,33.125
cluster_8,_22072_,33.125,33.125
cluster_8,_22071_,33.125,33.125
cluster_8,_22070_,33.125,33.125
cluster_8,_22069_,33.125,33.125
cluster_8,_22068_,33.125,33.125
cluster_8,_22067_,33.125,33.125
cluster_8,_22066_,33.125,33.125
cluster_8,_22065_,33.125,33.125
cluster_8,_22064_,33.125,33.125
cluster_8,_22063_,33.125,33.125
cluster_8,_22062_,33.125,33.125
cluster_8,_22061_,33.125,33.125
cluster_8,_22077_,33.125,33.125
cluster_8,_22100_,33.125,33.125
cluster_8,_22078_,33.125,33.125
cluster_8,_22080_,33.125,33.125
cluster_8,_22098_,33.125,33.125
cluster_8,_22097_,33.125,33.125
cluster_8,_22096_,33.125,33.125
cluster_8,_22095_,33.125,33.125
cluster_8,_22094_,33.125,33.125
cluster_8,_22093_,33.125,33.125
cluster_8,_22092_,33.125,33.125
cluster_8,_22091_,33.125,33.125
cluster_8,_22090_,33.125,33.125
cluster_8,_22089_,33.125,33.125
cluster_8,_22088_,33.125,33.125
cluster_8,_22087_,33.125,33.125
cluster_8,_22086_,33.125,33.125
cluster_8,_22085_,33.125,33.125
cluster_8,_22083_,33.125,33.125
cluster_8,_22082_,33.125,33.125
cluster_8,_22081_,33.125,33.125
cluster_8,_22079_,33.125,33.125
cluster_8,_22139_,33.125,33.125
cluster_8,_22179_,33.125,33.125
cluster_8,_22141_,33.125,33.125
cluster_8,_22199_,33.125,33.125
cluster_8,_22198_,33.125,33.125
cluster_8,_22197_,33.125,33.125
cluster_8,_22196_,33.125,33.125
cluster_8,_22195_,33.125,33.125
cluster_8,_22194_,33.125,33.125
cluster_8,_22193_,33.125,33.125
cluster_8,_22200_,33.125,33.125
cluster_8,_22192_,33.125,33.125
cluster_8,_22190_,33.125,33.125
cluster_8,_22189_,33.125,33.125
cluster_8,_22188_,33.125,33.125
cluster_8,_22187_,33.125,33.125
cluster_8,_22186_,33.125,33.125
cluster_8,_22185_,33.125,33.125
cluster_8,_22184_,33.125,33.125
cluster_8,_22191_,33.125,33.125
cluster_8,_22183_,33.125,33.125
cluster_8,_22201_,33.125,33.125
cluster_8,_22203_,33.125,33.125
cluster_8,_22217_,33.125,33.125
cluster_8,_22216_,33.125,33.125
cluster_8,_22215_,33.125,33.125
cluster_8,_22214_,33.125,33.125
cluster_8,_22213_,33.125,33.125
cluster_8,_22212_,33.125,33.125
cluster_8,_22211_,33.125,33.125
cluster_8,_22202_,33.125,33.125
cluster_8,_22210_,33.125,33.125
cluster_8,_22208_,33.125,33.125
cluster_8,_22207_,33.125,33.125
cluster_8,_22206_,33.125,33.125
cluster_8,_22205_,33.125,33.125
cluster_8,_22060_,33.125,33.125
cluster_8,_22218_,33.125,33.125
cluster_8,_22204_,33.125,33.125
cluster_8,_22209_,33.125,33.125
cluster_8,_22182_,33.125,33.125
cluster_8,_22181_,33.125,33.125
cluster_8,_22180_,33.125,33.125
cluster_8,_22157_,33.125,33.125
cluster_8,_22156_,33.125,33.125
cluster_8,_22155_,33.125,33.125
cluster_8,_22154_,33.125,33.125
cluster_8,_22153_,33.125,33.125
cluster_8,_22152_,33.125,33.125
cluster_8,_22151_,33.125,33.125
cluster_8,_22158_,33.125,33.125
cluster_8,_22150_,33.125,33.125
cluster_8,_22148_,33.125,33.125
cluster_8,_22147_,33.125,33.125
cluster_8,_22146_,33.125,33.125
cluster_8,_22145_,33.125,33.125
cluster_8,_22144_,33.125,33.125
cluster_8,_22143_,33.125,33.125
cluster_8,_22142_,33.125,33.125
cluster_8,_22149_,33.125,33.125
cluster_8,_22159_,33.125,33.125
cluster_8,_22160_,33.125,33.125
cluster_8,_22161_,33.125,33.125
cluster_8,_22178_,33.125,33.125
cluster_8,_22177_,33.125,33.125
cluster_8,_22176_,33.125,33.125
cluster_8,_22175_,33.125,33.125
cluster_8,_22174_,33.125,33.125
cluster_8,_22173_,33.125,33.125
cluster_8,_22172_,33.125,33.125
cluster_8,_22171_,33.125,33.125
cluster_8,_22170_,33.125,33.125
cluster_8,_22169_,33.125,33.125
cluster_8,_22168_,33.125,33.125
cluster_8,_22167_,33.125,33.125
cluster_8,_22166_,33.125,33.125
cluster_8,_22165_,33.125,33.125
cluster_8,_22164_,33.125,33.125
cluster_8,_22163_,33.125,33.125
cluster_8,_22162_,33.125,33.125
cluster_8,_22140_,33.125,33.125
cluster_8,_22059_,33.125,33.125
cluster_8,_21969_,33.125,33.125
cluster_8,_22057_,33.125,33.125
cluster_8,_21949_,33.125,33.125
cluster_8,_21947_,33.125,33.125
cluster_8,_21946_,33.125,33.125
cluster_8,_21945_,33.125,33.125
cluster_8,_21944_,33.125,33.125
cluster_8,_21943_,33.125,33.125
cluster_8,_21942_,33.125,33.125
cluster_8,_21950_,33.125,33.125
cluster_8,_21941_,33.125,33.125
cluster_8,_21939_,33.125,33.125
cluster_8,_21938_,33.125,33.125
cluster_8,_21937_,33.125,33.125
cluster_8,_21936_,33.125,33.125
cluster_8,_21935_,33.125,33.125
cluster_8,_21934_,33.125,33.125
cluster_8,_21933_,33.125,33.125
cluster_8,_21940_,33.125,33.125
cluster_8,_21932_,33.125,33.125
cluster_8,_21951_,33.125,33.125
cluster_8,_21953_,33.125,33.125
cluster_8,_21970_,33.125,33.125
cluster_8,_21968_,33.125,33.125
cluster_8,_21967_,33.125,33.125
cluster_8,_21966_,33.125,33.125
cluster_8,_21965_,33.125,33.125
cluster_8,_21964_,33.125,33.125
cluster_8,_21963_,33.125,33.125
cluster_8,_21952_,33.125,33.125
cluster_8,_21962_,33.125,33.125
cluster_8,_21960_,33.125,33.125
cluster_8,_21959_,33.125,33.125
cluster_8,_21958_,33.125,33.125
cluster_8,_21957_,33.125,33.125
cluster_8,_21956_,33.125,33.125
cluster_8,_21955_,33.125,33.125
cluster_8,_21954_,33.125,33.125
cluster_8,_21961_,33.125,33.125
cluster_8,_21931_,33.125,33.125
cluster_8,_21930_,33.125,33.125
cluster_8,_21929_,33.125,33.125
cluster_8,_21905_,33.125,33.125
cluster_8,_21904_,33.125,33.125
cluster_8,_29482_,33.125,33.125
cluster_8,_29485_,33.125,33.125
cluster_8,_29486_,33.125,33.125
cluster_8,_29488_,33.125,33.125
cluster_8,_29489_,33.125,33.125
cluster_8,_21906_,33.125,33.125
cluster_8,_29490_,33.125,33.125
cluster_8,_21888_,33.125,33.125
cluster_8,_21886_,33.125,33.125
cluster_8,_21885_,33.125,33.125
cluster_8,_29492_,33.125,33.125
cluster_8,_21884_,33.125,33.125
cluster_8,_21883_,33.125,33.125
cluster_8,_22219_,33.125,33.125
cluster_8,_29491_,33.125,33.125
cluster_8,_21907_,33.125,33.125
cluster_8,_21908_,33.125,33.125
cluster_8,_21909_,33.125,33.125
cluster_8,_21928_,33.125,33.125
cluster_8,_21927_,33.125,33.125
cluster_8,_21926_,33.125,33.125
cluster_8,_21925_,33.125,33.125
cluster_8,_21924_,33.125,33.125
cluster_8,_21923_,33.125,33.125
cluster_8,_21922_,33.125,33.125
cluster_8,_21921_,33.125,33.125
cluster_8,_21918_,33.125,33.125
cluster_8,_21917_,33.125,33.125
cluster_8,_21916_,33.125,33.125
cluster_8,_21915_,33.125,33.125
cluster_8,_21914_,33.125,33.125
cluster_8,_21913_,33.125,33.125
cluster_8,_21912_,33.125,33.125
cluster_8,_21911_,33.125,33.125
cluster_8,_21910_,33.125,33.125
cluster_8,_21971_,33.125,33.125
cluster_8,_22058_,33.125,33.125
cluster_8,_21972_,33.125,33.125
cluster_8,_21974_,33.125,33.125
cluster_8,_22036_,33.125,33.125
cluster_8,_22035_,33.125,33.125
cluster_8,_22034_,33.125,33.125
cluster_8,_22033_,33.125,33.125
cluster_8,_22032_,33.125,33.125
cluster_8,_22031_,33.125,33.125
cluster_8,_22030_,33.125,33.125
cluster_8,_22037_,33.125,33.125
cluster_8,_22029_,33.125,33.125
cluster_8,_22027_,33.125,33.125
cluster_8,_22026_,33.125,33.125
cluster_8,_22025_,33.125,33.125
cluster_8,_22024_,33.125,33.125
cluster_8,_22023_,33.125,33.125
cluster_8,_22022_,33.125,33.125
cluster_8,_22021_,33.125,33.125
cluster_8,_22028_,33.125,33.125
cluster_8,_22020_,33.125,33.125
cluster_8,_22038_,33.125,33.125
cluster_8,_22040_,33.125,33.125
cluster_8,_22056_,33.125,33.125
cluster_8,_22055_,33.125,33.125
cluster_8,_22054_,33.125,33.125
cluster_8,_22053_,33.125,33.125
cluster_8,_22052_,33.125,33.125
cluster_8,_22051_,33.125,33.125
cluster_8,_22050_,33.125,33.125
cluster_8,_22039_,33.125,33.125
cluster_8,_22049_,33.125,33.125
cluster_8,_22047_,33.125,33.125
cluster_8,_22046_,33.125,33.125
cluster_8,_22045_,33.125,33.125
cluster_8,_22044_,33.125,33.125
cluster_8,_22043_,33.125,33.125
cluster_8,_22042_,33.125,33.125
cluster_8,_22041_,33.125,33.125
cluster_8,_22048_,33.125,33.125
cluster_8,_22019_,33.125,33.125
cluster_8,_22018_,33.125,33.125
cluster_8,_22016_,33.125,33.125
cluster_8,_21993_,33.125,33.125
cluster_8,_21992_,33.125,33.125
cluster_8,_21991_,33.125,33.125
cluster_8,_21990_,33.125,33.125
cluster_8,_21989_,33.125,33.125
cluster_8,_21988_,33.125,33.125
cluster_8,_21986_,33.125,33.125
cluster_8,_21994_,33.125,33.125
cluster_8,_21985_,33.125,33.125
cluster_8,_21983_,33.125,33.125
cluster_8,_21982_,33.125,33.125
cluster_8,_21981_,33.125,33.125
cluster_8,_21980_,33.125,33.125
cluster_8,_21977_,33.125,33.125
cluster_8,_21976_,33.125,33.125
cluster_8,_21975_,33.125,33.125
cluster_8,_21984_,33.125,33.125
cluster_8,_21995_,33.125,33.125
cluster_8,_21996_,33.125,33.125
cluster_8,_21997_,33.125,33.125
cluster_8,_22015_,33.125,33.125
cluster_8,_22014_,33.125,33.125
cluster_8,_22013_,33.125,33.125
cluster_8,clone140,33.125,33.125
cluster_8,_22011_,33.125,33.125
cluster_8,_22010_,33.125,33.125
cluster_8,_22009_,33.125,33.125
cluster_8,_22008_,33.125,33.125
cluster_8,_22007_,33.125,33.125
cluster_8,_22006_,33.125,33.125
cluster_8,_22004_,33.125,33.125
cluster_8,_22003_,33.125,33.125
cluster_8,_22002_,33.125,33.125
cluster_8,_22001_,33.125,33.125
cluster_8,_22000_,33.125,33.125
cluster_8,_21999_,33.125,33.125
cluster_8,_21998_,33.125,33.125
cluster_8,_21973_,33.125,33.125
cluster_8,_22220_,33.125,33.125
cluster_8,_29677_,33.125,33.125
cluster_8,_22222_,33.125,33.125
cluster_8,_22447_,33.125,33.125
cluster_8,_22446_,33.125,33.125
cluster_8,_22445_,33.125,33.125
cluster_8,_22444_,33.125,33.125
cluster_8,_22443_,33.125,33.125
cluster_8,_22442_,33.125,33.125
cluster_8,_22441_,33.125,33.125
cluster_8,_22448_,33.125,33.125
cluster_8,_22440_,33.125,33.125
cluster_8,_22438_,33.125,33.125
cluster_8,_22437_,33.125,33.125
cluster_8,_22436_,33.125,33.125
cluster_8,_22435_,33.125,33.125
cluster_8,_22434_,33.125,33.125
cluster_8,_22433_,33.125,33.125
cluster_8,_22432_,33.125,33.125
cluster_8,_22439_,33.125,33.125
cluster_8,_22449_,33.125,33.125
cluster_8,_22450_,33.125,33.125
cluster_8,_22451_,33.125,33.125
cluster_8,_22468_,33.125,33.125
cluster_8,_22467_,33.125,33.125
cluster_8,_22466_,33.125,33.125
cluster_8,_22465_,33.125,33.125
cluster_8,_22464_,33.125,33.125
cluster_8,_22463_,33.125,33.125
cluster_8,_22462_,33.125,33.125
cluster_8,_22461_,33.125,33.125
cluster_8,_22460_,33.125,33.125
cluster_8,_22459_,33.125,33.125
cluster_8,_22458_,33.125,33.125
cluster_8,_22457_,33.125,33.125
cluster_8,_22456_,33.125,33.125
cluster_8,_22455_,33.125,33.125
cluster_8,_22454_,33.125,33.125
cluster_8,_22453_,33.125,33.125
cluster_8,_22452_,33.125,33.125
cluster_8,_22431_,33.125,33.125
cluster_8,_22430_,33.125,33.125
cluster_8,_22428_,33.125,33.125
cluster_8,_22427_,33.125,33.125
cluster_8,_22405_,33.125,33.125
cluster_8,_22404_,33.125,33.125
cluster_8,_22403_,33.125,33.125
cluster_8,_22402_,33.125,33.125
cluster_8,_22401_,33.125,33.125
cluster_8,_22400_,33.125,33.125
cluster_8,_22399_,33.125,33.125
cluster_8,_22398_,33.125,33.125
cluster_8,_22397_,33.125,33.125
cluster_8,_22396_,33.125,33.125
cluster_8,_22395_,33.125,33.125
cluster_8,_22394_,33.125,33.125
cluster_8,_22393_,33.125,33.125
cluster_8,_22392_,33.125,33.125
cluster_8,_22391_,33.125,33.125
cluster_8,_22390_,33.125,33.125
cluster_8,_22389_,33.125,33.125
cluster_8,_22406_,33.125,33.125
cluster_8,_22469_,33.125,33.125
cluster_8,_22407_,33.125,33.125
cluster_8,_22409_,33.125,33.125
cluster_8,_22426_,33.125,33.125
cluster_8,_22425_,33.125,33.125
cluster_8,_22424_,33.125,33.125
cluster_8,_22423_,33.125,33.125
cluster_8,_22422_,33.125,33.125
cluster_8,_22421_,33.125,33.125
cluster_8,_22420_,33.125,33.125
cluster_8,_22419_,33.125,33.125
cluster_8,_22418_,33.125,33.125
cluster_8,_22417_,33.125,33.125
cluster_8,_22416_,33.125,33.125
cluster_8,_22415_,33.125,33.125
cluster_8,_22414_,33.125,33.125
cluster_8,_22413_,33.125,33.125
cluster_8,_22412_,33.125,33.125
cluster_8,_22411_,33.125,33.125
cluster_8,_22410_,33.125,33.125
cluster_8,_22408_,33.125,33.125
cluster_8,_22388_,33.125,33.125
cluster_8,_22470_,33.125,33.125
cluster_8,_22472_,33.125,33.125
cluster_8,_22530_,33.125,33.125
cluster_8,_22529_,33.125,33.125
cluster_8,_22528_,33.125,33.125
cluster_8,_22527_,33.125,33.125
cluster_8,_22526_,33.125,33.125
cluster_8,_22525_,33.125,33.125
cluster_8,_22524_,33.125,33.125
cluster_8,_22531_,33.125,33.125
cluster_8,_22523_,33.125,33.125
cluster_8,_22521_,33.125,33.125
cluster_8,_22520_,33.125,33.125
cluster_8,_22519_,33.125,33.125
cluster_8,_22518_,33.125,33.125
cluster_8,_22517_,33.125,33.125
cluster_8,_22516_,33.125,33.125
cluster_8,_22515_,33.125,33.125
cluster_8,_22522_,33.125,33.125
cluster_8,_22532_,33.125,33.125
cluster_8,_22533_,33.125,33.125
cluster_8,_22534_,33.125,33.125
cluster_8,_21882_,33.125,33.125
cluster_8,split203,33.125,33.125
cluster_8,clone200,33.125,33.125
cluster_8,clone202,33.125,33.125
cluster_8,_29683_,33.125,33.125
cluster_8,_29682_,33.125,33.125
cluster_8,_29681_,33.125,33.125
cluster_8,_29680_,33.125,33.125
cluster_8,_29679_,33.125,33.125
cluster_8,_29678_,33.125,33.125
cluster_8,_29676_,33.125,33.125
cluster_8,_29675_,33.125,33.125
cluster_8,_29674_,33.125,33.125
cluster_8,_29673_,33.125,33.125
cluster_8,_22535_,33.125,33.125
cluster_8,_29672_,33.125,33.125
cluster_8,_29671_,33.125,33.125
cluster_8,_22514_,33.125,33.125
cluster_8,_22513_,33.125,33.125
cluster_8,_22512_,33.125,33.125
cluster_8,_22511_,33.125,33.125
cluster_8,_22489_,33.125,33.125
cluster_8,_22488_,33.125,33.125
cluster_8,_22487_,33.125,33.125
cluster_8,_22486_,33.125,33.125
cluster_8,_22485_,33.125,33.125
cluster_8,_22484_,33.125,33.125
cluster_8,_22483_,33.125,33.125
cluster_8,_22482_,33.125,33.125
cluster_8,_22481_,33.125,33.125
cluster_8,_22480_,33.125,33.125
cluster_8,_22479_,33.125,33.125
cluster_8,_22478_,33.125,33.125
cluster_8,_22477_,33.125,33.125
cluster_8,_22476_,33.125,33.125
cluster_8,_22475_,33.125,33.125
cluster_8,_22474_,33.125,33.125
cluster_8,_22473_,33.125,33.125
cluster_8,_22490_,33.125,33.125
cluster_8,_22471_,33.125,33.125
cluster_8,_22491_,33.125,33.125
cluster_8,_22493_,33.125,33.125
cluster_8,_22510_,33.125,33.125
cluster_8,_22509_,33.125,33.125
cluster_8,_22508_,33.125,33.125
cluster_8,_22507_,33.125,33.125
cluster_8,_22506_,33.125,33.125
cluster_8,_22505_,33.125,33.125
cluster_8,_22504_,33.125,33.125
cluster_8,_22503_,33.125,33.125
cluster_8,_22502_,33.125,33.125
cluster_8,_22501_,33.125,33.125
cluster_8,_22500_,33.125,33.125
cluster_8,_22499_,33.125,33.125
cluster_8,_22498_,33.125,33.125
cluster_8,_22497_,33.125,33.125
cluster_8,_22496_,33.125,33.125
cluster_8,_22495_,33.125,33.125
cluster_8,_22494_,33.125,33.125
cluster_8,_22492_,33.125,33.125
cluster_8,_22221_,33.125,33.125
cluster_8,_22387_,33.125,33.125
cluster_8,_22385_,33.125,33.125
cluster_8,_22280_,33.125,33.125
cluster_8,_22279_,33.125,33.125
cluster_8,_22278_,33.125,33.125
cluster_8,_22277_,33.125,33.125
cluster_8,_22276_,33.125,33.125
cluster_8,_22275_,33.125,33.125
cluster_8,_22274_,33.125,33.125
cluster_8,_22281_,33.125,33.125
cluster_8,_22273_,33.125,33.125
cluster_8,_22271_,33.125,33.125
cluster_8,_22270_,33.125,33.125
cluster_8,_22269_,33.125,33.125
cluster_8,_22268_,33.125,33.125
cluster_8,_22267_,33.125,33.125
cluster_8,_22266_,33.125,33.125
cluster_8,_22265_,33.125,33.125
cluster_8,_22272_,33.125,33.125
cluster_8,_22282_,33.125,33.125
cluster_8,_22283_,33.125,33.125
cluster_8,_22284_,33.125,33.125
cluster_8,_22301_,33.125,33.125
cluster_8,_22300_,33.125,33.125
cluster_8,_22299_,33.125,33.125
cluster_8,_22298_,33.125,33.125
cluster_8,_22297_,33.125,33.125
cluster_8,_22296_,33.125,33.125
cluster_8,_22295_,33.125,33.125
cluster_8,_22294_,33.125,33.125
cluster_8,_22293_,33.125,33.125
cluster_8,_22292_,33.125,33.125
cluster_8,_22291_,33.125,33.125
cluster_8,_22290_,33.125,33.125
cluster_8,_22289_,33.125,33.125
cluster_8,_22288_,33.125,33.125
cluster_8,_22287_,33.125,33.125
cluster_8,_22286_,33.125,33.125
cluster_8,_22285_,33.125,33.125
cluster_8,_22264_,33.125,33.125
cluster_8,_22263_,33.125,33.125
cluster_8,_22262_,33.125,33.125
cluster_8,_22261_,33.125,33.125
cluster_8,_22239_,33.125,33.125
cluster_8,_22238_,33.125,33.125
cluster_8,_22237_,33.125,33.125
cluster_8,_22236_,33.125,33.125
cluster_8,_22235_,33.125,33.125
cluster_8,_22234_,33.125,33.125
cluster_8,_22233_,33.125,33.125
cluster_8,_22232_,33.125,33.125
cluster_8,_22231_,33.125,33.125
cluster_8,_22230_,33.125,33.125
cluster_8,_22229_,33.125,33.125
cluster_8,_22228_,33.125,33.125
cluster_8,_22227_,33.125,33.125
cluster_8,_22226_,33.125,33.125
cluster_8,_22225_,33.125,33.125
cluster_8,_22224_,33.125,33.125
cluster_8,_22223_,33.125,33.125
cluster_8,_22240_,33.125,33.125
cluster_8,_22302_,33.125,33.125
cluster_8,_22241_,33.125,33.125
cluster_8,_22243_,33.125,33.125
cluster_8,_22260_,33.125,33.125
cluster_8,_22259_,33.125,33.125
cluster_8,_22258_,33.125,33.125
cluster_8,_22257_,33.125,33.125
cluster_8,_22256_,33.125,33.125
cluster_8,_22255_,33.125,33.125
cluster_8,_22254_,33.125,33.125
cluster_8,_22253_,33.125,33.125
cluster_8,_22252_,33.125,33.125
cluster_8,_22251_,33.125,33.125
cluster_8,_22250_,33.125,33.125
cluster_8,_22249_,33.125,33.125
cluster_8,_22248_,33.125,33.125
cluster_8,_22247_,33.125,33.125
cluster_8,_22246_,33.125,33.125
cluster_8,_22245_,33.125,33.125
cluster_8,_22244_,33.125,33.125
cluster_8,_22242_,33.125,33.125
cluster_8,_22386_,33.125,33.125
cluster_8,_22303_,33.125,33.125
cluster_8,_22305_,33.125,33.125
cluster_8,_22363_,33.125,33.125
cluster_8,_22362_,33.125,33.125
cluster_8,_22361_,33.125,33.125
cluster_8,_22360_,33.125,33.125
cluster_8,_22359_,33.125,33.125
cluster_8,_22358_,33.125,33.125
cluster_8,_22357_,33.125,33.125
cluster_8,_22364_,33.125,33.125
cluster_8,_22356_,33.125,33.125
cluster_8,_22354_,33.125,33.125
cluster_8,_22353_,33.125,33.125
cluster_8,_22352_,33.125,33.125
cluster_8,_22351_,33.125,33.125
cluster_8,_22350_,33.125,33.125
cluster_8,_22349_,33.125,33.125
cluster_8,_22348_,33.125,33.125
cluster_8,_22355_,33.125,33.125
cluster_8,_22365_,33.125,33.125
cluster_8,_22366_,33.125,33.125
cluster_8,_22367_,33.125,33.125
cluster_8,_22384_,33.125,33.125
cluster_8,_22383_,33.125,33.125
cluster_8,_22382_,33.125,33.125
cluster_8,_22381_,33.125,33.125
cluster_8,_22380_,33.125,33.125
cluster_8,_22379_,33.125,33.125
cluster_8,_22378_,33.125,33.125
cluster_8,_22377_,33.125,33.125
cluster_8,_22376_,33.125,33.125
cluster_8,_22375_,33.125,33.125
cluster_8,_22374_,33.125,33.125
cluster_8,_22373_,33.125,33.125
cluster_8,_22372_,33.125,33.125
cluster_8,_22371_,33.125,33.125
cluster_8,_22370_,33.125,33.125
cluster_8,_22369_,33.125,33.125
cluster_8,_22368_,33.125,33.125
cluster_8,_22347_,33.125,33.125
cluster_8,_22346_,33.125,33.125
cluster_8,_22345_,33.125,33.125
cluster_8,_22344_,33.125,33.125
cluster_8,_22322_,33.125,33.125
cluster_8,_22321_,33.125,33.125
cluster_8,_22320_,33.125,33.125
cluster_8,_22319_,33.125,33.125
cluster_8,_22318_,33.125,33.125
cluster_8,_22317_,33.125,33.125
cluster_8,_22316_,33.125,33.125
cluster_8,_22315_,33.125,33.125
cluster_8,_22314_,33.125,33.125
cluster_8,_22313_,33.125,33.125
cluster_8,_22312_,33.125,33.125
cluster_8,_22311_,33.125,33.125
cluster_8,_22310_,33.125,33.125
cluster_8,_22309_,33.125,33.125
cluster_8,_22308_,33.125,33.125
cluster_8,_22307_,33.125,33.125
cluster_8,_22306_,33.125,33.125
cluster_8,_22323_,33.125,33.125
cluster_8,_22304_,33.125,33.125
cluster_8,_22324_,33.125,33.125
cluster_8,_22326_,33.125,33.125
cluster_8,_22343_,33.125,33.125
cluster_8,_22342_,33.125,33.125
cluster_8,_22341_,33.125,33.125
cluster_8,_22340_,33.125,33.125
cluster_8,_22339_,33.125,33.125
cluster_8,_22338_,33.125,33.125
cluster_8,_22337_,33.125,33.125
cluster_8,_22336_,33.125,33.125
cluster_8,_22335_,33.125,33.125
cluster_8,_22334_,33.125,33.125
cluster_8,_22333_,33.125,33.125
cluster_8,_22332_,33.125,33.125
cluster_8,_22331_,33.125,33.125
cluster_8,_22330_,33.125,33.125
cluster_8,_22329_,33.125,33.125
cluster_8,_22328_,33.125,33.125
cluster_8,_22327_,33.125,33.125
cluster_8,_22325_,33.125,33.125
cluster_8,_21881_,33.125,33.125
cluster_8,_22429_,33.125,33.125
cluster_8,_21879_,33.125,33.125
cluster_8,text_in_r[85]$_DFFE_PP_,33.125,33.125
cluster_8,text_in_r[86]$_DFFE_PP_,33.125,33.125
cluster_8,text_in_r[87]$_DFFE_PP_,33.125,33.125
cluster_8,u0.w[1][19]$_DFF_P_,33.125,33.125
cluster_8,_18330_,33.125,33.125
cluster_8,_18312_,33.125,33.125
cluster_8,input109,33.125,33.125
cluster_8,_18274_,33.125,33.125
cluster_8,_18267_,33.125,33.125
cluster_8,input236,33.125,33.125
cluster_8,input237,33.125,33.125
cluster_8,input239,33.125,33.125
cluster_8,input240,33.125,33.125
cluster_8,input241,33.125,33.125
cluster_8,input242,33.125,33.125
cluster_8,text_in_r[84]$_DFFE_PP_,33.125,33.125
cluster_8,input243,33.125,33.125
cluster_8,_18359_,33.125,33.125
cluster_8,text_in_r[81]$_DFFE_PP_,33.125,33.125
cluster_8,sa10_sr[2]$_DFF_P_,33.125,33.125
cluster_8,sa10_sr[3]$_DFF_P_,33.125,33.125
cluster_8,sa10_sr[4]$_DFF_P_,33.125,33.125
cluster_8,sa10_sr[5]$_DFF_P_,33.125,33.125
cluster_8,sa10_sr[6]$_DFF_P_,33.125,33.125
cluster_8,sa10_sr[7]$_DFF_P_,33.125,33.125
cluster_8,_19104_,33.125,33.125
cluster_8,split138,33.125,33.125
cluster_8,_18454_,33.125,33.125
cluster_8,_18385_,33.125,33.125
cluster_8,_16021_,33.125,33.125
cluster_8,_16020_,33.125,33.125
cluster_8,_18363_,33.125,33.125
cluster_8,sa10_sr[1]$_DFF_P_,33.125,33.125
cluster_8,text_in_r[80]$_DFFE_PP_,33.125,33.125
cluster_8,text_in_r[83]$_DFFE_PP_,33.125,33.125
cluster_8,_21880_,33.125,33.125
cluster_8,sa10_sr[0]$_DFF_P_,33.125,33.125
cluster_8,_15338_,33.125,33.125
cluster_8,_21863_,33.125,33.125
cluster_8,_21864_,33.125,33.125
cluster_8,clone139,33.125,33.125
cluster_8,_21866_,33.125,33.125
cluster_8,_21867_,33.125,33.125
cluster_8,_21860_,33.125,33.125
cluster_8,_21868_,33.125,33.125
cluster_8,_21859_,33.125,33.125
cluster_8,_21858_,33.125,33.125
cluster_8,_21857_,33.125,33.125
cluster_8,_21870_,33.125,33.125
cluster_8,_21871_,33.125,33.125
cluster_8,_21872_,33.125,33.125
cluster_8,_21862_,33.125,33.125
cluster_8,_21861_,33.125,33.125
cluster_8,_21873_,33.125,33.125
cluster_8,_21878_,33.125,33.125
cluster_8,_21877_,33.125,33.125
cluster_8,_21875_,33.125,33.125
cluster_8,_21874_,33.125,33.125
cluster_8,_21854_,33.125,33.125
cluster_8,_21855_,33.125,33.125
cluster_9,_26155_,33.508,33.508
cluster_9,_26156_,33.508,33.508
cluster_9,_26157_,33.508,33.508
cluster_9,_26169_,33.508,33.508
cluster_9,_26163_,33.508,33.508
cluster_9,_26158_,33.508,33.508
cluster_9,_26159_,33.508,33.508
cluster_9,_26160_,33.508,33.508
cluster_9,_26168_,33.508,33.508
cluster_9,_26167_,33.508,33.508
cluster_9,_26166_,33.508,33.508
cluster_9,_26161_,33.508,33.508
cluster_9,_26164_,33.508,33.508
cluster_9,_26162_,33.508,33.508
cluster_9,_26165_,33.508,33.508
cluster_9,_26281_,33.508,33.508
cluster_9,_26171_,33.508,33.508
cluster_9,_26189_,33.508,33.508
cluster_9,_26188_,33.508,33.508
cluster_9,_26187_,33.508,33.508
cluster_9,_26186_,33.508,33.508
cluster_9,_26185_,33.508,33.508
cluster_9,_26184_,33.508,33.508
cluster_9,_26183_,33.508,33.508
cluster_9,_26182_,33.508,33.508
cluster_9,_26181_,33.508,33.508
cluster_9,_26293_,33.508,33.508
cluster_9,_26180_,33.508,33.508
cluster_9,_26179_,33.508,33.508
cluster_9,_26178_,33.508,33.508
cluster_9,_26177_,33.508,33.508
cluster_9,_26176_,33.508,33.508
cluster_9,_26175_,33.508,33.508
cluster_9,_26174_,33.508,33.508
cluster_9,_26173_,33.508,33.508
cluster_9,_26172_,33.508,33.508
cluster_9,_26154_,33.508,33.508
cluster_9,_26170_,33.508,33.508
cluster_9,_26152_,33.508,33.508
cluster_9,_26190_,33.508,33.508
cluster_9,_26123_,33.508,33.508
cluster_9,_26122_,33.508,33.508
cluster_9,_26121_,33.508,33.508
cluster_9,_26120_,33.508,33.508
cluster_9,_26119_,33.508,33.508
cluster_9,_26118_,33.508,33.508
cluster_9,_26117_,33.508,33.508
cluster_9,_26116_,33.508,33.508
cluster_9,_26115_,33.508,33.508
cluster_9,_26114_,33.508,33.508
cluster_9,_26113_,33.508,33.508
cluster_9,_26124_,33.508,33.508
cluster_9,_26112_,33.508,33.508
cluster_9,_26110_,33.508,33.508
cluster_9,_26109_,33.508,33.508
cluster_9,_26108_,33.508,33.508
cluster_9,_26107_,33.508,33.508
cluster_9,_26106_,33.508,33.508
cluster_9,_26105_,33.508,33.508
cluster_9,_26104_,33.508,33.508
cluster_9,_26294_,33.508,33.508
cluster_9,_26103_,33.508,33.508
cluster_9,_26102_,33.508,33.508
cluster_9,_26101_,33.508,33.508
cluster_9,_26111_,33.508,33.508
cluster_9,_26153_,33.508,33.508
cluster_9,_26125_,33.508,33.508
cluster_9,_26127_,33.508,33.508
cluster_9,_26151_,33.508,33.508
cluster_9,_26150_,33.508,33.508
cluster_9,_26149_,33.508,33.508
cluster_9,_26148_,33.508,33.508
cluster_9,_26147_,33.508,33.508
cluster_9,_26146_,33.508,33.508
cluster_9,_26145_,33.508,33.508
cluster_9,_26144_,33.508,33.508
cluster_9,_26143_,33.508,33.508
cluster_9,_26142_,33.508,33.508
cluster_9,_26141_,33.508,33.508
cluster_9,_26126_,33.508,33.508
cluster_9,_26140_,33.508,33.508
cluster_9,_26138_,33.508,33.508
cluster_9,_26137_,33.508,33.508
cluster_9,_26136_,33.508,33.508
cluster_9,_26135_,33.508,33.508
cluster_9,_26134_,33.508,33.508
cluster_9,_26133_,33.508,33.508
cluster_9,_26132_,33.508,33.508
cluster_9,_26131_,33.508,33.508
cluster_9,_26130_,33.508,33.508
cluster_9,_26129_,33.508,33.508
cluster_9,_26128_,33.508,33.508
cluster_9,_26139_,33.508,33.508
cluster_9,_26191_,33.508,33.508
cluster_9,_26199_,33.508,33.508
cluster_9,_26193_,33.508,33.508
cluster_9,_26289_,33.508,33.508
cluster_9,_26261_,33.508,33.508
cluster_9,_26260_,33.508,33.508
cluster_9,_26259_,33.508,33.508
cluster_9,_26258_,33.508,33.508
cluster_9,_26257_,33.508,33.508
cluster_9,_26256_,33.508,33.508
cluster_9,_26255_,33.508,33.508
cluster_9,_26254_,33.508,33.508
cluster_9,_26253_,33.508,33.508
cluster_9,_26252_,33.508,33.508
cluster_9,_26251_,33.508,33.508
cluster_9,_26250_,33.508,33.508
cluster_9,_26249_,33.508,33.508
cluster_9,_26248_,33.508,33.508
cluster_9,_26247_,33.508,33.508
cluster_9,_26246_,33.508,33.508
cluster_9,_26245_,33.508,33.508
cluster_9,_26244_,33.508,33.508
cluster_9,_26243_,33.508,33.508
cluster_9,_26242_,33.508,33.508
cluster_9,_26288_,33.508,33.508
cluster_9,_26241_,33.508,33.508
cluster_9,_26287_,33.508,33.508
cluster_9,_26285_,33.508,33.508
cluster_9,_26280_,33.508,33.508
cluster_9,_26279_,33.508,33.508
cluster_9,_26278_,33.508,33.508
cluster_9,_26277_,33.508,33.508
cluster_9,_26276_,33.508,33.508
cluster_9,_26275_,33.508,33.508
cluster_9,_26274_,33.508,33.508
cluster_9,_26273_,33.508,33.508
cluster_9,_26272_,33.508,33.508
cluster_9,_26271_,33.508,33.508
cluster_9,_26270_,33.508,33.508
cluster_9,_26269_,33.508,33.508
cluster_9,_26268_,33.508,33.508
cluster_9,_26267_,33.508,33.508
cluster_9,_26266_,33.508,33.508
cluster_9,_26265_,33.508,33.508
cluster_9,_26264_,33.508,33.508
cluster_9,_26263_,33.508,33.508
cluster_9,_26262_,33.508,33.508
cluster_9,_26283_,33.508,33.508
cluster_9,_26284_,33.508,33.508
cluster_9,_26286_,33.508,33.508
cluster_9,_26192_,33.508,33.508
cluster_9,_26240_,33.508,33.508
cluster_9,_26238_,33.508,33.508
cluster_9,_26212_,33.508,33.508
cluster_9,_26211_,33.508,33.508
cluster_9,_26210_,33.508,33.508
cluster_9,_26209_,33.508,33.508
cluster_9,_26208_,33.508,33.508
cluster_9,_26207_,33.508,33.508
cluster_9,_26206_,33.508,33.508
cluster_9,_26291_,33.508,33.508
cluster_9,_26205_,33.508,33.508
cluster_9,_26204_,33.508,33.508
cluster_9,_26203_,33.508,33.508
cluster_9,_26202_,33.508,33.508
cluster_9,_26201_,33.508,33.508
cluster_9,_26200_,33.508,33.508
cluster_9,_26282_,33.508,33.508
cluster_9,_26198_,33.508,33.508
cluster_9,_26197_,33.508,33.508
cluster_9,_26196_,33.508,33.508
cluster_9,_26195_,33.508,33.508
cluster_9,_26194_,33.508,33.508
cluster_9,_26292_,33.508,33.508
cluster_9,_26214_,33.508,33.508
cluster_9,_26239_,33.508,33.508
cluster_9,_26215_,33.508,33.508
cluster_9,_26217_,33.508,33.508
cluster_9,_26237_,33.508,33.508
cluster_9,_26236_,33.508,33.508
cluster_9,_26235_,33.508,33.508
cluster_9,_26234_,33.508,33.508
cluster_9,_26233_,33.508,33.508
cluster_9,_26232_,33.508,33.508
cluster_9,_26231_,33.508,33.508
cluster_9,_26230_,33.508,33.508
cluster_9,_26229_,33.508,33.508
cluster_9,_26228_,33.508,33.508
cluster_9,_26227_,33.508,33.508
cluster_9,_26226_,33.508,33.508
cluster_9,_26225_,33.508,33.508
cluster_9,_26224_,33.508,33.508
cluster_9,_26223_,33.508,33.508
cluster_9,_26222_,33.508,33.508
cluster_9,_26221_,33.508,33.508
cluster_9,_26220_,33.508,33.508
cluster_9,_26219_,33.508,33.508
cluster_9,_26218_,33.508,33.508
cluster_9,_26290_,33.508,33.508
cluster_9,_26216_,33.508,33.508
cluster_9,_26213_,33.508,33.508
cluster_9,_20598_,33.508,33.508
cluster_9,_26098_,33.508,33.508
cluster_9,_25990_,33.508,33.508
cluster_9,_25989_,33.508,33.508
cluster_9,_25988_,33.508,33.508
cluster_9,_25987_,33.508,33.508
cluster_9,_25986_,33.508,33.508
cluster_9,_25985_,33.508,33.508
cluster_9,_25984_,33.508,33.508
cluster_9,_25980_,33.508,33.508
cluster_9,_25979_,33.508,33.508
cluster_9,_25991_,33.508,33.508
cluster_9,_25978_,33.508,33.508
cluster_9,_25976_,33.508,33.508
cluster_9,_25975_,33.508,33.508
cluster_9,_25974_,33.508,33.508
cluster_9,_25973_,33.508,33.508
cluster_9,_25972_,33.508,33.508
cluster_9,_25971_,33.508,33.508
cluster_9,_25970_,33.508,33.508
cluster_9,_25969_,33.508,33.508
cluster_9,_25968_,33.508,33.508
cluster_9,_25977_,33.508,33.508
cluster_9,_25992_,33.508,33.508
cluster_9,_25993_,33.508,33.508
cluster_9,_25994_,33.508,33.508
cluster_9,_26018_,33.508,33.508
cluster_9,_26017_,33.508,33.508
cluster_9,_26016_,33.508,33.508
cluster_9,_26015_,33.508,33.508
cluster_9,_26014_,33.508,33.508
cluster_9,_26013_,33.508,33.508
cluster_9,_26012_,33.508,33.508
cluster_9,_26011_,33.508,33.508
cluster_9,_23321_,33.508,33.508
cluster_9,_26010_,33.508,33.508
cluster_9,_26009_,33.508,33.508
cluster_9,_26008_,33.508,33.508
cluster_9,_26004_,33.508,33.508
cluster_9,_26003_,33.508,33.508
cluster_9,_26002_,33.508,33.508
cluster_9,_26001_,33.508,33.508
cluster_9,_26000_,33.508,33.508
cluster_9,_25999_,33.508,33.508
cluster_9,_25997_,33.508,33.508
cluster_9,_25996_,33.508,33.508
cluster_9,_25995_,33.508,33.508
cluster_9,_25967_,33.508,33.508
cluster_9,_26019_,33.508,33.508
cluster_9,_25966_,33.508,33.508
cluster_9,_25964_,33.508,33.508
cluster_9,_25922_,33.508,33.508
cluster_9,_25921_,33.508,33.508
cluster_9,_25920_,33.508,33.508
cluster_9,_25919_,33.508,33.508
cluster_9,_25917_,33.508,33.508
cluster_9,_25916_,33.508,33.508
cluster_9,_25915_,33.508,33.508
cluster_9,_29755_,33.508,33.508
cluster_9,_29756_,33.508,33.508
cluster_9,_25923_,33.508,33.508
cluster_9,_29757_,33.508,33.508
cluster_9,_29759_,33.508,33.508
cluster_9,_29760_,33.508,33.508
cluster_9,_29761_,33.508,33.508
cluster_9,_29762_,33.508,33.508
cluster_9,_29763_,33.508,33.508
cluster_9,_29764_,33.508,33.508
cluster_9,_29765_,33.508,33.508
cluster_9,_29766_,33.508,33.508
cluster_9,_29767_,33.508,33.508
cluster_9,_29758_,33.508,33.508
cluster_9,_25924_,33.508,33.508
cluster_9,_25925_,33.508,33.508
cluster_9,_25926_,33.508,33.508
cluster_9,_25963_,33.508,33.508
cluster_9,_25962_,33.508,33.508
cluster_9,_25961_,33.508,33.508
cluster_9,_25960_,33.508,33.508
cluster_9,_25959_,33.508,33.508
cluster_9,_25958_,33.508,33.508
cluster_9,_25957_,33.508,33.508
cluster_9,_25956_,33.508,33.508
cluster_9,_25955_,33.508,33.508
cluster_9,_25954_,33.508,33.508
cluster_9,_25953_,33.508,33.508
cluster_9,_25952_,33.508,33.508
cluster_9,_25951_,33.508,33.508
cluster_9,_25950_,33.508,33.508
cluster_9,_25949_,33.508,33.508
cluster_9,_25948_,33.508,33.508
cluster_9,_25947_,33.508,33.508
cluster_9,_25930_,33.508,33.508
cluster_9,_25929_,33.508,33.508
cluster_9,_25928_,33.508,33.508
cluster_9,_25927_,33.508,33.508
cluster_9,_25965_,33.508,33.508
cluster_9,_26020_,33.508,33.508
cluster_9,_23305_,33.508,33.508
cluster_9,_23304_,33.508,33.508
cluster_9,_26073_,33.508,33.508
cluster_9,_26072_,33.508,33.508
cluster_9,_26071_,33.508,33.508
cluster_9,_26070_,33.508,33.508
cluster_9,_26069_,33.508,33.508
cluster_9,_26068_,33.508,33.508
cluster_9,_20453_,33.508,33.508
cluster_9,_26067_,33.508,33.508
cluster_9,_26066_,33.508,33.508
cluster_9,_26074_,33.508,33.508
cluster_9,_26065_,33.508,33.508
cluster_9,_26063_,33.508,33.508
cluster_9,_26062_,33.508,33.508
cluster_9,_26061_,33.508,33.508
cluster_9,_26060_,33.508,33.508
cluster_9,_26059_,33.508,33.508
cluster_9,_26058_,33.508,33.508
cluster_9,_26057_,33.508,33.508
cluster_9,_26056_,33.508,33.508
cluster_9,_26055_,33.508,33.508
cluster_9,_26064_,33.508,33.508
cluster_9,_26075_,33.508,33.508
cluster_9,_26076_,33.508,33.508
cluster_9,_26077_,33.508,33.508
cluster_9,_26097_,33.508,33.508
cluster_9,_26096_,33.508,33.508
cluster_9,_26095_,33.508,33.508
cluster_9,_26094_,33.508,33.508
cluster_9,_26093_,33.508,33.508
cluster_9,_26092_,33.508,33.508
cluster_9,_26091_,33.508,33.508
cluster_9,_26090_,33.508,33.508
cluster_9,_26089_,33.508,33.508
cluster_9,_26088_,33.508,33.508
cluster_9,_26087_,33.508,33.508
cluster_9,_26086_,33.508,33.508
cluster_9,_26085_,33.508,33.508
cluster_9,_26084_,33.508,33.508
cluster_9,_26083_,33.508,33.508
cluster_9,_26082_,33.508,33.508
cluster_9,_26081_,33.508,33.508
cluster_9,_26080_,33.508,33.508
cluster_9,_26079_,33.508,33.508
cluster_9,_26078_,33.508,33.508
cluster_9,_26295_,33.508,33.508
cluster_9,_26054_,33.508,33.508
cluster_9,_26053_,33.508,33.508
cluster_9,_26052_,33.508,33.508
cluster_9,_26051_,33.508,33.508
cluster_9,_19143_,33.508,33.508
cluster_9,_26034_,33.508,33.508
cluster_9,_19121_,33.508,33.508
cluster_9,_26033_,33.508,33.508
cluster_9,_26032_,33.508,33.508
cluster_9,_19103_,33.508,33.508
cluster_9,_26031_,33.508,33.508
cluster_9,_26030_,33.508,33.508
cluster_9,_19094_,33.508,33.508
cluster_9,_19067_,33.508,33.508
cluster_9,_26029_,33.508,33.508
cluster_9,_26028_,33.508,33.508
cluster_9,_26027_,33.508,33.508
cluster_9,_23295_,33.508,33.508
cluster_9,_26026_,33.508,33.508
cluster_9,_29768_,33.508,33.508
cluster_9,_26025_,33.508,33.508
cluster_9,_26024_,33.508,33.508
cluster_9,_26023_,33.508,33.508
cluster_9,_26022_,33.508,33.508
cluster_9,_26021_,33.508,33.508
cluster_9,_26035_,33.508,33.508
cluster_9,_26100_,33.508,33.508
cluster_9,_26036_,33.508,33.508
cluster_9,_26038_,33.508,33.508
cluster_9,_26050_,33.508,33.508
cluster_9,_26049_,33.508,33.508
cluster_9,_26048_,33.508,33.508
cluster_9,_26047_,33.508,33.508
cluster_9,sa21_sr[0]$_DFF_P_,33.508,33.508
cluster_9,sa21_sr[1]$_DFF_P_,33.508,33.508
cluster_9,sa21_sr[2]$_DFF_P_,33.508,33.508
cluster_9,sa21_sr[3]$_DFF_P_,33.508,33.508
cluster_9,sa21_sr[4]$_DFF_P_,33.508,33.508
cluster_9,sa21_sr[5]$_DFF_P_,33.508,33.508
cluster_9,sa21_sr[6]$_DFF_P_,33.508,33.508
cluster_9,sa21_sr[7]$_DFF_P_,33.508,33.508
cluster_9,_26046_,33.508,33.508
cluster_9,_26045_,33.508,33.508
cluster_9,_26044_,33.508,33.508
cluster_9,_26043_,33.508,33.508
cluster_9,_26042_,33.508,33.508
cluster_9,_26041_,33.508,33.508
cluster_9,_26040_,33.508,33.508
cluster_9,_26039_,33.508,33.508
cluster_9,_19176_,33.508,33.508
cluster_9,_26037_,33.508,33.508
cluster_9,_26296_,33.508,33.508
cluster_9,_29769_,33.508,33.508
cluster_9,_26298_,33.508,33.508
cluster_9,_26508_,33.508,33.508
cluster_9,_26507_,33.508,33.508
cluster_9,_26506_,33.508,33.508
cluster_9,_26505_,33.508,33.508
cluster_9,_26504_,33.508,33.508
cluster_9,_26503_,33.508,33.508
cluster_9,_26502_,33.508,33.508
cluster_9,_26501_,33.508,33.508
cluster_9,_26500_,33.508,33.508
cluster_9,_26499_,33.508,33.508
cluster_9,_26498_,33.508,33.508
cluster_9,_26497_,33.508,33.508
cluster_9,_26496_,33.508,33.508
cluster_9,_26495_,33.508,33.508
cluster_9,_26494_,33.508,33.508
cluster_9,_26509_,33.508,33.508
cluster_9,_26510_,33.508,33.508
cluster_9,_26511_,33.508,33.508
cluster_9,_26512_,33.508,33.508
cluster_9,_26528_,33.508,33.508
cluster_9,_26527_,33.508,33.508
cluster_9,_26526_,33.508,33.508
cluster_9,_26525_,33.508,33.508
cluster_9,_26524_,33.508,33.508
cluster_9,_26523_,33.508,33.508
cluster_9,_26522_,33.508,33.508
cluster_9,input162,33.508,33.508
cluster_9,_26521_,33.508,33.508
cluster_9,_26519_,33.508,33.508
cluster_9,_26518_,33.508,33.508
cluster_9,_26517_,33.508,33.508
cluster_9,_26516_,33.508,33.508
cluster_9,_26515_,33.508,33.508
cluster_9,_26514_,33.508,33.508
cluster_9,_26513_,33.508,33.508
cluster_9,_26520_,33.508,33.508
cluster_9,input163,33.508,33.508
cluster_9,input164,33.508,33.508
cluster_9,_26493_,33.508,33.508
cluster_9,_26472_,33.508,33.508
cluster_9,_26471_,33.508,33.508
cluster_9,_26470_,33.508,33.508
cluster_9,_26469_,33.508,33.508
cluster_9,_26468_,33.508,33.508
cluster_9,_26467_,33.508,33.508
cluster_9,_26466_,33.508,33.508
cluster_9,_26473_,33.508,33.508
cluster_9,_26465_,33.508,33.508
cluster_9,_26463_,33.508,33.508
cluster_9,_26462_,33.508,33.508
cluster_9,_26461_,33.508,33.508
cluster_9,_26460_,33.508,33.508
cluster_9,_26459_,33.508,33.508
cluster_9,_26458_,33.508,33.508
cluster_9,_26457_,33.508,33.508
cluster_9,_26464_,33.508,33.508
cluster_9,_26529_,33.508,33.508
cluster_9,_26474_,33.508,33.508
cluster_9,_26476_,33.508,33.508
cluster_9,_26492_,33.508,33.508
cluster_9,_26491_,33.508,33.508
cluster_9,_26490_,33.508,33.508
cluster_9,_26489_,33.508,33.508
cluster_9,_26488_,33.508,33.508
cluster_9,_26487_,33.508,33.508
cluster_9,_26486_,33.508,33.508
cluster_9,_26475_,33.508,33.508
cluster_9,_26485_,33.508,33.508
cluster_9,_26483_,33.508,33.508
cluster_9,_26482_,33.508,33.508
cluster_9,_26481_,33.508,33.508
cluster_9,_26480_,33.508,33.508
cluster_9,_26479_,33.508,33.508
cluster_9,_26478_,33.508,33.508
cluster_9,_26477_,33.508,33.508
cluster_9,_26484_,33.508,33.508
cluster_9,_26456_,33.508,33.508
cluster_9,_26531_,33.508,33.508
cluster_9,_26533_,33.508,33.508
cluster_9,_26547_,33.508,33.508
cluster_9,_26567_,33.508,33.508
cluster_9,_26568_,33.508,33.508
cluster_9,_26297_,33.508,33.508
cluster_9,_26569_,33.508,33.508
cluster_9,_26570_,33.508,33.508
cluster_9,_26571_,33.508,33.508
cluster_9,_26572_,33.508,33.508
cluster_9,_26573_,33.508,33.508
cluster_9,_26574_,33.508,33.508
cluster_9,_26575_,33.508,33.508
cluster_9,_26576_,33.508,33.508
cluster_9,_26577_,33.508,33.508
cluster_9,_26578_,33.508,33.508
cluster_9,_26545_,33.508,33.508
cluster_9,_26546_,33.508,33.508
cluster_9,_26566_,33.508,33.508
cluster_9,_26565_,33.508,33.508
cluster_9,_26564_,33.508,33.508
cluster_9,_26549_,33.508,33.508
cluster_9,_26550_,33.508,33.508
cluster_9,_26551_,33.508,33.508
cluster_9,_26552_,33.508,33.508
cluster_9,_26553_,33.508,33.508
cluster_9,_26554_,33.508,33.508
cluster_9,_26555_,33.508,33.508
cluster_9,_26544_,33.508,33.508
cluster_9,_26556_,33.508,33.508
cluster_9,_26558_,33.508,33.508
cluster_9,_26559_,33.508,33.508
cluster_9,_26560_,33.508,33.508
cluster_9,_26561_,33.508,33.508
cluster_9,_26562_,33.508,33.508
cluster_9,_26563_,33.508,33.508
cluster_9,_26548_,33.508,33.508
cluster_9,_26557_,33.508,33.508
cluster_9,text_in_r[10]$_DFFE_PP_,33.508,33.508
cluster_9,text_in_r[11]$_DFFE_PP_,33.508,33.508
cluster_9,text_in_r[12]$_DFFE_PP_,33.508,33.508
cluster_9,_15681_,33.508,33.508
cluster_9,_15667_,33.508,33.508
cluster_9,_15650_,33.508,33.508
cluster_9,_15602_,33.508,33.508
cluster_9,input141,33.508,33.508
cluster_9,_26542_,33.508,33.508
cluster_9,_26541_,33.508,33.508
cluster_9,_15690_,33.508,33.508
cluster_9,_26540_,33.508,33.508
cluster_9,input161,33.508,33.508
cluster_9,_26539_,33.508,33.508
cluster_9,_26538_,33.508,33.508
cluster_9,_26537_,33.508,33.508
cluster_9,_26536_,33.508,33.508
cluster_9,_26535_,33.508,33.508
cluster_9,_26534_,33.508,33.508
cluster_9,input152,33.508,33.508
cluster_9,_26532_,33.508,33.508
cluster_9,_15700_,33.508,33.508
cluster_9,u0.w[3][15]$_DFF_P_,33.508,33.508
cluster_9,text_in_r[13]$_DFFE_PP_,33.508,33.508
cluster_9,text_in_r[14]$_DFFE_PP_,33.508,33.508
cluster_9,text_in_r[15]$_DFFE_PP_,33.508,33.508
cluster_9,_29406_,33.508,33.508
cluster_9,_29404_,33.508,33.508
cluster_9,_29403_,33.508,33.508
cluster_9,_29402_,33.508,33.508
cluster_9,u0.w[3][9]$_DFF_P_,33.508,33.508
cluster_9,_29391_,33.508,33.508
cluster_9,input257,33.508,33.508
cluster_9,text_in_r[9]$_DFFE_PP_,33.508,33.508
cluster_9,u0.w[3][11]$_DFF_P_,33.508,33.508
cluster_9,u0.w[3][12]$_DFF_P_,33.508,33.508
cluster_9,_26543_,33.508,33.508
cluster_9,u0.w[3][13]$_DFF_P_,33.508,33.508
cluster_9,u0.w[3][14]$_DFF_P_,33.508,33.508
cluster_9,_29379_,33.508,33.508
cluster_9,_26455_,33.508,33.508
cluster_9,_26530_,33.508,33.508
cluster_9,_26453_,33.508,33.508
cluster_9,_26354_,33.508,33.508
cluster_9,_26353_,33.508,33.508
cluster_9,_26352_,33.508,33.508
cluster_9,_26350_,33.508,33.508
cluster_9,_26349_,33.508,33.508
cluster_9,_26348_,33.508,33.508
cluster_9,_26347_,33.508,33.508
cluster_9,_26346_,33.508,33.508
cluster_9,_26345_,33.508,33.508
cluster_9,_26299_,33.508,33.508
cluster_9,_26344_,33.508,33.508
cluster_9,_26343_,33.508,33.508
cluster_9,_26342_,33.508,33.508
cluster_9,_26341_,33.508,33.508
cluster_9,_26340_,33.508,33.508
cluster_9,_26355_,33.508,33.508
cluster_9,_26356_,33.508,33.508
cluster_9,_26357_,33.508,33.508
cluster_9,_26358_,33.508,33.508
cluster_9,_26374_,33.508,33.508
cluster_9,_26373_,33.508,33.508
cluster_9,_26372_,33.508,33.508
cluster_9,_26371_,33.508,33.508
cluster_9,_26370_,33.508,33.508
cluster_9,_26369_,33.508,33.508
cluster_9,_26368_,33.508,33.508
cluster_9,_26339_,33.508,33.508
cluster_9,_26367_,33.508,33.508
cluster_9,_26365_,33.508,33.508
cluster_9,_26364_,33.508,33.508
cluster_9,_26363_,33.508,33.508
cluster_9,_26362_,33.508,33.508
cluster_9,_26361_,33.508,33.508
cluster_9,_26360_,33.508,33.508
cluster_9,_26359_,33.508,33.508
cluster_9,_26366_,33.508,33.508
cluster_9,_26338_,33.508,33.508
cluster_9,_26337_,33.508,33.508
cluster_9,_26336_,33.508,33.508
cluster_9,_26319_,33.508,33.508
cluster_9,_26318_,33.508,33.508
cluster_9,_26317_,33.508,33.508
cluster_9,_26316_,33.508,33.508
cluster_9,_26303_,33.508,33.508
cluster_9,_26304_,33.508,33.508
cluster_9,_26305_,33.508,33.508
cluster_9,_26302_,33.508,33.508
cluster_9,_26306_,33.508,33.508
cluster_9,_26308_,33.508,33.508
cluster_9,_26309_,33.508,33.508
cluster_9,_26315_,33.508,33.508
cluster_9,_26310_,33.508,33.508
cluster_9,_26311_,33.508,33.508
cluster_9,_26312_,33.508,33.508
cluster_9,_26313_,33.508,33.508
cluster_9,_26307_,33.508,33.508
cluster_9,_26375_,33.508,33.508
cluster_9,_26320_,33.508,33.508
cluster_9,_26301_,33.508,33.508
cluster_9,_26335_,33.508,33.508
cluster_9,_26300_,33.508,33.508
cluster_9,_26334_,33.508,33.508
cluster_9,_26333_,33.508,33.508
cluster_9,_26454_,33.508,33.508
cluster_9,_26332_,33.508,33.508
cluster_9,_26331_,33.508,33.508
cluster_9,_26321_,33.508,33.508
cluster_9,_26330_,33.508,33.508
cluster_9,_26328_,33.508,33.508
cluster_9,_26327_,33.508,33.508
cluster_9,_26326_,33.508,33.508
cluster_9,_26325_,33.508,33.508
cluster_9,_26324_,33.508,33.508
cluster_9,_26323_,33.508,33.508
cluster_9,_26322_,33.508,33.508
cluster_9,_26329_,33.508,33.508
cluster_9,_26376_,33.508,33.508
cluster_9,_26351_,33.508,33.508
cluster_9,_26377_,33.508,33.508
cluster_9,_26429_,33.508,33.508
cluster_9,_26428_,33.508,33.508
cluster_9,_26427_,33.508,33.508
cluster_9,_26426_,33.508,33.508
cluster_9,_26425_,33.508,33.508
cluster_9,_26424_,33.508,33.508
cluster_9,_26423_,33.508,33.508
cluster_9,_26422_,33.508,33.508
cluster_9,_26420_,33.508,33.508
cluster_9,_26430_,33.508,33.508
cluster_9,_26419_,33.508,33.508
cluster_9,_26417_,33.508,33.508
cluster_9,_26416_,33.508,33.508
cluster_9,_26415_,33.508,33.508
cluster_9,_26414_,33.508,33.508
cluster_9,_26413_,33.508,33.508
cluster_9,_26412_,33.508,33.508
cluster_9,_26411_,33.508,33.508
cluster_9,_26410_,33.508,33.508
cluster_9,_26409_,33.508,33.508
cluster_9,_26418_,33.508,33.508
cluster_9,_26408_,33.508,33.508
cluster_9,_26431_,33.508,33.508
cluster_9,_26433_,33.508,33.508
cluster_9,_26452_,33.508,33.508
cluster_9,_26451_,33.508,33.508
cluster_9,_26450_,33.508,33.508
cluster_9,_26449_,33.508,33.508
cluster_9,_26448_,33.508,33.508
cluster_9,_26447_,33.508,33.508
cluster_9,_26446_,33.508,33.508
cluster_9,_29507_,33.508,33.508
cluster_9,_26445_,33.508,33.508
cluster_9,_26432_,33.508,33.508
cluster_9,_26444_,33.508,33.508
cluster_9,_26442_,33.508,33.508
cluster_9,_26441_,33.508,33.508
cluster_9,_26440_,33.508,33.508
cluster_9,_26439_,33.508,33.508
cluster_9,_26438_,33.508,33.508
cluster_9,_26437_,33.508,33.508
cluster_9,_26436_,33.508,33.508
cluster_9,_26435_,33.508,33.508
cluster_9,_26434_,33.508,33.508
cluster_9,_26443_,33.508,33.508
cluster_9,_26407_,33.508,33.508
cluster_9,_26421_,33.508,33.508
cluster_9,_26314_,33.508,33.508
cluster_9,_26398_,33.508,33.508
cluster_9,_26390_,33.508,33.508
cluster_9,_26389_,33.508,33.508
cluster_9,_26397_,33.508,33.508
cluster_9,_26388_,33.508,33.508
cluster_9,_26400_,33.508,33.508
cluster_9,_26396_,33.508,33.508
cluster_9,_26395_,33.508,33.508
cluster_9,_26394_,33.508,33.508
cluster_9,_26393_,33.508,33.508
cluster_9,_26401_,33.508,33.508
cluster_9,_26392_,33.508,33.508
cluster_9,_26399_,33.508,33.508
cluster_9,_26402_,33.508,33.508
cluster_9,_26391_,33.508,33.508
cluster_9,_26405_,33.508,33.508
cluster_9,_26406_,33.508,33.508
cluster_9,_26386_,33.508,33.508
cluster_9,_26378_,33.508,33.508
cluster_9,_26379_,33.508,33.508
cluster_9,_26380_,33.508,33.508
cluster_9,_26381_,33.508,33.508
cluster_9,_26403_,33.508,33.508
cluster_9,_26404_,33.508,33.508
cluster_9,_26382_,33.508,33.508
cluster_9,_26387_,33.508,33.508
cluster_9,_26385_,33.508,33.508
cluster_9,_26384_,33.508,33.508
cluster_9,_26383_,33.508,33.508
cluster_10,_24067_,32.713,32.712
cluster_10,_24072_,32.713,32.712
cluster_10,_24023_,32.713,32.712
cluster_10,_24071_,32.713,32.712
cluster_10,_24070_,32.713,32.712
cluster_10,_24068_,32.713,32.712
cluster_10,_24073_,32.713,32.712
cluster_10,_24069_,32.713,32.712
cluster_10,_24078_,32.713,32.712
cluster_10,_24022_,32.713,32.712
cluster_10,_24021_,32.713,32.712
cluster_10,_24088_,32.713,32.712
cluster_10,_24087_,32.713,32.712
cluster_10,_24086_,32.713,32.712
cluster_10,_24085_,32.713,32.712
cluster_10,_24084_,32.713,32.712
cluster_10,_24083_,32.713,32.712
cluster_10,_24082_,32.713,32.712
cluster_10,_24081_,32.713,32.712
cluster_10,_24080_,32.713,32.712
cluster_10,_24079_,32.713,32.712
cluster_10,_24066_,32.713,32.712
cluster_10,_24077_,32.713,32.712
cluster_10,_24076_,32.713,32.712
cluster_10,_24075_,32.713,32.712
cluster_10,_24074_,32.713,32.712
cluster_10,_24024_,32.713,32.712
cluster_10,_24036_,32.713,32.712
cluster_10,_24065_,32.713,32.712
cluster_10,_24089_,32.713,32.712
cluster_10,_24047_,32.713,32.712
cluster_10,_24046_,32.713,32.712
cluster_10,_24045_,32.713,32.712
cluster_10,_24044_,32.713,32.712
cluster_10,_24043_,32.713,32.712
cluster_10,_24042_,32.713,32.712
cluster_10,_24041_,32.713,32.712
cluster_10,_24040_,32.713,32.712
cluster_10,_24039_,32.713,32.712
cluster_10,_24030_,32.713,32.712
cluster_10,_24031_,32.713,32.712
cluster_10,_24032_,32.713,32.712
cluster_10,_24033_,32.713,32.712
cluster_10,_24034_,32.713,32.712
cluster_10,_24038_,32.713,32.712
cluster_10,_24035_,32.713,32.712
cluster_10,_24048_,32.713,32.712
cluster_10,_24020_,32.713,32.712
cluster_10,_24049_,32.713,32.712
cluster_10,_24050_,32.713,32.712
cluster_10,_24064_,32.713,32.712
cluster_10,_24063_,32.713,32.712
cluster_10,_24062_,32.713,32.712
cluster_10,_24026_,32.713,32.712
cluster_10,_24061_,32.713,32.712
cluster_10,_24037_,32.713,32.712
cluster_10,_24028_,32.713,32.712
cluster_10,_24029_,32.713,32.712
cluster_10,_24025_,32.713,32.712
cluster_10,_24060_,32.713,32.712
cluster_10,_24058_,32.713,32.712
cluster_10,_24057_,32.713,32.712
cluster_10,_24056_,32.713,32.712
cluster_10,_24055_,32.713,32.712
cluster_10,_24054_,32.713,32.712
cluster_10,_24053_,32.713,32.712
cluster_10,_24052_,32.713,32.712
cluster_10,_24051_,32.713,32.712
cluster_10,_24059_,32.713,32.712
cluster_10,_24027_,32.713,32.712
cluster_10,_24141_,32.713,32.712
cluster_10,_24091_,32.713,32.712
cluster_10,_24154_,32.713,32.712
cluster_10,_24153_,32.713,32.712
cluster_10,_24152_,32.713,32.712
cluster_10,_24151_,32.713,32.712
cluster_10,_24150_,32.713,32.712
cluster_10,_24149_,32.713,32.712
cluster_10,_24148_,32.713,32.712
cluster_10,_24147_,32.713,32.712
cluster_10,_24155_,32.713,32.712
cluster_10,_24146_,32.713,32.712
cluster_10,_24144_,32.713,32.712
cluster_10,_24143_,32.713,32.712
cluster_10,_24142_,32.713,32.712
cluster_10,_24140_,32.713,32.712
cluster_10,_24139_,32.713,32.712
cluster_10,_24138_,32.713,32.712
cluster_10,_24137_,32.713,32.712
cluster_10,_24136_,32.713,32.712
cluster_10,_24145_,32.713,32.712
cluster_10,_24135_,32.713,32.712
cluster_10,_24156_,32.713,32.712
cluster_10,_24158_,32.713,32.712
cluster_10,_24019_,32.713,32.712
cluster_10,_24175_,32.713,32.712
cluster_10,_24174_,32.713,32.712
cluster_10,_24173_,32.713,32.712
cluster_10,_24172_,32.713,32.712
cluster_10,_24171_,32.713,32.712
cluster_10,_24170_,32.713,32.712
cluster_10,_24169_,32.713,32.712
cluster_10,_24157_,32.713,32.712
cluster_10,_24168_,32.713,32.712
cluster_10,_24166_,32.713,32.712
cluster_10,_24165_,32.713,32.712
cluster_10,_24164_,32.713,32.712
cluster_10,_24163_,32.713,32.712
cluster_10,_24162_,32.713,32.712
cluster_10,_24161_,32.713,32.712
cluster_10,_24160_,32.713,32.712
cluster_10,_24159_,32.713,32.712
cluster_10,_24167_,32.713,32.712
cluster_10,_24090_,32.713,32.712
cluster_10,_24134_,32.713,32.712
cluster_10,_24132_,32.713,32.712
cluster_10,_24109_,32.713,32.712
cluster_10,_24108_,32.713,32.712
cluster_10,_24107_,32.713,32.712
cluster_10,_24106_,32.713,32.712
cluster_10,_24105_,32.713,32.712
cluster_10,_24104_,32.713,32.712
cluster_10,_24103_,32.713,32.712
cluster_10,_24102_,32.713,32.712
cluster_10,_24110_,32.713,32.712
cluster_10,_24101_,32.713,32.712
cluster_10,_24099_,32.713,32.712
cluster_10,_24098_,32.713,32.712
cluster_10,_24097_,32.713,32.712
cluster_10,_24096_,32.713,32.712
cluster_10,_24095_,32.713,32.712
cluster_10,_24094_,32.713,32.712
cluster_10,_24093_,32.713,32.712
cluster_10,_24092_,32.713,32.712
cluster_10,_24100_,32.713,32.712
cluster_10,_24133_,32.713,32.712
cluster_10,_24111_,32.713,32.712
cluster_10,_24113_,32.713,32.712
cluster_10,_24131_,32.713,32.712
cluster_10,_24130_,32.713,32.712
cluster_10,_24129_,32.713,32.712
cluster_10,_24128_,32.713,32.712
cluster_10,_24127_,32.713,32.712
cluster_10,_24126_,32.713,32.712
cluster_10,_24125_,32.713,32.712
cluster_10,_24124_,32.713,32.712
cluster_10,_24112_,32.713,32.712
cluster_10,_24123_,32.713,32.712
cluster_10,_24121_,32.713,32.712
cluster_10,_24120_,32.713,32.712
cluster_10,_24119_,32.713,32.712
cluster_10,_24118_,32.713,32.712
cluster_10,_24117_,32.713,32.712
cluster_10,_24116_,32.713,32.712
cluster_10,_24115_,32.713,32.712
cluster_10,_24114_,32.713,32.712
cluster_10,_24122_,32.713,32.712
cluster_10,_24018_,32.713,32.712
cluster_10,_29718_,32.713,32.712
cluster_10,_24016_,32.713,32.712
cluster_10,_23902_,32.713,32.712
cluster_10,_23901_,32.713,32.712
cluster_10,_23900_,32.713,32.712
cluster_10,_23899_,32.713,32.712
cluster_10,_23898_,32.713,32.712
cluster_10,_23897_,32.713,32.712
cluster_10,_23896_,32.713,32.712
cluster_10,_23903_,32.713,32.712
cluster_10,_23895_,32.713,32.712
cluster_10,_23893_,32.713,32.712
cluster_10,_23892_,32.713,32.712
cluster_10,_23891_,32.713,32.712
cluster_10,_23890_,32.713,32.712
cluster_10,_23889_,32.713,32.712
cluster_10,_29724_,32.713,32.712
cluster_10,_29723_,32.713,32.712
cluster_10,_23894_,32.713,32.712
cluster_10,_29722_,32.713,32.712
cluster_10,_23904_,32.713,32.712
cluster_10,_23906_,32.713,32.712
cluster_10,_23937_,32.713,32.712
cluster_10,_23936_,32.713,32.712
cluster_10,_23935_,32.713,32.712
cluster_10,_23934_,32.713,32.712
cluster_10,_23933_,32.713,32.712
cluster_10,_23932_,32.713,32.712
cluster_10,_23931_,32.713,32.712
cluster_10,_23905_,32.713,32.712
cluster_10,_23930_,32.713,32.712
cluster_10,_23913_,32.713,32.712
cluster_10,_23912_,32.713,32.712
cluster_10,_23911_,32.713,32.712
cluster_10,_23910_,32.713,32.712
cluster_10,_23909_,32.713,32.712
cluster_10,_23908_,32.713,32.712
cluster_10,_23907_,32.713,32.712
cluster_10,_23929_,32.713,32.712
cluster_10,_29721_,32.713,32.712
cluster_10,_29720_,32.713,32.712
cluster_10,_29719_,32.713,32.712
cluster_10,_29380_,32.713,32.712
cluster_10,_29378_,32.713,32.712
cluster_10,_29377_,32.713,32.712
cluster_10,_29376_,32.713,32.712
cluster_10,_29374_,32.713,32.712
cluster_10,_29373_,32.713,32.712
cluster_10,_29371_,32.713,32.712
cluster_10,_29381_,32.713,32.712
cluster_10,_18283_,32.713,32.712
cluster_10,input136,32.713,32.712
cluster_10,input138,32.713,32.712
cluster_10,input139,32.713,32.712
cluster_10,clone8,32.713,32.712
cluster_10,input140,32.713,32.712
cluster_10,input142,32.713,32.712
cluster_10,input143,32.713,32.712
cluster_10,input135,32.713,32.712
cluster_10,_18411_,32.713,32.712
cluster_10,_18446_,32.713,32.712
cluster_10,_18473_,32.713,32.712
cluster_10,_24176_,32.713,32.712
cluster_10,_29717_,32.713,32.712
cluster_10,_29716_,32.713,32.712
cluster_10,_29715_,32.713,32.712
cluster_10,sa22_sr[7]$_DFF_P_,32.713,32.712
cluster_10,_29714_,32.713,32.712
cluster_10,_29713_,32.713,32.712
cluster_10,_29712_,32.713,32.712
cluster_10,_29711_,32.713,32.712
cluster_10,_29710_,32.713,32.712
cluster_10,text_in_r[104]$_DFFE_PP_,32.713,32.712
cluster_10,text_in_r[105]$_DFFE_PP_,32.713,32.712
cluster_10,text_in_r[107]$_DFFE_PP_,32.713,32.712
cluster_10,text_in_r[108]$_DFFE_PP_,32.713,32.712
cluster_10,text_in_r[109]$_DFFE_PP_,32.713,32.712
cluster_10,text_in_r[110]$_DFFE_PP_,32.713,32.712
cluster_10,text_in_r[111]$_DFFE_PP_,32.713,32.712
cluster_10,_23938_,32.713,32.712
cluster_10,_23939_,32.713,32.712
cluster_10,_23940_,32.713,32.712
cluster_10,_23941_,32.713,32.712
cluster_10,_23995_,32.713,32.712
cluster_10,_23994_,32.713,32.712
cluster_10,_23993_,32.713,32.712
cluster_10,_23992_,32.713,32.712
cluster_10,_23991_,32.713,32.712
cluster_10,_23990_,32.713,32.712
cluster_10,_23989_,32.713,32.712
cluster_10,_23996_,32.713,32.712
cluster_10,_23985_,32.713,32.712
cluster_10,_23983_,32.713,32.712
cluster_10,_23981_,32.713,32.712
cluster_10,_19857_,32.713,32.712
cluster_10,_23980_,32.713,32.712
cluster_10,_23979_,32.713,32.712
cluster_10,_23978_,32.713,32.712
cluster_10,_23977_,32.713,32.712
cluster_10,_23984_,32.713,32.712
cluster_10,_19872_,32.713,32.712
cluster_10,_23997_,32.713,32.712
cluster_10,_23998_,32.713,32.712
cluster_10,_24015_,32.713,32.712
cluster_10,_24014_,32.713,32.712
cluster_10,_24013_,32.713,32.712
cluster_10,_24012_,32.713,32.712
cluster_10,_24011_,32.713,32.712
cluster_10,_24010_,32.713,32.712
cluster_10,_24009_,32.713,32.712
cluster_10,_24008_,32.713,32.712
cluster_10,_24007_,32.713,32.712
cluster_10,_24006_,32.713,32.712
cluster_10,_24005_,32.713,32.712
cluster_10,_24004_,32.713,32.712
cluster_10,_24003_,32.713,32.712
cluster_10,_24002_,32.713,32.712
cluster_10,_24001_,32.713,32.712
cluster_10,_24000_,32.713,32.712
cluster_10,_23999_,32.713,32.712
cluster_10,_23976_,32.713,32.712
cluster_10,_24017_,32.713,32.712
cluster_10,_23975_,32.713,32.712
cluster_10,_23973_,32.713,32.712
cluster_10,_23952_,32.713,32.712
cluster_10,_23951_,32.713,32.712
cluster_10,_23948_,32.713,32.712
cluster_10,_23947_,32.713,32.712
cluster_10,_23946_,32.713,32.712
cluster_10,_23944_,32.713,32.712
cluster_10,_23943_,32.713,32.712
cluster_10,_23953_,32.713,32.712
cluster_10,_23942_,32.713,32.712
cluster_10,sa22_sr[1]$_DFF_P_,32.713,32.712
cluster_10,sa22_sr[2]$_DFF_P_,32.713,32.712
cluster_10,sa22_sr[3]$_DFF_P_,32.713,32.712
cluster_10,sa22_sr[4]$_DFF_P_,32.713,32.712
cluster_10,_19797_,32.713,32.712
cluster_10,sa22_sr[5]$_DFF_P_,32.713,32.712
cluster_10,sa22_sr[6]$_DFF_P_,32.713,32.712
cluster_10,sa22_sr[0]$_DFF_P_,32.713,32.712
cluster_10,_23954_,32.713,32.712
cluster_10,_19824_,32.713,32.712
cluster_10,_23955_,32.713,32.712
cluster_10,_23972_,32.713,32.712
cluster_10,_23971_,32.713,32.712
cluster_10,_19844_,32.713,32.712
cluster_10,_23968_,32.713,32.712
cluster_10,_23967_,32.713,32.712
cluster_10,_23966_,32.713,32.712
cluster_10,_23965_,32.713,32.712
cluster_10,_23964_,32.713,32.712
cluster_10,_23963_,32.713,32.712
cluster_10,_23962_,32.713,32.712
cluster_10,_23961_,32.713,32.712
cluster_10,_19834_,32.713,32.712
cluster_10,_23960_,32.713,32.712
cluster_10,_23959_,32.713,32.712
cluster_10,_23958_,32.713,32.712
cluster_10,_23957_,32.713,32.712
cluster_10,_23956_,32.713,32.712
cluster_10,_23974_,32.713,32.712
cluster_10,_24177_,32.713,32.712
cluster_10,_24296_,32.713,32.712
cluster_10,_24179_,32.713,32.712
cluster_10,_24434_,32.713,32.712
cluster_10,_24433_,32.713,32.712
cluster_10,_24432_,32.713,32.712
cluster_10,_24431_,32.713,32.712
cluster_10,_24430_,32.713,32.712
cluster_10,_24429_,32.713,32.712
cluster_10,_24428_,32.713,32.712
cluster_10,_24427_,32.713,32.712
cluster_10,_24426_,32.713,32.712
cluster_10,_24425_,32.713,32.712
cluster_10,_24424_,32.713,32.712
cluster_10,_24423_,32.713,32.712
cluster_10,_24422_,32.713,32.712
cluster_10,_24421_,32.713,32.712
cluster_10,_24420_,32.713,32.712
cluster_10,_24419_,32.713,32.712
cluster_10,_24418_,32.713,32.712
cluster_10,_24417_,32.713,32.712
cluster_10,_24416_,32.713,32.712
cluster_10,_24435_,32.713,32.712
cluster_10,_24436_,32.713,32.712
cluster_10,_24437_,32.713,32.712
cluster_10,_24438_,32.713,32.712
cluster_10,_24458_,32.713,32.712
cluster_10,_24457_,32.713,32.712
cluster_10,_24456_,32.713,32.712
cluster_10,_24455_,32.713,32.712
cluster_10,_24454_,32.713,32.712
cluster_10,_24453_,32.713,32.712
cluster_10,_24452_,32.713,32.712
cluster_10,_24451_,32.713,32.712
cluster_10,_24450_,32.713,32.712
cluster_10,_24415_,32.713,32.712
cluster_10,_24449_,32.713,32.712
cluster_10,_24447_,32.713,32.712
cluster_10,_24446_,32.713,32.712
cluster_10,_24445_,32.713,32.712
cluster_10,_24444_,32.713,32.712
cluster_10,_24443_,32.713,32.712
cluster_10,_24442_,32.713,32.712
cluster_10,_24441_,32.713,32.712
cluster_10,_24440_,32.713,32.712
cluster_10,_24439_,32.713,32.712
cluster_10,_24448_,32.713,32.712
cluster_10,_24459_,32.713,32.712
cluster_10,_24414_,32.713,32.712
cluster_10,_24412_,32.713,32.712
cluster_10,_24387_,32.713,32.712
cluster_10,_24386_,32.713,32.712
cluster_10,_24385_,32.713,32.712
cluster_10,_24384_,32.713,32.712
cluster_10,_24383_,32.713,32.712
cluster_10,_24382_,32.713,32.712
cluster_10,_24381_,32.713,32.712
cluster_10,_24380_,32.713,32.712
cluster_10,_24379_,32.713,32.712
cluster_10,_24178_,32.713,32.712
cluster_10,_24377_,32.713,32.712
cluster_10,_24376_,32.713,32.712
cluster_10,_24375_,32.713,32.712
cluster_10,_24374_,32.713,32.712
cluster_10,_24373_,32.713,32.712
cluster_10,_24372_,32.713,32.712
cluster_10,_24371_,32.713,32.712
cluster_10,_24370_,32.713,32.712
cluster_10,_24369_,32.713,32.712
cluster_10,_24388_,32.713,32.712
cluster_10,_24389_,32.713,32.712
cluster_10,_24390_,32.713,32.712
cluster_10,_24391_,32.713,32.712
cluster_10,_24411_,32.713,32.712
cluster_10,_24410_,32.713,32.712
cluster_10,_24409_,32.713,32.712
cluster_10,_24408_,32.713,32.712
cluster_10,_24407_,32.713,32.712
cluster_10,_24406_,32.713,32.712
cluster_10,_24405_,32.713,32.712
cluster_10,_24404_,32.713,32.712
cluster_10,_24403_,32.713,32.712
cluster_10,_24413_,32.713,32.712
cluster_10,_24402_,32.713,32.712
cluster_10,_24400_,32.713,32.712
cluster_10,_24399_,32.713,32.712
cluster_10,_24398_,32.713,32.712
cluster_10,_24397_,32.713,32.712
cluster_10,_24396_,32.713,32.712
cluster_10,_24395_,32.713,32.712
cluster_10,_24394_,32.713,32.712
cluster_10,_24393_,32.713,32.712
cluster_10,_24392_,32.713,32.712
cluster_10,_24401_,32.713,32.712
cluster_10,_24368_,32.713,32.712
cluster_10,_24460_,32.713,32.712
cluster_10,_24462_,32.713,32.712
cluster_10,_24528_,32.713,32.712
cluster_10,_24527_,32.713,32.712
cluster_10,_24526_,32.713,32.712
cluster_10,_24525_,32.713,32.712
cluster_10,_24524_,32.713,32.712
cluster_10,_24523_,32.713,32.712
cluster_10,_24522_,32.713,32.712
cluster_10,_24521_,32.713,32.712
cluster_10,_24520_,32.713,32.712
cluster_10,_24519_,32.713,32.712
cluster_10,_24518_,32.713,32.712
cluster_10,_24517_,32.713,32.712
cluster_10,_24516_,32.713,32.712
cluster_10,_24515_,32.713,32.712
cluster_10,_24514_,32.713,32.712
cluster_10,_24513_,32.713,32.712
cluster_10,_24512_,32.713,32.712
cluster_10,_24511_,32.713,32.712
cluster_10,_24510_,32.713,32.712
cluster_10,_24529_,32.713,32.712
cluster_10,_24530_,32.713,32.712
cluster_10,_24531_,32.713,32.712
cluster_10,_24532_,32.713,32.712
cluster_10,_24552_,32.713,32.712
cluster_10,_24551_,32.713,32.712
cluster_10,_24550_,32.713,32.712
cluster_10,_24549_,32.713,32.712
cluster_10,_24548_,32.713,32.712
cluster_10,_24547_,32.713,32.712
cluster_10,_24546_,32.713,32.712
cluster_10,_24545_,32.713,32.712
cluster_10,_24544_,32.713,32.712
cluster_10,_24509_,32.713,32.712
cluster_10,_24543_,32.713,32.712
cluster_10,_24541_,32.713,32.712
cluster_10,_24540_,32.713,32.712
cluster_10,_24539_,32.713,32.712
cluster_10,_24538_,32.713,32.712
cluster_10,_24537_,32.713,32.712
cluster_10,_24536_,32.713,32.712
cluster_10,_24535_,32.713,32.712
cluster_10,_24534_,32.713,32.712
cluster_10,_24533_,32.713,32.712
cluster_10,_24542_,32.713,32.712
cluster_10,_24461_,32.713,32.712
cluster_10,_24508_,32.713,32.712
cluster_10,_24506_,32.713,32.712
cluster_10,_24481_,32.713,32.712
cluster_10,_24480_,32.713,32.712
cluster_10,_24479_,32.713,32.712
cluster_10,_24478_,32.713,32.712
cluster_10,_24477_,32.713,32.712
cluster_10,_24476_,32.713,32.712
cluster_10,_24475_,32.713,32.712
cluster_10,_24474_,32.713,32.712
cluster_10,_24473_,32.713,32.712
cluster_10,_24472_,32.713,32.712
cluster_10,_24471_,32.713,32.712
cluster_10,_24470_,32.713,32.712
cluster_10,_24469_,32.713,32.712
cluster_10,_24468_,32.713,32.712
cluster_10,_24467_,32.713,32.712
cluster_10,_24466_,32.713,32.712
cluster_10,_24465_,32.713,32.712
cluster_10,_24464_,32.713,32.712
cluster_10,_24463_,32.713,32.712
cluster_10,_24482_,32.713,32.712
cluster_10,_24483_,32.713,32.712
cluster_10,_24484_,32.713,32.712
cluster_10,_24485_,32.713,32.712
cluster_10,_24505_,32.713,32.712
cluster_10,_24504_,32.713,32.712
cluster_10,_24503_,32.713,32.712
cluster_10,_24502_,32.713,32.712
cluster_10,_24501_,32.713,32.712
cluster_10,_24500_,32.713,32.712
cluster_10,_24499_,32.713,32.712
cluster_10,_24498_,32.713,32.712
cluster_10,_24497_,32.713,32.712
cluster_10,_24507_,32.713,32.712
cluster_10,_24496_,32.713,32.712
cluster_10,_24494_,32.713,32.712
cluster_10,_24493_,32.713,32.712
cluster_10,_24492_,32.713,32.712
cluster_10,_24491_,32.713,32.712
cluster_10,_24490_,32.713,32.712
cluster_10,_24489_,32.713,32.712
cluster_10,_24488_,32.713,32.712
cluster_10,_24487_,32.713,32.712
cluster_10,_24486_,32.713,32.712
cluster_10,_24495_,32.713,32.712
cluster_10,_24367_,32.713,32.712
cluster_10,_24378_,32.713,32.712
cluster_10,_24365_,32.713,32.712
cluster_10,_24245_,32.713,32.712
cluster_10,_24244_,32.713,32.712
cluster_10,_24243_,32.713,32.712
cluster_10,_24242_,32.713,32.712
cluster_10,_24241_,32.713,32.712
cluster_10,_24240_,32.713,32.712
cluster_10,_24239_,32.713,32.712
cluster_10,_24238_,32.713,32.712
cluster_10,_24237_,32.713,32.712
cluster_10,_24236_,32.713,32.712
cluster_10,_24235_,32.713,32.712
cluster_10,_24234_,32.713,32.712
cluster_10,_24233_,32.713,32.712
cluster_10,_24232_,32.713,32.712
cluster_10,_24231_,32.713,32.712
cluster_10,_24230_,32.713,32.712
cluster_10,_24229_,32.713,32.712
cluster_10,_24228_,32.713,32.712
cluster_10,_24227_,32.713,32.712
cluster_10,_24246_,32.713,32.712
cluster_10,_24247_,32.713,32.712
cluster_10,_24248_,32.713,32.712
cluster_10,_24249_,32.713,32.712
cluster_10,_24269_,32.713,32.712
cluster_10,_24268_,32.713,32.712
cluster_10,_24267_,32.713,32.712
cluster_10,_24266_,32.713,32.712
cluster_10,_24265_,32.713,32.712
cluster_10,_24264_,32.713,32.712
cluster_10,_24263_,32.713,32.712
cluster_10,_24262_,32.713,32.712
cluster_10,_24261_,32.713,32.712
cluster_10,_24226_,32.713,32.712
cluster_10,_24366_,32.713,32.712
cluster_10,_24258_,32.713,32.712
cluster_10,_24257_,32.713,32.712
cluster_10,_24256_,32.713,32.712
cluster_10,_24255_,32.713,32.712
cluster_10,_24254_,32.713,32.712
cluster_10,_24253_,32.713,32.712
cluster_10,_24252_,32.713,32.712
cluster_10,_24251_,32.713,32.712
cluster_10,_24250_,32.713,32.712
cluster_10,_24259_,32.713,32.712
cluster_10,_24270_,32.713,32.712
cluster_10,_24225_,32.713,32.712
cluster_10,_24223_,32.713,32.712
cluster_10,_24198_,32.713,32.712
cluster_10,_24197_,32.713,32.712
cluster_10,_24196_,32.713,32.712
cluster_10,_24195_,32.713,32.712
cluster_10,_24194_,32.713,32.712
cluster_10,_24193_,32.713,32.712
cluster_10,_24192_,32.713,32.712
cluster_10,_24191_,32.713,32.712
cluster_10,_24190_,32.713,32.712
cluster_10,_24189_,32.713,32.712
cluster_10,_24188_,32.713,32.712
cluster_10,_24187_,32.713,32.712
cluster_10,_24186_,32.713,32.712
cluster_10,_24185_,32.713,32.712
cluster_10,_24184_,32.713,32.712
cluster_10,_24183_,32.713,32.712
cluster_10,_24182_,32.713,32.712
cluster_10,_24181_,32.713,32.712
cluster_10,_24180_,32.713,32.712
cluster_10,_24199_,32.713,32.712
cluster_10,_24200_,32.713,32.712
cluster_10,_24201_,32.713,32.712
cluster_10,_24202_,32.713,32.712
cluster_10,_24222_,32.713,32.712
cluster_10,_24221_,32.713,32.712
cluster_10,_24220_,32.713,32.712
cluster_10,_24219_,32.713,32.712
cluster_10,_24218_,32.713,32.712
cluster_10,_24217_,32.713,32.712
cluster_10,_24216_,32.713,32.712
cluster_10,_24215_,32.713,32.712
cluster_10,_24214_,32.713,32.712
cluster_10,_24224_,32.713,32.712
cluster_10,_24213_,32.713,32.712
cluster_10,_24211_,32.713,32.712
cluster_10,_24210_,32.713,32.712
cluster_10,_24209_,32.713,32.712
cluster_10,_24208_,32.713,32.712
cluster_10,_24207_,32.713,32.712
cluster_10,_24206_,32.713,32.712
cluster_10,_24205_,32.713,32.712
cluster_10,_24204_,32.713,32.712
cluster_10,_24203_,32.713,32.712
cluster_10,_24212_,32.713,32.712
cluster_10,_24271_,32.713,32.712
cluster_10,_24260_,32.713,32.712
cluster_10,_24273_,32.713,32.712
cluster_10,_24340_,32.713,32.712
cluster_10,_24339_,32.713,32.712
cluster_10,_24338_,32.713,32.712
cluster_10,_24337_,32.713,32.712
cluster_10,_24336_,32.713,32.712
cluster_10,_24335_,32.713,32.712
cluster_10,_24334_,32.713,32.712
cluster_10,_24333_,32.713,32.712
cluster_10,_24332_,32.713,32.712
cluster_10,_24272_,32.713,32.712
cluster_10,_24330_,32.713,32.712
cluster_10,_24329_,32.713,32.712
cluster_10,_24328_,32.713,32.712
cluster_10,_24327_,32.713,32.712
cluster_10,_24326_,32.713,32.712
cluster_10,_24325_,32.713,32.712
cluster_10,_24324_,32.713,32.712
cluster_10,_24323_,32.713,32.712
cluster_10,_24322_,32.713,32.712
cluster_10,_24341_,32.713,32.712
cluster_10,_24342_,32.713,32.712
cluster_10,_24343_,32.713,32.712
cluster_10,_24344_,32.713,32.712
cluster_10,_24364_,32.713,32.712
cluster_10,_24363_,32.713,32.712
cluster_10,_24362_,32.713,32.712
cluster_10,_24361_,32.713,32.712
cluster_10,_24360_,32.713,32.712
cluster_10,_24359_,32.713,32.712
cluster_10,_24358_,32.713,32.712
cluster_10,_24357_,32.713,32.712
cluster_10,_24356_,32.713,32.712
cluster_10,_24321_,32.713,32.712
cluster_10,_24355_,32.713,32.712
cluster_10,_24353_,32.713,32.712
cluster_10,_24352_,32.713,32.712
cluster_10,_24351_,32.713,32.712
cluster_10,_24350_,32.713,32.712
cluster_10,_24349_,32.713,32.712
cluster_10,_24348_,32.713,32.712
cluster_10,_24347_,32.713,32.712
cluster_10,_24346_,32.713,32.712
cluster_10,_24345_,32.713,32.712
cluster_10,_24354_,32.713,32.712
cluster_10,_24320_,32.713,32.712
cluster_10,_24331_,32.713,32.712
cluster_10,_24318_,32.713,32.712
cluster_10,_24293_,32.713,32.712
cluster_10,_24292_,32.713,32.712
cluster_10,_24291_,32.713,32.712
cluster_10,_24290_,32.713,32.712
cluster_10,_24289_,32.713,32.712
cluster_10,_24288_,32.713,32.712
cluster_10,_24287_,32.713,32.712
cluster_10,_24319_,32.713,32.712
cluster_10,_24285_,32.713,32.712
cluster_10,_24294_,32.713,32.712
cluster_10,_24284_,32.713,32.712
cluster_10,_24282_,32.713,32.712
cluster_10,_24281_,32.713,32.712
cluster_10,_24280_,32.713,32.712
cluster_10,_24279_,32.713,32.712
cluster_10,_24278_,32.713,32.712
cluster_10,_24277_,32.713,32.712
cluster_10,_24276_,32.713,32.712
cluster_10,_24275_,32.713,32.712
cluster_10,_24274_,32.713,32.712
cluster_10,_24283_,32.713,32.712
cluster_10,_24295_,32.713,32.712
cluster_10,_24286_,32.713,32.712
cluster_10,_24297_,32.713,32.712
cluster_10,_24316_,32.713,32.712
cluster_10,_24315_,32.713,32.712
cluster_10,_24314_,32.713,32.712
cluster_10,_24313_,32.713,32.712
cluster_10,_24312_,32.713,32.712
cluster_10,_24311_,32.713,32.712
cluster_10,_24310_,32.713,32.712
cluster_10,_24309_,32.713,32.712
cluster_10,_24308_,32.713,32.712
cluster_10,_24307_,32.713,32.712
cluster_10,_24317_,32.713,32.712
cluster_10,_24305_,32.713,32.712
cluster_10,_24306_,32.713,32.712
cluster_10,_24299_,32.713,32.712
cluster_10,_24300_,32.713,32.712
cluster_10,_24301_,32.713,32.712
cluster_10,_24298_,32.713,32.712
cluster_10,_24303_,32.713,32.712
cluster_10,_24304_,32.713,32.712
cluster_10,_24302_,32.713,32.712
cluster_11,_29642_,32.761,32.762
cluster_11,_29634_,32.761,32.762
cluster_11,_29641_,32.761,32.762
cluster_11,_29640_,32.761,32.762
cluster_11,_29639_,32.761,32.762
cluster_11,_29638_,32.761,32.762
cluster_11,_29637_,32.761,32.762
cluster_11,_29636_,32.761,32.762
cluster_11,_29643_,32.761,32.762
cluster_11,_29635_,32.761,32.762
cluster_11,sa02_sr[2]$_DFF_P_,32.761,32.762
cluster_11,_29463_,32.761,32.762
cluster_11,sa02_sr[0]$_DFF_P_,32.761,32.762
cluster_11,sa02_sr[3]$_DFF_P_,32.761,32.762
cluster_11,_29464_,32.761,32.762
cluster_11,_29462_,32.761,32.762
cluster_11,_29461_,32.761,32.762
cluster_11,_29458_,32.761,32.762
cluster_11,_29456_,32.761,32.762
cluster_11,_29455_,32.761,32.762
cluster_11,_29644_,32.761,32.762
cluster_11,_29632_,32.761,32.762
cluster_11,_29633_,32.761,32.762
cluster_11,sa02_sr[1]$_DFF_P_,32.761,32.762
cluster_11,input217,32.761,32.762
cluster_11,_19030_,32.761,32.762
cluster_11,input215,32.761,32.762
cluster_11,_20053_,32.761,32.762
cluster_11,_20052_,32.761,32.762
cluster_11,_20051_,32.761,32.762
cluster_11,_20050_,32.761,32.762
cluster_11,_20049_,32.761,32.762
cluster_11,_20048_,32.761,32.762
cluster_11,_20054_,32.761,32.762
cluster_11,_20047_,32.761,32.762
cluster_11,_20045_,32.761,32.762
cluster_11,_20044_,32.761,32.762
cluster_11,_20043_,32.761,32.762
cluster_11,_20042_,32.761,32.762
cluster_11,_20041_,32.761,32.762
cluster_11,_20040_,32.761,32.762
cluster_11,_20046_,32.761,32.762
cluster_11,_20055_,32.761,32.762
cluster_11,_20056_,32.761,32.762
cluster_11,_20057_,32.761,32.762
cluster_11,_20072_,32.761,32.762
cluster_11,_20071_,32.761,32.762
cluster_11,_20070_,32.761,32.762
cluster_11,_20069_,32.761,32.762
cluster_11,_20068_,32.761,32.762
cluster_11,_20067_,32.761,32.762
cluster_11,_20066_,32.761,32.762
cluster_11,_20065_,32.761,32.762
cluster_11,_20064_,32.761,32.762
cluster_11,_20063_,32.761,32.762
cluster_11,_20062_,32.761,32.762
cluster_11,_20061_,32.761,32.762
cluster_11,_20060_,32.761,32.762
cluster_11,_20059_,32.761,32.762
cluster_11,_20058_,32.761,32.762
cluster_11,_20039_,32.761,32.762
cluster_11,_20073_,32.761,32.762
cluster_11,_20038_,32.761,32.762
cluster_11,_20036_,32.761,32.762
cluster_11,_20016_,32.761,32.762
cluster_11,_20015_,32.761,32.762
cluster_11,_20014_,32.761,32.762
cluster_11,_20013_,32.761,32.762
cluster_11,_20012_,32.761,32.762
cluster_11,_20011_,32.761,32.762
cluster_11,_20017_,32.761,32.762
cluster_11,_20010_,32.761,32.762
cluster_11,_20008_,32.761,32.762
cluster_11,_20007_,32.761,32.762
cluster_11,_20006_,32.761,32.762
cluster_11,_20005_,32.761,32.762
cluster_11,_20004_,32.761,32.762
cluster_11,_20003_,32.761,32.762
cluster_11,_20009_,32.761,32.762
cluster_11,_20018_,32.761,32.762
cluster_11,_20019_,32.761,32.762
cluster_11,_20020_,32.761,32.762
cluster_11,_20035_,32.761,32.762
cluster_11,_20034_,32.761,32.762
cluster_11,_20033_,32.761,32.762
cluster_11,_20032_,32.761,32.762
cluster_11,_20031_,32.761,32.762
cluster_11,_20030_,32.761,32.762
cluster_11,_20029_,32.761,32.762
cluster_11,_20028_,32.761,32.762
cluster_11,_20027_,32.761,32.762
cluster_11,_20026_,32.761,32.762
cluster_11,_20025_,32.761,32.762
cluster_11,_20024_,32.761,32.762
cluster_11,_20023_,32.761,32.762
cluster_11,_20022_,32.761,32.762
cluster_11,_20021_,32.761,32.762
cluster_11,_20037_,32.761,32.762
cluster_11,_20002_,32.761,32.762
cluster_11,_20074_,32.761,32.762
cluster_11,_20076_,32.761,32.762
cluster_11,_20127_,32.761,32.762
cluster_11,_20126_,32.761,32.762
cluster_11,_20125_,32.761,32.762
cluster_11,_20124_,32.761,32.762
cluster_11,_20123_,32.761,32.762
cluster_11,_20122_,32.761,32.762
cluster_11,_20128_,32.761,32.762
cluster_11,_20121_,32.761,32.762
cluster_11,_20119_,32.761,32.762
cluster_11,_20118_,32.761,32.762
cluster_11,_20117_,32.761,32.762
cluster_11,_20116_,32.761,32.762
cluster_11,_20115_,32.761,32.762
cluster_11,_20114_,32.761,32.762
cluster_11,_20120_,32.761,32.762
cluster_11,_20129_,32.761,32.762
cluster_11,_20130_,32.761,32.762
cluster_11,_20131_,32.761,32.762
cluster_11,_20146_,32.761,32.762
cluster_11,_20145_,32.761,32.762
cluster_11,_20144_,32.761,32.762
cluster_11,_20143_,32.761,32.762
cluster_11,_20142_,32.761,32.762
cluster_11,_20141_,32.761,32.762
cluster_11,_20140_,32.761,32.762
cluster_11,_20139_,32.761,32.762
cluster_11,_20138_,32.761,32.762
cluster_11,_20137_,32.761,32.762
cluster_11,_20136_,32.761,32.762
cluster_11,_20135_,32.761,32.762
cluster_11,_20134_,32.761,32.762
cluster_11,_20133_,32.761,32.762
cluster_11,_20132_,32.761,32.762
cluster_11,_20113_,32.761,32.762
cluster_11,_20075_,32.761,32.762
cluster_11,_20112_,32.761,32.762
cluster_11,_20110_,32.761,32.762
cluster_11,_20090_,32.761,32.762
cluster_11,_20089_,32.761,32.762
cluster_11,_20088_,32.761,32.762
cluster_11,_20087_,32.761,32.762
cluster_11,_20086_,32.761,32.762
cluster_11,_20085_,32.761,32.762
cluster_11,_20091_,32.761,32.762
cluster_11,_20084_,32.761,32.762
cluster_11,_20082_,32.761,32.762
cluster_11,_20081_,32.761,32.762
cluster_11,_20080_,32.761,32.762
cluster_11,_20079_,32.761,32.762
cluster_11,_20078_,32.761,32.762
cluster_11,_20077_,32.761,32.762
cluster_11,_20083_,32.761,32.762
cluster_11,_20092_,32.761,32.762
cluster_11,_20093_,32.761,32.762
cluster_11,_20094_,32.761,32.762
cluster_11,_20109_,32.761,32.762
cluster_11,_20108_,32.761,32.762
cluster_11,_20107_,32.761,32.762
cluster_11,_20106_,32.761,32.762
cluster_11,_20105_,32.761,32.762
cluster_11,_20104_,32.761,32.762
cluster_11,_20103_,32.761,32.762
cluster_11,_20102_,32.761,32.762
cluster_11,_20101_,32.761,32.762
cluster_11,_20100_,32.761,32.762
cluster_11,_20099_,32.761,32.762
cluster_11,_20098_,32.761,32.762
cluster_11,_20097_,32.761,32.762
cluster_11,_20096_,32.761,32.762
cluster_11,_20095_,32.761,32.762
cluster_11,_20111_,32.761,32.762
cluster_11,_20001_,32.761,32.762
cluster_11,_20000_,32.761,32.762
cluster_11,_19999_,32.761,32.762
cluster_11,_19903_,32.761,32.762
cluster_11,_19902_,32.761,32.762
cluster_11,_19901_,32.761,32.762
cluster_11,_19900_,32.761,32.762
cluster_11,_19899_,32.761,32.762
cluster_11,_19898_,32.761,32.762
cluster_11,_19904_,32.761,32.762
cluster_11,_19897_,32.761,32.762
cluster_11,_19895_,32.761,32.762
cluster_11,_19894_,32.761,32.762
cluster_11,_19893_,32.761,32.762
cluster_11,_19892_,32.761,32.762
cluster_11,_19891_,32.761,32.762
cluster_11,_19890_,32.761,32.762
cluster_11,_19896_,32.761,32.762
cluster_11,_19905_,32.761,32.762
cluster_11,_19906_,32.761,32.762
cluster_11,_19907_,32.761,32.762
cluster_11,_19922_,32.761,32.762
cluster_11,input216,32.761,32.762
cluster_11,_19920_,32.761,32.762
cluster_11,_19919_,32.761,32.762
cluster_11,_19918_,32.761,32.762
cluster_11,_19917_,32.761,32.762
cluster_11,_19916_,32.761,32.762
cluster_11,_19915_,32.761,32.762
cluster_11,_19914_,32.761,32.762
cluster_11,_19913_,32.761,32.762
cluster_11,_19912_,32.761,32.762
cluster_11,_19911_,32.761,32.762
cluster_11,_19910_,32.761,32.762
cluster_11,_19909_,32.761,32.762
cluster_11,_19908_,32.761,32.762
cluster_11,_19889_,32.761,32.762
cluster_11,_19923_,32.761,32.762
cluster_11,_19888_,32.761,32.762
cluster_11,_19886_,32.761,32.762
cluster_11,_19861_,32.761,32.762
cluster_11,_19859_,32.761,32.762
cluster_11,_19858_,32.761,32.762
cluster_11,_19856_,32.761,32.762
cluster_11,_19855_,32.761,32.762
cluster_11,_19854_,32.761,32.762
cluster_11,_19863_,32.761,32.762
cluster_11,_19853_,32.761,32.762
cluster_11,_19851_,32.761,32.762
cluster_11,_19850_,32.761,32.762
cluster_11,_19849_,32.761,32.762
cluster_11,_19848_,32.761,32.762
cluster_11,_19846_,32.761,32.762
cluster_11,_19843_,32.761,32.762
cluster_11,_19852_,32.761,32.762
cluster_11,_19864_,32.761,32.762
cluster_11,_19865_,32.761,32.762
cluster_11,_19866_,32.761,32.762
cluster_11,_19885_,32.761,32.762
cluster_11,_19884_,32.761,32.762
cluster_11,_19883_,32.761,32.762
cluster_11,_19882_,32.761,32.762
cluster_11,_19881_,32.761,32.762
cluster_11,_19880_,32.761,32.762
cluster_11,_19879_,32.761,32.762
cluster_11,_19878_,32.761,32.762
cluster_11,_19877_,32.761,32.762
cluster_11,_19876_,32.761,32.762
cluster_11,_19871_,32.761,32.762
cluster_11,_19870_,32.761,32.762
cluster_11,_19869_,32.761,32.762
cluster_11,_19868_,32.761,32.762
cluster_11,_19867_,32.761,32.762
cluster_11,_19887_,32.761,32.762
cluster_11,_19924_,32.761,32.762
cluster_11,_19925_,32.761,32.762
cluster_11,_19926_,32.761,32.762
cluster_11,_19978_,32.761,32.762
cluster_11,_19977_,32.761,32.762
cluster_11,_19976_,32.761,32.762
cluster_11,_19975_,32.761,32.762
cluster_11,_19974_,32.761,32.762
cluster_11,_19973_,32.761,32.762
cluster_11,_19979_,32.761,32.762
cluster_11,_19972_,32.761,32.762
cluster_11,_19970_,32.761,32.762
cluster_11,_19969_,32.761,32.762
cluster_11,_19968_,32.761,32.762
cluster_11,_19967_,32.761,32.762
cluster_11,_19966_,32.761,32.762
cluster_11,_19965_,32.761,32.762
cluster_11,_19971_,32.761,32.762
cluster_11,_19980_,32.761,32.762
cluster_11,_19981_,32.761,32.762
cluster_11,_19982_,32.761,32.762
cluster_11,_19998_,32.761,32.762
cluster_11,_19996_,32.761,32.762
cluster_11,_19995_,32.761,32.762
cluster_11,_19994_,32.761,32.762
cluster_11,_19993_,32.761,32.762
cluster_11,_19992_,32.761,32.762
cluster_11,_19991_,32.761,32.762
cluster_11,_19990_,32.761,32.762
cluster_11,_19989_,32.761,32.762
cluster_11,_19988_,32.761,32.762
cluster_11,_19987_,32.761,32.762
cluster_11,_19986_,32.761,32.762
cluster_11,_19985_,32.761,32.762
cluster_11,_19984_,32.761,32.762
cluster_11,_19983_,32.761,32.762
cluster_11,_19964_,32.761,32.762
cluster_11,_19963_,32.761,32.762
cluster_11,_19962_,32.761,32.762
cluster_11,_19961_,32.761,32.762
cluster_11,_19941_,32.761,32.762
cluster_11,_19940_,32.761,32.762
cluster_11,_19939_,32.761,32.762
cluster_11,_19938_,32.761,32.762
cluster_11,_19937_,32.761,32.762
cluster_11,_19936_,32.761,32.762
cluster_11,_19935_,32.761,32.762
cluster_11,_19934_,32.761,32.762
cluster_11,_19933_,32.761,32.762
cluster_11,_19932_,32.761,32.762
cluster_11,_19931_,32.761,32.762
cluster_11,_19930_,32.761,32.762
cluster_11,split165,32.761,32.762
cluster_11,_19928_,32.761,32.762
cluster_11,_19927_,32.761,32.762
cluster_11,_19942_,32.761,32.762
cluster_11,_20147_,32.761,32.762
cluster_11,_19943_,32.761,32.762
cluster_11,_19945_,32.761,32.762
cluster_11,_19960_,32.761,32.762
cluster_11,_19959_,32.761,32.762
cluster_11,_19958_,32.761,32.762
cluster_11,_19957_,32.761,32.762
cluster_11,_19956_,32.761,32.762
cluster_11,_19955_,32.761,32.762
cluster_11,_19954_,32.761,32.762
cluster_11,_19953_,32.761,32.762
cluster_11,_19952_,32.761,32.762
cluster_11,_19951_,32.761,32.762
cluster_11,_19950_,32.761,32.762
cluster_11,_19949_,32.761,32.762
cluster_11,_19948_,32.761,32.762
cluster_11,_19947_,32.761,32.762
cluster_11,_19946_,32.761,32.762
cluster_11,_19944_,32.761,32.762
cluster_11,_20148_,32.761,32.762
cluster_11,_20149_,32.761,32.762
cluster_11,_20150_,32.761,32.762
cluster_11,_20350_,32.761,32.762
cluster_11,_20349_,32.761,32.762
cluster_11,_20348_,32.761,32.762
cluster_11,_20347_,32.761,32.762
cluster_11,_20346_,32.761,32.762
cluster_11,_20345_,32.761,32.762
cluster_11,_20351_,32.761,32.762
cluster_11,_20344_,32.761,32.762
cluster_11,_20342_,32.761,32.762
cluster_11,_20341_,32.761,32.762
cluster_11,_20340_,32.761,32.762
cluster_11,_20339_,32.761,32.762
cluster_11,_20338_,32.761,32.762
cluster_11,_20337_,32.761,32.762
cluster_11,_20343_,32.761,32.762
cluster_11,_20352_,32.761,32.762
cluster_11,_20353_,32.761,32.762
cluster_11,_20354_,32.761,32.762
cluster_11,_20369_,32.761,32.762
cluster_11,_20368_,32.761,32.762
cluster_11,_20367_,32.761,32.762
cluster_11,_20366_,32.761,32.762
cluster_11,_20365_,32.761,32.762
cluster_11,_20364_,32.761,32.762
cluster_11,_20363_,32.761,32.762
cluster_11,_20362_,32.761,32.762
cluster_11,_20361_,32.761,32.762
cluster_11,_20360_,32.761,32.762
cluster_11,_20359_,32.761,32.762
cluster_11,_20358_,32.761,32.762
cluster_11,_20357_,32.761,32.762
cluster_11,_20356_,32.761,32.762
cluster_11,_20355_,32.761,32.762
cluster_11,_20336_,32.761,32.762
cluster_11,_20370_,32.761,32.762
cluster_11,_20335_,32.761,32.762
cluster_11,_20333_,32.761,32.762
cluster_11,_20313_,32.761,32.762
cluster_11,_20312_,32.761,32.762
cluster_11,_20311_,32.761,32.762
cluster_11,_20310_,32.761,32.762
cluster_11,_20309_,32.761,32.762
cluster_11,_20308_,32.761,32.762
cluster_11,_20314_,32.761,32.762
cluster_11,_20307_,32.761,32.762
cluster_11,_20305_,32.761,32.762
cluster_11,_20304_,32.761,32.762
cluster_11,_20303_,32.761,32.762
cluster_11,_20302_,32.761,32.762
cluster_11,_20301_,32.761,32.762
cluster_11,_20300_,32.761,32.762
cluster_11,_20306_,32.761,32.762
cluster_11,_20315_,32.761,32.762
cluster_11,_20316_,32.761,32.762
cluster_11,_20317_,32.761,32.762
cluster_11,_20332_,32.761,32.762
cluster_11,_20331_,32.761,32.762
cluster_11,_20330_,32.761,32.762
cluster_11,_20329_,32.761,32.762
cluster_11,_20328_,32.761,32.762
cluster_11,_20327_,32.761,32.762
cluster_11,_20326_,32.761,32.762
cluster_11,_20325_,32.761,32.762
cluster_11,_20324_,32.761,32.762
cluster_11,_20323_,32.761,32.762
cluster_11,_20322_,32.761,32.762
cluster_11,_20321_,32.761,32.762
cluster_11,_20320_,32.761,32.762
cluster_11,_20319_,32.761,32.762
cluster_11,_20318_,32.761,32.762
cluster_11,_20334_,32.761,32.762
cluster_11,_20371_,32.761,32.762
cluster_11,_20372_,32.761,32.762
cluster_11,_20373_,32.761,32.762
cluster_11,_20425_,32.761,32.762
cluster_11,_20424_,32.761,32.762
cluster_11,_20423_,32.761,32.762
cluster_11,_20422_,32.761,32.762
cluster_11,_20421_,32.761,32.762
cluster_11,_20420_,32.761,32.762
cluster_11,_20426_,32.761,32.762
cluster_11,_20419_,32.761,32.762
cluster_11,_20417_,32.761,32.762
cluster_11,_20416_,32.761,32.762
cluster_11,_20415_,32.761,32.762
cluster_11,_20414_,32.761,32.762
cluster_11,_20413_,32.761,32.762
cluster_11,_20412_,32.761,32.762
cluster_11,_20418_,32.761,32.762
cluster_11,_20427_,32.761,32.762
cluster_11,_20428_,32.761,32.762
cluster_11,_20429_,32.761,32.762
cluster_11,sa02_sr[4]$_DFF_P_,32.761,32.762
cluster_11,sa02_sr[5]$_DFF_P_,32.761,32.762
cluster_11,sa02_sr[6]$_DFF_P_,32.761,32.762
cluster_11,sa02_sr[7]$_DFF_P_,32.761,32.762
cluster_11,_20440_,32.761,32.762
cluster_11,_20439_,32.761,32.762
cluster_11,_20438_,32.761,32.762
cluster_11,_20437_,32.761,32.762
cluster_11,_20436_,32.761,32.762
cluster_11,_20435_,32.761,32.762
cluster_11,_20434_,32.761,32.762
cluster_11,_20433_,32.761,32.762
cluster_11,_20432_,32.761,32.762
cluster_11,_20431_,32.761,32.762
cluster_11,_20430_,32.761,32.762
cluster_11,_20411_,32.761,32.762
cluster_11,_20410_,32.761,32.762
cluster_11,_20409_,32.761,32.762
cluster_11,_20408_,32.761,32.762
cluster_11,_20388_,32.761,32.762
cluster_11,_20387_,32.761,32.762
cluster_11,_20386_,32.761,32.762
cluster_11,_20385_,32.761,32.762
cluster_11,_20384_,32.761,32.762
cluster_11,_20383_,32.761,32.762
cluster_11,_20382_,32.761,32.762
cluster_11,_20381_,32.761,32.762
cluster_11,_20380_,32.761,32.762
cluster_11,_20379_,32.761,32.762
cluster_11,_20378_,32.761,32.762
cluster_11,_20377_,32.761,32.762
cluster_11,_20376_,32.761,32.762
cluster_11,_20375_,32.761,32.762
cluster_11,_20374_,32.761,32.762
cluster_11,_20389_,32.761,32.762
cluster_11,_20299_,32.761,32.762
cluster_11,_20390_,32.761,32.762
cluster_11,_20392_,32.761,32.762
cluster_11,_20407_,32.761,32.762
cluster_11,_20406_,32.761,32.762
cluster_11,_20405_,32.761,32.762
cluster_11,_20404_,32.761,32.762
cluster_11,_20403_,32.761,32.762
cluster_11,_20402_,32.761,32.762
cluster_11,_20401_,32.761,32.762
cluster_11,_20400_,32.761,32.762
cluster_11,_20399_,32.761,32.762
cluster_11,_20398_,32.761,32.762
cluster_11,_20397_,32.761,32.762
cluster_11,_20396_,32.761,32.762
cluster_11,_20395_,32.761,32.762
cluster_11,_20394_,32.761,32.762
cluster_11,_20393_,32.761,32.762
cluster_11,_20391_,32.761,32.762
cluster_11,_19842_,32.761,32.762
cluster_11,_20298_,32.761,32.762
cluster_11,_20296_,32.761,32.762
cluster_11,_20201_,32.761,32.762
cluster_11,_20200_,32.761,32.762
cluster_11,_20199_,32.761,32.762
cluster_11,_20198_,32.761,32.762
cluster_11,_20197_,32.761,32.762
cluster_11,_20196_,32.761,32.762
cluster_11,_20202_,32.761,32.762
cluster_11,_20195_,32.761,32.762
cluster_11,_20193_,32.761,32.762
cluster_11,_20192_,32.761,32.762
cluster_11,_20191_,32.761,32.762
cluster_11,_20190_,32.761,32.762
cluster_11,_20189_,32.761,32.762
cluster_11,_20188_,32.761,32.762
cluster_11,_20194_,32.761,32.762
cluster_11,_20203_,32.761,32.762
cluster_11,_20204_,32.761,32.762
cluster_11,_20205_,32.761,32.762
cluster_11,_20220_,32.761,32.762
cluster_11,_20219_,32.761,32.762
cluster_11,_20218_,32.761,32.762
cluster_11,_20217_,32.761,32.762
cluster_11,_20216_,32.761,32.762
cluster_11,_20215_,32.761,32.762
cluster_11,_20214_,32.761,32.762
cluster_11,_20213_,32.761,32.762
cluster_11,_20212_,32.761,32.762
cluster_11,_20211_,32.761,32.762
cluster_11,_20210_,32.761,32.762
cluster_11,_20209_,32.761,32.762
cluster_11,_20208_,32.761,32.762
cluster_11,_20207_,32.761,32.762
cluster_11,_20206_,32.761,32.762
cluster_11,_20187_,32.761,32.762
cluster_11,_20221_,32.761,32.762
cluster_11,_20186_,32.761,32.762
cluster_11,_20184_,32.761,32.762
cluster_11,_20164_,32.761,32.762
cluster_11,_20163_,32.761,32.762
cluster_11,_20162_,32.761,32.762
cluster_11,_20161_,32.761,32.762
cluster_11,_20160_,32.761,32.762
cluster_11,_20159_,32.761,32.762
cluster_11,_20165_,32.761,32.762
cluster_11,_20158_,32.761,32.762
cluster_11,_20156_,32.761,32.762
cluster_11,_20155_,32.761,32.762
cluster_11,_20154_,32.761,32.762
cluster_11,_20153_,32.761,32.762
cluster_11,_20152_,32.761,32.762
cluster_11,_20151_,32.761,32.762
cluster_11,_20157_,32.761,32.762
cluster_11,_20166_,32.761,32.762
cluster_11,_20167_,32.761,32.762
cluster_11,_20168_,32.761,32.762
cluster_11,_20183_,32.761,32.762
cluster_11,_20182_,32.761,32.762
cluster_11,_20181_,32.761,32.762
cluster_11,_20180_,32.761,32.762
cluster_11,_20179_,32.761,32.762
cluster_11,_20178_,32.761,32.762
cluster_11,_20177_,32.761,32.762
cluster_11,_20176_,32.761,32.762
cluster_11,_20175_,32.761,32.762
cluster_11,_20174_,32.761,32.762
cluster_11,_20173_,32.761,32.762
cluster_11,_20172_,32.761,32.762
cluster_11,_20171_,32.761,32.762
cluster_11,_20170_,32.761,32.762
cluster_11,_20169_,32.761,32.762
cluster_11,_20185_,32.761,32.762
cluster_11,_20222_,32.761,32.762
cluster_11,_20223_,32.761,32.762
cluster_11,_20224_,32.761,32.762
cluster_11,_20276_,32.761,32.762
cluster_11,_20275_,32.761,32.762
cluster_11,_20274_,32.761,32.762
cluster_11,_20273_,32.761,32.762
cluster_11,_20272_,32.761,32.762
cluster_11,_20271_,32.761,32.762
cluster_11,_20277_,32.761,32.762
cluster_11,_20270_,32.761,32.762
cluster_11,_20268_,32.761,32.762
cluster_11,_20267_,32.761,32.762
cluster_11,_20266_,32.761,32.762
cluster_11,_20265_,32.761,32.762
cluster_11,_20264_,32.761,32.762
cluster_11,_20263_,32.761,32.762
cluster_11,_20269_,32.761,32.762
cluster_11,_20278_,32.761,32.762
cluster_11,_20279_,32.761,32.762
cluster_11,_20280_,32.761,32.762
cluster_11,_20295_,32.761,32.762
cluster_11,_20294_,32.761,32.762
cluster_11,_20293_,32.761,32.762
cluster_11,_20292_,32.761,32.762
cluster_11,_20291_,32.761,32.762
cluster_11,_20290_,32.761,32.762
cluster_11,_20289_,32.761,32.762
cluster_11,_20288_,32.761,32.762
cluster_11,_20287_,32.761,32.762
cluster_11,_20286_,32.761,32.762
cluster_11,_20285_,32.761,32.762
cluster_11,_20284_,32.761,32.762
cluster_11,_20283_,32.761,32.762
cluster_11,_20282_,32.761,32.762
cluster_11,_20281_,32.761,32.762
cluster_11,_20262_,32.761,32.762
cluster_11,_20261_,32.761,32.762
cluster_11,_20260_,32.761,32.762
cluster_11,_20259_,32.761,32.762
cluster_11,_20239_,32.761,32.762
cluster_11,_20238_,32.761,32.762
cluster_11,_20237_,32.761,32.762
cluster_11,_20236_,32.761,32.762
cluster_11,_20235_,32.761,32.762
cluster_11,_20234_,32.761,32.762
cluster_11,_20233_,32.761,32.762
cluster_11,_20232_,32.761,32.762
cluster_11,_20231_,32.761,32.762
cluster_11,_20230_,32.761,32.762
cluster_11,_20229_,32.761,32.762
cluster_11,_20228_,32.761,32.762
cluster_11,_20227_,32.761,32.762
cluster_11,_20226_,32.761,32.762
cluster_11,_20225_,32.761,32.762
cluster_11,_20240_,32.761,32.762
cluster_11,_20297_,32.761,32.762
cluster_11,_20241_,32.761,32.762
cluster_11,_20243_,32.761,32.762
cluster_11,_20258_,32.761,32.762
cluster_11,_20257_,32.761,32.762
cluster_11,_20256_,32.761,32.762
cluster_11,_20255_,32.761,32.762
cluster_11,_20254_,32.761,32.762
cluster_11,_20253_,32.761,32.762
cluster_11,_20252_,32.761,32.762
cluster_11,_20251_,32.761,32.762
cluster_11,_20250_,32.761,32.762
cluster_11,_20249_,32.761,32.762
cluster_11,_20248_,32.761,32.762
cluster_11,_20247_,32.761,32.762
cluster_11,_20246_,32.761,32.762
cluster_11,_20245_,32.761,32.762
cluster_11,_20244_,32.761,32.762
cluster_11,_20242_,32.761,32.762
cluster_11,_19841_,32.761,32.762
cluster_11,_19921_,32.761,32.762
cluster_11,_19839_,32.761,32.762
cluster_11,_19763_,32.761,32.762
cluster_11,_19764_,32.761,32.762
cluster_11,_19765_,32.761,32.762
cluster_11,_19766_,32.761,32.762
cluster_11,_19767_,32.761,32.762
cluster_11,_19768_,32.761,32.762
cluster_11,_19769_,32.761,32.762
cluster_11,_19762_,32.761,32.762
cluster_11,_19772_,32.761,32.762
cluster_11,_19774_,32.761,32.762
cluster_11,_19775_,32.761,32.762
cluster_11,_19776_,32.761,32.762
cluster_11,_19777_,32.761,32.762
cluster_11,_19778_,32.761,32.762
cluster_11,split166,32.761,32.762
cluster_11,_18317_,32.761,32.762
cluster_11,_19773_,32.761,32.762
cluster_11,_19761_,32.761,32.762
cluster_11,_19760_,32.761,32.762
cluster_11,_19759_,32.761,32.762
cluster_11,text_in_r[57]$_DFFE_PP_,32.761,32.762
cluster_11,text_in_r[56]$_DFFE_PP_,32.761,32.762
cluster_11,_18369_,32.761,32.762
cluster_11,_18368_,32.761,32.762
cluster_11,text_in_r[61]$_DFFE_PP_,32.761,32.762
cluster_11,text_in_r[62]$_DFFE_PP_,32.761,32.762
cluster_11,text_in_r[63]$_DFFE_PP_,32.761,32.762
cluster_11,text_in_r[59]$_DFFE_PP_,32.761,32.762
cluster_11,_19745_,32.761,32.762
cluster_11,_19840_,32.761,32.762
cluster_11,_19746_,32.761,32.762
cluster_11,_19747_,32.761,32.762
cluster_11,_19748_,32.761,32.762
cluster_11,_19750_,32.761,32.762
cluster_11,_19754_,32.761,32.762
cluster_11,_19755_,32.761,32.762
cluster_11,_19758_,32.761,32.762
cluster_11,_19779_,32.761,32.762
cluster_11,_19780_,32.761,32.762
cluster_11,text_in_r[60]$_DFFE_PP_,32.761,32.762
cluster_11,_19782_,32.761,32.762
cluster_11,_19815_,32.761,32.762
cluster_11,_19835_,32.761,32.762
cluster_11,_19816_,32.761,32.762
cluster_11,_19817_,32.761,32.762
cluster_11,_19818_,32.761,32.762
cluster_11,_19832_,32.761,32.762
cluster_11,input209,32.761,32.762
cluster_11,input210,32.761,32.762
cluster_11,input212,32.761,32.762
cluster_11,_19819_,32.761,32.762
cluster_11,_19831_,32.761,32.762
cluster_11,_19820_,32.761,32.762
cluster_11,_19821_,32.761,32.762
cluster_11,_19822_,32.761,32.762
cluster_11,_19826_,32.761,32.762
cluster_11,_19781_,32.761,32.762
cluster_11,_19828_,32.761,32.762
cluster_11,_19830_,32.761,32.762
cluster_11,_19829_,32.761,32.762
cluster_11,_19814_,32.761,32.762
cluster_11,_19813_,32.761,32.762
cluster_11,input214,32.761,32.762
cluster_11,_19790_,32.761,32.762
cluster_11,_19791_,32.761,32.762
cluster_11,_19783_,32.761,32.762
cluster_11,_19837_,32.761,32.762
cluster_11,_19785_,32.761,32.762
cluster_11,_19838_,32.761,32.762
cluster_11,_19787_,32.761,32.762
cluster_11,_19788_,32.761,32.762
cluster_11,_19789_,32.761,32.762
cluster_11,_19786_,32.761,32.762
cluster_11,_19784_,32.761,32.762
cluster_12,_25876_,32.151,32.151
cluster_12,_25877_,32.151,32.151
cluster_12,_25878_,32.151,32.151
cluster_12,_25879_,32.151,32.151
cluster_12,_25880_,32.151,32.151
cluster_12,_25881_,32.151,32.151
cluster_12,_25884_,32.151,32.151
cluster_12,_25883_,32.151,32.151
cluster_12,_25875_,32.151,32.151
cluster_12,_25855_,32.151,32.151
cluster_12,_25885_,32.151,32.151
cluster_12,_25886_,32.151,32.151
cluster_12,_25887_,32.151,32.151
cluster_12,_25888_,32.151,32.151
cluster_12,_25882_,32.151,32.151
cluster_12,_25874_,32.151,32.151
cluster_12,_25870_,32.151,32.151
cluster_12,_25856_,32.151,32.151
cluster_12,_25865_,32.151,32.151
cluster_12,_25864_,32.151,32.151
cluster_12,_25863_,32.151,32.151
cluster_12,_25862_,32.151,32.151
cluster_12,_25889_,32.151,32.151
cluster_12,_25861_,32.151,32.151
cluster_12,_25860_,32.151,32.151
cluster_12,_25873_,32.151,32.151
cluster_12,_25859_,32.151,32.151
cluster_12,_25857_,32.151,32.151
cluster_12,_25866_,32.151,32.151
cluster_12,_25867_,32.151,32.151
cluster_12,_25868_,32.151,32.151
cluster_12,_25869_,32.151,32.151
cluster_12,_25871_,32.151,32.151
cluster_12,_25872_,32.151,32.151
cluster_12,_25858_,32.151,32.151
cluster_12,_25890_,32.151,32.151
cluster_12,_25905_,32.151,32.151
cluster_12,_25892_,32.151,32.151
cluster_12,_25913_,32.151,32.151
cluster_12,_25914_,32.151,32.151
cluster_12,_29442_,32.151,32.151
cluster_12,_29441_,32.151,32.151
cluster_12,_29440_,32.151,32.151
cluster_12,_25767_,32.151,32.151
cluster_12,_29752_,32.151,32.151
cluster_12,_25912_,32.151,32.151
cluster_12,_29439_,32.151,32.151
cluster_12,text_in_r[42]$_DFFE_PP_,32.151,32.151
cluster_12,text_in_r[43]$_DFFE_PP_,32.151,32.151
cluster_12,text_in_r[44]$_DFFE_PP_,32.151,32.151
cluster_12,text_in_r[45]$_DFFE_PP_,32.151,32.151
cluster_12,text_in_r[46]$_DFFE_PP_,32.151,32.151
cluster_12,text_in_r[47]$_DFFE_PP_,32.151,32.151
cluster_12,_25766_,32.151,32.151
cluster_12,_29438_,32.151,32.151
cluster_12,_25891_,32.151,32.151
cluster_12,_25911_,32.151,32.151
cluster_12,_25909_,32.151,32.151
cluster_12,_25893_,32.151,32.151
cluster_12,_25894_,32.151,32.151
cluster_12,_25895_,32.151,32.151
cluster_12,_25896_,32.151,32.151
cluster_12,_25897_,32.151,32.151
cluster_12,_25898_,32.151,32.151
cluster_12,_25899_,32.151,32.151
cluster_12,_25910_,32.151,32.151
cluster_12,_25900_,32.151,32.151
cluster_12,_25902_,32.151,32.151
cluster_12,_25903_,32.151,32.151
cluster_12,_25904_,32.151,32.151
cluster_12,_25854_,32.151,32.151
cluster_12,_25906_,32.151,32.151
cluster_12,_25907_,32.151,32.151
cluster_12,_25908_,32.151,32.151
cluster_12,_25901_,32.151,32.151
cluster_12,_25853_,32.151,32.151
cluster_12,_25838_,32.151,32.151
cluster_12,_25851_,32.151,32.151
cluster_12,_25789_,32.151,32.151
cluster_12,_25790_,32.151,32.151
cluster_12,_25791_,32.151,32.151
cluster_12,_25792_,32.151,32.151
cluster_12,_25793_,32.151,32.151
cluster_12,_25794_,32.151,32.151
cluster_12,_25795_,32.151,32.151
cluster_12,_25796_,32.151,32.151
cluster_12,_25797_,32.151,32.151
cluster_12,_25798_,32.151,32.151
cluster_12,_25799_,32.151,32.151
cluster_12,_25800_,32.151,32.151
cluster_12,_25801_,32.151,32.151
cluster_12,_25802_,32.151,32.151
cluster_12,_25803_,32.151,32.151
cluster_12,_25804_,32.151,32.151
cluster_12,_25805_,32.151,32.151
cluster_12,_25788_,32.151,32.151
cluster_12,_25806_,32.151,32.151
cluster_12,_25787_,32.151,32.151
cluster_12,_25785_,32.151,32.151
cluster_12,_25771_,32.151,32.151
cluster_12,_25772_,32.151,32.151
cluster_12,_25773_,32.151,32.151
cluster_12,_25774_,32.151,32.151
cluster_12,_25775_,32.151,32.151
cluster_12,_25776_,32.151,32.151
cluster_12,_25777_,32.151,32.151
cluster_12,_25778_,32.151,32.151
cluster_12,_25779_,32.151,32.151
cluster_12,_25780_,32.151,32.151
cluster_12,_25781_,32.151,32.151
cluster_12,_25782_,32.151,32.151
cluster_12,_25783_,32.151,32.151
cluster_12,_25770_,32.151,32.151
cluster_12,_25769_,32.151,32.151
cluster_12,_25768_,32.151,32.151
cluster_12,_25784_,32.151,32.151
cluster_12,_25786_,32.151,32.151
cluster_12,_25852_,32.151,32.151
cluster_12,_25807_,32.151,32.151
cluster_12,_25810_,32.151,32.151
cluster_12,_25833_,32.151,32.151
cluster_12,_25834_,32.151,32.151
cluster_12,_25835_,32.151,32.151
cluster_12,_25836_,32.151,32.151
cluster_12,_25837_,32.151,32.151
cluster_12,_25839_,32.151,32.151
cluster_12,_25840_,32.151,32.151
cluster_12,_25841_,32.151,32.151
cluster_12,_25842_,32.151,32.151
cluster_12,_25843_,32.151,32.151
cluster_12,_25844_,32.151,32.151
cluster_12,_25845_,32.151,32.151
cluster_12,_25846_,32.151,32.151
cluster_12,_25847_,32.151,32.151
cluster_12,_25848_,32.151,32.151
cluster_12,_25849_,32.151,32.151
cluster_12,_25850_,32.151,32.151
cluster_12,_25832_,32.151,32.151
cluster_12,_25809_,32.151,32.151
cluster_12,_25831_,32.151,32.151
cluster_12,_25829_,32.151,32.151
cluster_12,_25811_,32.151,32.151
cluster_12,_25812_,32.151,32.151
cluster_12,_25813_,32.151,32.151
cluster_12,_25814_,32.151,32.151
cluster_12,_25815_,32.151,32.151
cluster_12,_25816_,32.151,32.151
cluster_12,_25817_,32.151,32.151
cluster_12,_25819_,32.151,32.151
cluster_12,_25820_,32.151,32.151
cluster_12,_25821_,32.151,32.151
cluster_12,_25822_,32.151,32.151
cluster_12,_25823_,32.151,32.151
cluster_12,_25824_,32.151,32.151
cluster_12,_25825_,32.151,32.151
cluster_12,_25826_,32.151,32.151
cluster_12,_25827_,32.151,32.151
cluster_12,_25828_,32.151,32.151
cluster_12,_25830_,32.151,32.151
cluster_12,_25818_,32.151,32.151
cluster_12,_25402_,32.151,32.151
cluster_12,_29750_,32.151,32.151
cluster_12,_25319_,32.151,32.151
cluster_12,_25318_,32.151,32.151
cluster_12,_25317_,32.151,32.151
cluster_12,_25316_,32.151,32.151
cluster_12,_25315_,32.151,32.151
cluster_12,_25314_,32.151,32.151
cluster_12,_25313_,32.151,32.151
cluster_12,_25320_,32.151,32.151
cluster_12,_25312_,32.151,32.151
cluster_12,_25310_,32.151,32.151
cluster_12,_25309_,32.151,32.151
cluster_12,_25308_,32.151,32.151
cluster_12,_25307_,32.151,32.151
cluster_12,_25306_,32.151,32.151
cluster_12,_25305_,32.151,32.151
cluster_12,_25304_,32.151,32.151
cluster_12,_25311_,32.151,32.151
cluster_12,_25321_,32.151,32.151
cluster_12,_25322_,32.151,32.151
cluster_12,_25323_,32.151,32.151
cluster_12,_25342_,32.151,32.151
cluster_12,_25341_,32.151,32.151
cluster_12,_25338_,32.151,32.151
cluster_12,_25337_,32.151,32.151
cluster_12,_25336_,32.151,32.151
cluster_12,_25335_,32.151,32.151
cluster_12,_25334_,32.151,32.151
cluster_12,_25333_,32.151,32.151
cluster_12,_25332_,32.151,32.151
cluster_12,_25331_,32.151,32.151
cluster_12,_25330_,32.151,32.151
cluster_12,_25329_,32.151,32.151
cluster_12,_25328_,32.151,32.151
cluster_12,_25327_,32.151,32.151
cluster_12,_25326_,32.151,32.151
cluster_12,_25325_,32.151,32.151
cluster_12,_25324_,32.151,32.151
cluster_12,_25303_,32.151,32.151
cluster_12,_25302_,32.151,32.151
cluster_12,_25301_,32.151,32.151
cluster_12,_25300_,32.151,32.151
cluster_12,_25278_,32.151,32.151
cluster_12,_25277_,32.151,32.151
cluster_12,_25276_,32.151,32.151
cluster_12,_25275_,32.151,32.151
cluster_12,_25274_,32.151,32.151
cluster_12,_29753_,32.151,32.151
cluster_12,_29754_,32.151,32.151
cluster_12,_29444_,32.151,32.151
cluster_12,input194,32.151,32.151
cluster_12,input195,32.151,32.151
cluster_12,input196,32.151,32.151
cluster_12,input197,32.151,32.151
cluster_12,input198,32.151,32.151
cluster_12,input199,32.151,32.151
cluster_12,_25258_,32.151,32.151
cluster_12,_25257_,32.151,32.151
cluster_12,_25256_,32.151,32.151
cluster_12,_25279_,32.151,32.151
cluster_12,_25343_,32.151,32.151
cluster_12,_25280_,32.151,32.151
cluster_12,_25282_,32.151,32.151
cluster_12,_25299_,32.151,32.151
cluster_12,_25298_,32.151,32.151
cluster_12,_25297_,32.151,32.151
cluster_12,_25296_,32.151,32.151
cluster_12,_25295_,32.151,32.151
cluster_12,_25294_,32.151,32.151
cluster_12,_25293_,32.151,32.151
cluster_12,_25292_,32.151,32.151
cluster_12,_25291_,32.151,32.151
cluster_12,_25290_,32.151,32.151
cluster_12,_25289_,32.151,32.151
cluster_12,_25288_,32.151,32.151
cluster_12,_25287_,32.151,32.151
cluster_12,_25286_,32.151,32.151
cluster_12,_25285_,32.151,32.151
cluster_12,_25284_,32.151,32.151
cluster_12,_25283_,32.151,32.151
cluster_12,_25281_,32.151,32.151
cluster_12,_25344_,32.151,32.151
cluster_12,_25345_,32.151,32.151
cluster_12,_25346_,32.151,32.151
cluster_12,_25407_,32.151,32.151
cluster_12,_25406_,32.151,32.151
cluster_12,_25405_,32.151,32.151
cluster_12,_25404_,32.151,32.151
cluster_12,_25403_,32.151,32.151
cluster_12,_25765_,32.151,32.151
cluster_12,_25401_,32.151,32.151
cluster_12,_25400_,32.151,32.151
cluster_12,_25399_,32.151,32.151
cluster_12,_25398_,32.151,32.151
cluster_12,_25397_,32.151,32.151
cluster_12,_25396_,32.151,32.151
cluster_12,_25395_,32.151,32.151
cluster_12,_25394_,32.151,32.151
cluster_12,_25393_,32.151,32.151
cluster_12,_25392_,32.151,32.151
cluster_12,_25391_,32.151,32.151
cluster_12,_25408_,32.151,32.151
cluster_12,_25390_,32.151,32.151
cluster_12,_25409_,32.151,32.151
cluster_12,_25411_,32.151,32.151
cluster_12,_29749_,32.151,32.151
cluster_12,_29748_,32.151,32.151
cluster_12,_29747_,32.151,32.151
cluster_12,_29746_,32.151,32.151
cluster_12,_29745_,32.151,32.151
cluster_12,_29744_,32.151,32.151
cluster_12,_29743_,32.151,32.151
cluster_12,_29742_,32.151,32.151
cluster_12,_29741_,32.151,32.151
cluster_12,_29740_,32.151,32.151
cluster_12,_25418_,32.151,32.151
cluster_12,_25417_,32.151,32.151
cluster_12,_25416_,32.151,32.151
cluster_12,_25415_,32.151,32.151
cluster_12,_25414_,32.151,32.151
cluster_12,_25413_,32.151,32.151
cluster_12,_25412_,32.151,32.151
cluster_12,_25410_,32.151,32.151
cluster_12,_29751_,32.151,32.151
cluster_12,_25389_,32.151,32.151
cluster_12,_25387_,32.151,32.151
cluster_12,_25364_,32.151,32.151
cluster_12,_25363_,32.151,32.151
cluster_12,_25362_,32.151,32.151
cluster_12,_25361_,32.151,32.151
cluster_12,_25360_,32.151,32.151
cluster_12,_25359_,32.151,32.151
cluster_12,_25358_,32.151,32.151
cluster_12,_25357_,32.151,32.151
cluster_12,_25356_,32.151,32.151
cluster_12,_25355_,32.151,32.151
cluster_12,_25354_,32.151,32.151
cluster_12,_25353_,32.151,32.151
cluster_12,_25352_,32.151,32.151
cluster_12,_25351_,32.151,32.151
cluster_12,_25350_,32.151,32.151
cluster_12,_25349_,32.151,32.151
cluster_12,_25348_,32.151,32.151
cluster_12,_25365_,32.151,32.151
cluster_12,_25388_,32.151,32.151
cluster_12,_25366_,32.151,32.151
cluster_12,_25368_,32.151,32.151
cluster_12,_25386_,32.151,32.151
cluster_12,_25385_,32.151,32.151
cluster_12,_25384_,32.151,32.151
cluster_12,_25383_,32.151,32.151
cluster_12,_25382_,32.151,32.151
cluster_12,_25381_,32.151,32.151
cluster_12,_25379_,32.151,32.151
cluster_12,_25378_,32.151,32.151
cluster_12,_25377_,32.151,32.151
cluster_12,_25376_,32.151,32.151
cluster_12,_25375_,32.151,32.151
cluster_12,_25374_,32.151,32.151
cluster_12,_25373_,32.151,32.151
cluster_12,_25372_,32.151,32.151
cluster_12,_25371_,32.151,32.151
cluster_12,_25370_,32.151,32.151
cluster_12,_25369_,32.151,32.151
cluster_12,_25367_,32.151,32.151
cluster_12,_25764_,32.151,32.151
cluster_12,_25735_,32.151,32.151
cluster_12,_25762_,32.151,32.151
cluster_12,_25528_,32.151,32.151
cluster_12,_25529_,32.151,32.151
cluster_12,_25530_,32.151,32.151
cluster_12,_25531_,32.151,32.151
cluster_12,_25532_,32.151,32.151
cluster_12,_25533_,32.151,32.151
cluster_12,_25534_,32.151,32.151
cluster_12,_25535_,32.151,32.151
cluster_12,_25536_,32.151,32.151
cluster_12,_25537_,32.151,32.151
cluster_12,_25538_,32.151,32.151
cluster_12,_25539_,32.151,32.151
cluster_12,_25540_,32.151,32.151
cluster_12,_25541_,32.151,32.151
cluster_12,_25542_,32.151,32.151
cluster_12,_25543_,32.151,32.151
cluster_12,_25544_,32.151,32.151
cluster_12,_25527_,32.151,32.151
cluster_12,_25526_,32.151,32.151
cluster_12,_25525_,32.151,32.151
cluster_12,_25524_,32.151,32.151
cluster_12,_25506_,32.151,32.151
cluster_12,_25507_,32.151,32.151
cluster_12,_25508_,32.151,32.151
cluster_12,_25509_,32.151,32.151
cluster_12,_25510_,32.151,32.151
cluster_12,_25511_,32.151,32.151
cluster_12,_25512_,32.151,32.151
cluster_12,_25513_,32.151,32.151
cluster_12,_25545_,32.151,32.151
cluster_12,_25514_,32.151,32.151
cluster_12,_25516_,32.151,32.151
cluster_12,_25517_,32.151,32.151
cluster_12,_25518_,32.151,32.151
cluster_12,_25519_,32.151,32.151
cluster_12,_25520_,32.151,32.151
cluster_12,_25521_,32.151,32.151
cluster_12,_25522_,32.151,32.151
cluster_12,_25523_,32.151,32.151
cluster_12,_25515_,32.151,32.151
cluster_12,_25505_,32.151,32.151
cluster_12,_25546_,32.151,32.151
cluster_12,_25548_,32.151,32.151
cluster_12,_25571_,32.151,32.151
cluster_12,_25572_,32.151,32.151
cluster_12,_25573_,32.151,32.151
cluster_12,_25574_,32.151,32.151
cluster_12,_25575_,32.151,32.151
cluster_12,_25576_,32.151,32.151
cluster_12,_25577_,32.151,32.151
cluster_12,_25578_,32.151,32.151
cluster_12,_25579_,32.151,32.151
cluster_12,_25580_,32.151,32.151
cluster_12,_25581_,32.151,32.151
cluster_12,_25582_,32.151,32.151
cluster_12,_25583_,32.151,32.151
cluster_12,_25584_,32.151,32.151
cluster_12,_25585_,32.151,32.151
cluster_12,_25586_,32.151,32.151
cluster_12,_25587_,32.151,32.151
cluster_12,_25570_,32.151,32.151
cluster_12,_25569_,32.151,32.151
cluster_12,_25568_,32.151,32.151
cluster_12,_25567_,32.151,32.151
cluster_12,_25549_,32.151,32.151
cluster_12,_25550_,32.151,32.151
cluster_12,_25551_,32.151,32.151
cluster_12,_25552_,32.151,32.151
cluster_12,_25553_,32.151,32.151
cluster_12,_25554_,32.151,32.151
cluster_12,_25555_,32.151,32.151
cluster_12,_25556_,32.151,32.151
cluster_12,_25547_,32.151,32.151
cluster_12,_25557_,32.151,32.151
cluster_12,_25559_,32.151,32.151
cluster_12,_25560_,32.151,32.151
cluster_12,_25561_,32.151,32.151
cluster_12,_25562_,32.151,32.151
cluster_12,_25563_,32.151,32.151
cluster_12,_25564_,32.151,32.151
cluster_12,_25565_,32.151,32.151
cluster_12,_25566_,32.151,32.151
cluster_12,_25558_,32.151,32.151
cluster_12,_25588_,32.151,32.151
cluster_12,_25504_,32.151,32.151
cluster_12,_25502_,32.151,32.151
cluster_12,_25442_,32.151,32.151
cluster_12,_25443_,32.151,32.151
cluster_12,_25444_,32.151,32.151
cluster_12,_25445_,32.151,32.151
cluster_12,_25446_,32.151,32.151
cluster_12,_25447_,32.151,32.151
cluster_12,_25448_,32.151,32.151
cluster_12,_25449_,32.151,32.151
cluster_12,_25450_,32.151,32.151
cluster_12,_25451_,32.151,32.151
cluster_12,_25452_,32.151,32.151
cluster_12,_25453_,32.151,32.151
cluster_12,_25454_,32.151,32.151
cluster_12,_25455_,32.151,32.151
cluster_12,_25456_,32.151,32.151
cluster_12,_25457_,32.151,32.151
cluster_12,_25458_,32.151,32.151
cluster_12,_25441_,32.151,32.151
cluster_12,_25440_,32.151,32.151
cluster_12,_25439_,32.151,32.151
cluster_12,_25438_,32.151,32.151
cluster_12,_25424_,32.151,32.151
cluster_12,_25423_,32.151,32.151
cluster_12,_25422_,32.151,32.151
cluster_12,_25425_,32.151,32.151
cluster_12,_25426_,32.151,32.151
cluster_12,_25421_,32.151,32.151
cluster_12,_25420_,32.151,32.151
cluster_12,_25419_,32.151,32.151
cluster_12,_25459_,32.151,32.151
cluster_12,_25427_,32.151,32.151
cluster_12,_25429_,32.151,32.151
cluster_12,_25430_,32.151,32.151
cluster_12,_25431_,32.151,32.151
cluster_12,_25432_,32.151,32.151
cluster_12,_25433_,32.151,32.151
cluster_12,_25435_,32.151,32.151
cluster_12,_25436_,32.151,32.151
cluster_12,_25437_,32.151,32.151
cluster_12,_25428_,32.151,32.151
cluster_12,_25503_,32.151,32.151
cluster_12,_25460_,32.151,32.151
cluster_12,_25462_,32.151,32.151
cluster_12,_25485_,32.151,32.151
cluster_12,_25486_,32.151,32.151
cluster_12,_25487_,32.151,32.151
cluster_12,_25488_,32.151,32.151
cluster_12,_25489_,32.151,32.151
cluster_12,_25490_,32.151,32.151
cluster_12,_25491_,32.151,32.151
cluster_12,_25492_,32.151,32.151
cluster_12,_25493_,32.151,32.151
cluster_12,_25494_,32.151,32.151
cluster_12,_25495_,32.151,32.151
cluster_12,_25496_,32.151,32.151
cluster_12,_25497_,32.151,32.151
cluster_12,_25498_,32.151,32.151
cluster_12,_25499_,32.151,32.151
cluster_12,_25500_,32.151,32.151
cluster_12,_25501_,32.151,32.151
cluster_12,_25484_,32.151,32.151
cluster_12,_25483_,32.151,32.151
cluster_12,_25482_,32.151,32.151
cluster_12,_25481_,32.151,32.151
cluster_12,_25463_,32.151,32.151
cluster_12,_25464_,32.151,32.151
cluster_12,_25465_,32.151,32.151
cluster_12,_25466_,32.151,32.151
cluster_12,_25467_,32.151,32.151
cluster_12,_25468_,32.151,32.151
cluster_12,_25469_,32.151,32.151
cluster_12,_25470_,32.151,32.151
cluster_12,_25461_,32.151,32.151
cluster_12,_25471_,32.151,32.151
cluster_12,_25473_,32.151,32.151
cluster_12,_25474_,32.151,32.151
cluster_12,_25475_,32.151,32.151
cluster_12,_25476_,32.151,32.151
cluster_12,_25477_,32.151,32.151
cluster_12,_25478_,32.151,32.151
cluster_12,_25479_,32.151,32.151
cluster_12,_25480_,32.151,32.151
cluster_12,_25472_,32.151,32.151
cluster_12,_25589_,32.151,32.151
cluster_12,_25590_,32.151,32.151
cluster_12,_25591_,32.151,32.151
cluster_12,_25701_,32.151,32.151
cluster_12,_25702_,32.151,32.151
cluster_12,_25703_,32.151,32.151
cluster_12,_25704_,32.151,32.151
cluster_12,_29443_,32.151,32.151
cluster_12,_25706_,32.151,32.151
cluster_12,_25707_,32.151,32.151
cluster_12,_25708_,32.151,32.151
cluster_12,_25709_,32.151,32.151
cluster_12,_25710_,32.151,32.151
cluster_12,_25711_,32.151,32.151
cluster_12,_25712_,32.151,32.151
cluster_12,_25713_,32.151,32.151
cluster_12,_25714_,32.151,32.151
cluster_12,_25715_,32.151,32.151
cluster_12,_25716_,32.151,32.151
cluster_12,_25717_,32.151,32.151
cluster_12,_25700_,32.151,32.151
cluster_12,_25699_,32.151,32.151
cluster_12,_25698_,32.151,32.151
cluster_12,_25697_,32.151,32.151
cluster_12,_25679_,32.151,32.151
cluster_12,_25680_,32.151,32.151
cluster_12,_25681_,32.151,32.151
cluster_12,_25682_,32.151,32.151
cluster_12,_25683_,32.151,32.151
cluster_12,_25684_,32.151,32.151
cluster_12,_25685_,32.151,32.151
cluster_12,_25686_,32.151,32.151
cluster_12,_25718_,32.151,32.151
cluster_12,_25687_,32.151,32.151
cluster_12,_25689_,32.151,32.151
cluster_12,_25690_,32.151,32.151
cluster_12,_25691_,32.151,32.151
cluster_12,_25692_,32.151,32.151
cluster_12,_25693_,32.151,32.151
cluster_12,_25694_,32.151,32.151
cluster_12,_25695_,32.151,32.151
cluster_12,_25696_,32.151,32.151
cluster_12,_25688_,32.151,32.151
cluster_12,_25678_,32.151,32.151
cluster_12,_25719_,32.151,32.151
cluster_12,_25721_,32.151,32.151
cluster_12,_25745_,32.151,32.151
cluster_12,_25746_,32.151,32.151
cluster_12,_25747_,32.151,32.151
cluster_12,_25748_,32.151,32.151
cluster_12,_25749_,32.151,32.151
cluster_12,_25750_,32.151,32.151
cluster_12,_25751_,32.151,32.151
cluster_12,_25752_,32.151,32.151
cluster_12,_25753_,32.151,32.151
cluster_12,_25754_,32.151,32.151
cluster_12,_25755_,32.151,32.151
cluster_12,_25756_,32.151,32.151
cluster_12,_25757_,32.151,32.151
cluster_12,_25758_,32.151,32.151
cluster_12,_25759_,32.151,32.151
cluster_12,_25760_,32.151,32.151
cluster_12,_25761_,32.151,32.151
cluster_12,_25744_,32.151,32.151
cluster_12,_25743_,32.151,32.151
cluster_12,_25742_,32.151,32.151
cluster_12,_25741_,32.151,32.151
cluster_12,_25722_,32.151,32.151
cluster_12,_25723_,32.151,32.151
cluster_12,_25724_,32.151,32.151
cluster_12,_25725_,32.151,32.151
cluster_12,_25726_,32.151,32.151
cluster_12,_25727_,32.151,32.151
cluster_12,_25728_,32.151,32.151
cluster_12,_25729_,32.151,32.151
cluster_12,_25720_,32.151,32.151
cluster_12,_25730_,32.151,32.151
cluster_12,_25732_,32.151,32.151
cluster_12,_25733_,32.151,32.151
cluster_12,_25734_,32.151,32.151
cluster_12,_25736_,32.151,32.151
cluster_12,_25737_,32.151,32.151
cluster_12,_25738_,32.151,32.151
cluster_12,_25739_,32.151,32.151
cluster_12,_25740_,32.151,32.151
cluster_12,_25731_,32.151,32.151
cluster_12,_25677_,32.151,32.151
cluster_12,_25676_,32.151,32.151
cluster_12,_25675_,32.151,32.151
cluster_12,_25614_,32.151,32.151
cluster_12,_25615_,32.151,32.151
cluster_12,_25616_,32.151,32.151
cluster_12,_25617_,32.151,32.151
cluster_12,_25618_,32.151,32.151
cluster_12,_25619_,32.151,32.151
cluster_12,_25620_,32.151,32.151
cluster_12,_25621_,32.151,32.151
cluster_12,_25622_,32.151,32.151
cluster_12,_25623_,32.151,32.151
cluster_12,_25624_,32.151,32.151
cluster_12,_25625_,32.151,32.151
cluster_12,_25626_,32.151,32.151
cluster_12,_25627_,32.151,32.151
cluster_12,_25628_,32.151,32.151
cluster_12,_25629_,32.151,32.151
cluster_12,_25630_,32.151,32.151
cluster_12,_25613_,32.151,32.151
cluster_12,_25612_,32.151,32.151
cluster_12,_25611_,32.151,32.151
cluster_12,_25610_,32.151,32.151
cluster_12,_25592_,32.151,32.151
cluster_12,_25593_,32.151,32.151
cluster_12,_25594_,32.151,32.151
cluster_12,_25595_,32.151,32.151
cluster_12,_25596_,32.151,32.151
cluster_12,_25597_,32.151,32.151
cluster_12,_25598_,32.151,32.151
cluster_12,_25599_,32.151,32.151
cluster_12,_25631_,32.151,32.151
cluster_12,_25600_,32.151,32.151
cluster_12,_25602_,32.151,32.151
cluster_12,_25603_,32.151,32.151
cluster_12,_25604_,32.151,32.151
cluster_12,_25605_,32.151,32.151
cluster_12,_25606_,32.151,32.151
cluster_12,_25607_,32.151,32.151
cluster_12,_25608_,32.151,32.151
cluster_12,_25609_,32.151,32.151
cluster_12,_25601_,32.151,32.151
cluster_12,_25632_,32.151,32.151
cluster_12,_25633_,32.151,32.151
cluster_12,_25634_,32.151,32.151
cluster_12,_25657_,32.151,32.151
cluster_12,_25658_,32.151,32.151
cluster_12,_25659_,32.151,32.151
cluster_12,_25660_,32.151,32.151
cluster_12,_25661_,32.151,32.151
cluster_12,_25662_,32.151,32.151
cluster_12,_25663_,32.151,32.151
cluster_12,_25664_,32.151,32.151
cluster_12,_25656_,32.151,32.151
cluster_12,_25665_,32.151,32.151
cluster_12,_25667_,32.151,32.151
cluster_12,_25668_,32.151,32.151
cluster_12,_25669_,32.151,32.151
cluster_12,_25670_,32.151,32.151
cluster_12,_25671_,32.151,32.151
cluster_12,_25672_,32.151,32.151
cluster_12,_25673_,32.151,32.151
cluster_12,_25674_,32.151,32.151
cluster_12,_25666_,32.151,32.151
cluster_12,_25763_,32.151,32.151
cluster_12,_25655_,32.151,32.151
cluster_12,_25653_,32.151,32.151
cluster_12,_25635_,32.151,32.151
cluster_12,_25636_,32.151,32.151
cluster_12,_25637_,32.151,32.151
cluster_12,_25638_,32.151,32.151
cluster_12,_25639_,32.151,32.151
cluster_12,_25640_,32.151,32.151
cluster_12,_25641_,32.151,32.151
cluster_12,_25642_,32.151,32.151
cluster_12,_25654_,32.151,32.151
cluster_12,_25643_,32.151,32.151
cluster_12,_25645_,32.151,32.151
cluster_12,_25646_,32.151,32.151
cluster_12,_25647_,32.151,32.151
cluster_12,_25648_,32.151,32.151
cluster_12,_25649_,32.151,32.151
cluster_12,_25650_,32.151,32.151
cluster_12,_25651_,32.151,32.151
cluster_12,_25652_,32.151,32.151
cluster_12,_25644_,32.151,32.151
cluster_12,_25808_,32.151,32.151
cluster_12,_25705_,32.151,32.151
cluster_12,clone145,32.151,32.151
cluster_12,_22606_,32.151,32.151
cluster_12,_22644_,32.151,32.151
cluster_12,_22645_,32.151,32.151
cluster_12,clone143,32.151,32.151
cluster_12,sa20_sr[4]$_DFF_P_,32.151,32.151
cluster_12,_22572_,32.151,32.151
cluster_12,sa20_sr[3]$_DFF_P_,32.151,32.151
cluster_12,sa20_sr[2]$_DFF_P_,32.151,32.151
cluster_12,sa20_sr[1]$_DFF_P_,32.151,32.151
cluster_12,sa20_sr[6]$_DFF_P_,32.151,32.151
cluster_12,sa20_sr[7]$_DFF_P_,32.151,32.151
cluster_12,sa20_sr[0]$_DFF_P_,32.151,32.151
cluster_12,clone144,32.151,32.151
cluster_12,_22579_,32.151,32.151
cluster_12,_18480_,32.151,32.151
cluster_12,sa20_sr[5]$_DFF_P_,32.151,32.151
cluster_12,_18331_,32.151,32.151
cluster_12,_18458_,32.151,32.151
cluster_12,_18295_,32.151,32.151
cluster_12,_18444_,32.151,32.151
cluster_12,_18382_,32.151,32.151
cluster_12,_18360_,32.151,32.151
cluster_13,_27435_,33.008,33.008
cluster_13,_27436_,33.008,33.008
cluster_13,_27437_,33.008,33.008
cluster_13,_27438_,33.008,33.008
cluster_13,_27439_,33.008,33.008
cluster_13,_27440_,33.008,33.008
cluster_13,_27441_,33.008,33.008
cluster_13,_27444_,33.008,33.008
cluster_13,_27443_,33.008,33.008
cluster_13,_27451_,33.008,33.008
cluster_13,_27450_,33.008,33.008
cluster_13,_27449_,33.008,33.008
cluster_13,_27448_,33.008,33.008
cluster_13,_27447_,33.008,33.008
cluster_13,_27445_,33.008,33.008
cluster_13,_27442_,33.008,33.008
cluster_13,_27408_,33.008,33.008
cluster_13,_27454_,33.008,33.008
cluster_13,_27453_,33.008,33.008
cluster_13,_27473_,33.008,33.008
cluster_13,_27472_,33.008,33.008
cluster_13,_27471_,33.008,33.008
cluster_13,_27470_,33.008,33.008
cluster_13,_27469_,33.008,33.008
cluster_13,_27468_,33.008,33.008
cluster_13,_27467_,33.008,33.008
cluster_13,_27466_,33.008,33.008
cluster_13,_27465_,33.008,33.008
cluster_13,_27452_,33.008,33.008
cluster_13,_27464_,33.008,33.008
cluster_13,_27462_,33.008,33.008
cluster_13,_27461_,33.008,33.008
cluster_13,_27460_,33.008,33.008
cluster_13,_27459_,33.008,33.008
cluster_13,_27458_,33.008,33.008
cluster_13,_27457_,33.008,33.008
cluster_13,_27456_,33.008,33.008
cluster_13,_27455_,33.008,33.008
cluster_13,_27434_,33.008,33.008
cluster_13,_27463_,33.008,33.008
cluster_13,_27433_,33.008,33.008
cluster_13,_27421_,33.008,33.008
cluster_13,_27431_,33.008,33.008
cluster_13,_27407_,33.008,33.008
cluster_13,_27406_,33.008,33.008
cluster_13,_27404_,33.008,33.008
cluster_13,_27403_,33.008,33.008
cluster_13,_27402_,33.008,33.008
cluster_13,_27401_,33.008,33.008
cluster_13,_27400_,33.008,33.008
cluster_13,_27399_,33.008,33.008
cluster_13,_27398_,33.008,33.008
cluster_13,_27397_,33.008,33.008
cluster_13,_27396_,33.008,33.008
cluster_13,_27395_,33.008,33.008
cluster_13,_27394_,33.008,33.008
cluster_13,_27392_,33.008,33.008
cluster_13,_27391_,33.008,33.008
cluster_13,_27390_,33.008,33.008
cluster_13,_27389_,33.008,33.008
cluster_13,_27409_,33.008,33.008
cluster_13,_27410_,33.008,33.008
cluster_13,_27411_,33.008,33.008
cluster_13,_27412_,33.008,33.008
cluster_13,_27430_,33.008,33.008
cluster_13,_27429_,33.008,33.008
cluster_13,_27428_,33.008,33.008
cluster_13,_27427_,33.008,33.008
cluster_13,_27426_,33.008,33.008
cluster_13,_27425_,33.008,33.008
cluster_13,_27424_,33.008,33.008
cluster_13,_27423_,33.008,33.008
cluster_13,_27432_,33.008,33.008
cluster_13,_27422_,33.008,33.008
cluster_13,_27420_,33.008,33.008
cluster_13,_27419_,33.008,33.008
cluster_13,_27418_,33.008,33.008
cluster_13,_27417_,33.008,33.008
cluster_13,_27416_,33.008,33.008
cluster_13,_27415_,33.008,33.008
cluster_13,_27414_,33.008,33.008
cluster_13,_27413_,33.008,33.008
cluster_13,_27474_,33.008,33.008
cluster_13,_27475_,33.008,33.008
cluster_13,_27487_,33.008,33.008
cluster_13,_27477_,33.008,33.008
cluster_13,_27537_,33.008,33.008
cluster_13,_27536_,33.008,33.008
cluster_13,_27535_,33.008,33.008
cluster_13,clone171,33.008,33.008
cluster_13,_27534_,33.008,33.008
cluster_13,_27533_,33.008,33.008
cluster_13,_27532_,33.008,33.008
cluster_13,_27531_,33.008,33.008
cluster_13,_27530_,33.008,33.008
cluster_13,_27529_,33.008,33.008
cluster_13,_27528_,33.008,33.008
cluster_13,_27527_,33.008,33.008
cluster_13,_27526_,33.008,33.008
cluster_13,_27525_,33.008,33.008
cluster_13,_27524_,33.008,33.008
cluster_13,_27523_,33.008,33.008
cluster_13,_27522_,33.008,33.008
cluster_13,_27538_,33.008,33.008
cluster_13,_27539_,33.008,33.008
cluster_13,_27540_,33.008,33.008
cluster_13,_27541_,33.008,33.008
cluster_13,_27552_,33.008,33.008
cluster_13,_27551_,33.008,33.008
cluster_13,_27550_,33.008,33.008
cluster_13,_27549_,33.008,33.008
cluster_13,_27548_,33.008,33.008
cluster_13,_27547_,33.008,33.008
cluster_13,_27546_,33.008,33.008
cluster_13,_27545_,33.008,33.008
cluster_13,_27521_,33.008,33.008
cluster_13,_27544_,33.008,33.008
cluster_13,text_in_r[71]$_DFFE_PP_,33.008,33.008
cluster_13,text_in_r[70]$_DFFE_PP_,33.008,33.008
cluster_13,text_in_r[69]$_DFFE_PP_,33.008,33.008
cluster_13,text_in_r[68]$_DFFE_PP_,33.008,33.008
cluster_13,text_in_r[67]$_DFFE_PP_,33.008,33.008
cluster_13,text_in_r[65]$_DFFE_PP_,33.008,33.008
cluster_13,text_in_r[64]$_DFFE_PP_,33.008,33.008
cluster_13,_27542_,33.008,33.008
cluster_13,_27543_,33.008,33.008
cluster_13,_27476_,33.008,33.008
cluster_13,_27520_,33.008,33.008
cluster_13,_27518_,33.008,33.008
cluster_13,_27495_,33.008,33.008
cluster_13,_27494_,33.008,33.008
cluster_13,_27493_,33.008,33.008
cluster_13,_27492_,33.008,33.008
cluster_13,_27491_,33.008,33.008
cluster_13,_27489_,33.008,33.008
cluster_13,_27488_,33.008,33.008
cluster_13,_27388_,33.008,33.008
cluster_13,_27486_,33.008,33.008
cluster_13,_27485_,33.008,33.008
cluster_13,_27484_,33.008,33.008
cluster_13,_27483_,33.008,33.008
cluster_13,_27482_,33.008,33.008
cluster_13,_27481_,33.008,33.008
cluster_13,_27480_,33.008,33.008
cluster_13,_27479_,33.008,33.008
cluster_13,_27478_,33.008,33.008
cluster_13,_27496_,33.008,33.008
cluster_13,_27497_,33.008,33.008
cluster_13,_27498_,33.008,33.008
cluster_13,_27499_,33.008,33.008
cluster_13,_27517_,33.008,33.008
cluster_13,_27516_,33.008,33.008
cluster_13,_27515_,33.008,33.008
cluster_13,_27514_,33.008,33.008
cluster_13,_27513_,33.008,33.008
cluster_13,_27512_,33.008,33.008
cluster_13,_27511_,33.008,33.008
cluster_13,_27510_,33.008,33.008
cluster_13,_27519_,33.008,33.008
cluster_13,_27509_,33.008,33.008
cluster_13,_27507_,33.008,33.008
cluster_13,_27506_,33.008,33.008
cluster_13,_27505_,33.008,33.008
cluster_13,_27504_,33.008,33.008
cluster_13,_27503_,33.008,33.008
cluster_13,_27502_,33.008,33.008
cluster_13,_27501_,33.008,33.008
cluster_13,_27500_,33.008,33.008
cluster_13,_27508_,33.008,33.008
cluster_13,_27387_,33.008,33.008
cluster_13,_27375_,33.008,33.008
cluster_13,_27385_,33.008,33.008
cluster_13,_29787_,33.008,33.008
cluster_13,_29788_,33.008,33.008
cluster_13,_27269_,33.008,33.008
cluster_13,_27268_,33.008,33.008
cluster_13,_27267_,33.008,33.008
cluster_13,_27266_,33.008,33.008
cluster_13,_27265_,33.008,33.008
cluster_13,_27264_,33.008,33.008
cluster_13,_27263_,33.008,33.008
cluster_13,_27262_,33.008,33.008
cluster_13,_27261_,33.008,33.008
cluster_13,_27260_,33.008,33.008
cluster_13,_27259_,33.008,33.008
cluster_13,_27258_,33.008,33.008
cluster_13,_27257_,33.008,33.008
cluster_13,_27256_,33.008,33.008
cluster_13,_27255_,33.008,33.008
cluster_13,_29786_,33.008,33.008
cluster_13,_29785_,33.008,33.008
cluster_13,_29784_,33.008,33.008
cluster_13,_29783_,33.008,33.008
cluster_13,_27301_,33.008,33.008
cluster_13,_27300_,33.008,33.008
cluster_13,_27299_,33.008,33.008
cluster_13,_27298_,33.008,33.008
cluster_13,_27297_,33.008,33.008
cluster_13,_27296_,33.008,33.008
cluster_13,_27295_,33.008,33.008
cluster_13,_27294_,33.008,33.008
cluster_13,_27254_,33.008,33.008
cluster_13,_27293_,33.008,33.008
cluster_13,_27291_,33.008,33.008
cluster_13,_27290_,33.008,33.008
cluster_13,_27289_,33.008,33.008
cluster_13,_27288_,33.008,33.008
cluster_13,_27287_,33.008,33.008
cluster_13,_27272_,33.008,33.008
cluster_13,_27271_,33.008,33.008
cluster_13,_27270_,33.008,33.008
cluster_13,_27292_,33.008,33.008
cluster_13,_27302_,33.008,33.008
cluster_13,_27253_,33.008,33.008
cluster_13,_27251_,33.008,33.008
cluster_13,_19793_,33.008,33.008
cluster_13,_19770_,33.008,33.008
cluster_13,_19163_,33.008,33.008
cluster_13,_19145_,33.008,33.008
cluster_13,_19144_,33.008,33.008
cluster_13,_19095_,33.008,33.008
cluster_13,_18488_,33.008,33.008
cluster_13,_18487_,33.008,33.008
cluster_13,_18472_,33.008,33.008
cluster_13,sa32_sr[0]$_DFF_P_,33.008,33.008
cluster_13,sa32_sr[1]$_DFF_P_,33.008,33.008
cluster_13,sa32_sr[2]$_DFF_P_,33.008,33.008
cluster_13,sa32_sr[3]$_DFF_P_,33.008,33.008
cluster_13,sa32_sr[4]$_DFF_P_,33.008,33.008
cluster_13,sa32_sr[5]$_DFF_P_,33.008,33.008
cluster_13,sa32_sr[6]$_DFF_P_,33.008,33.008
cluster_13,sa32_sr[7]$_DFF_P_,33.008,33.008
cluster_13,_19827_,33.008,33.008
cluster_13,_19833_,33.008,33.008
cluster_13,_19845_,33.008,33.008
cluster_13,_19862_,33.008,33.008
cluster_13,_27250_,33.008,33.008
cluster_13,_27249_,33.008,33.008
cluster_13,_27248_,33.008,33.008
cluster_13,_27247_,33.008,33.008
cluster_13,_27246_,33.008,33.008
cluster_13,_27245_,33.008,33.008
cluster_13,_27244_,33.008,33.008
cluster_13,_27243_,33.008,33.008
cluster_13,_27252_,33.008,33.008
cluster_13,_27242_,33.008,33.008
cluster_13,_23945_,33.008,33.008
cluster_13,_29790_,33.008,33.008
cluster_13,_29791_,33.008,33.008
cluster_13,_29792_,33.008,33.008
cluster_13,_29793_,33.008,33.008
cluster_13,_29794_,33.008,33.008
cluster_13,_29795_,33.008,33.008
cluster_13,_19875_,33.008,33.008
cluster_13,_29789_,33.008,33.008
cluster_13,_27386_,33.008,33.008
cluster_13,_27303_,33.008,33.008
cluster_13,_27305_,33.008,33.008
cluster_13,_27362_,33.008,33.008
cluster_13,_27361_,33.008,33.008
cluster_13,_27360_,33.008,33.008
cluster_13,_27359_,33.008,33.008
cluster_13,_27358_,33.008,33.008
cluster_13,_27357_,33.008,33.008
cluster_13,_27356_,33.008,33.008
cluster_13,_27355_,33.008,33.008
cluster_13,_27354_,33.008,33.008
cluster_13,_27353_,33.008,33.008
cluster_13,_27352_,33.008,33.008
cluster_13,_27351_,33.008,33.008
cluster_13,_27350_,33.008,33.008
cluster_13,_27348_,33.008,33.008
cluster_13,_27347_,33.008,33.008
cluster_13,_27346_,33.008,33.008
cluster_13,_27345_,33.008,33.008
cluster_13,_27363_,33.008,33.008
cluster_13,_27364_,33.008,33.008
cluster_13,_27365_,33.008,33.008
cluster_13,_27366_,33.008,33.008
cluster_13,_27384_,33.008,33.008
cluster_13,_27383_,33.008,33.008
cluster_13,_27382_,33.008,33.008
cluster_13,_27381_,33.008,33.008
cluster_13,_27380_,33.008,33.008
cluster_13,_27379_,33.008,33.008
cluster_13,_27378_,33.008,33.008
cluster_13,_27377_,33.008,33.008
cluster_13,_27344_,33.008,33.008
cluster_13,_27376_,33.008,33.008
cluster_13,_27374_,33.008,33.008
cluster_13,_27373_,33.008,33.008
cluster_13,_27372_,33.008,33.008
cluster_13,_27371_,33.008,33.008
cluster_13,_27370_,33.008,33.008
cluster_13,_27369_,33.008,33.008
cluster_13,_27368_,33.008,33.008
cluster_13,_27367_,33.008,33.008
cluster_13,_27553_,33.008,33.008
cluster_13,_27304_,33.008,33.008
cluster_13,_27343_,33.008,33.008
cluster_13,_27341_,33.008,33.008
cluster_13,_27321_,33.008,33.008
cluster_13,_27320_,33.008,33.008
cluster_13,_27319_,33.008,33.008
cluster_13,_27318_,33.008,33.008
cluster_13,_27317_,33.008,33.008
cluster_13,_27316_,33.008,33.008
cluster_13,_27315_,33.008,33.008
cluster_13,_27314_,33.008,33.008
cluster_13,_27313_,33.008,33.008
cluster_13,_27312_,33.008,33.008
cluster_13,_24626_,33.008,33.008
cluster_13,_27311_,33.008,33.008
cluster_13,_27310_,33.008,33.008
cluster_13,_27309_,33.008,33.008
cluster_13,_27308_,33.008,33.008
cluster_13,_27307_,33.008,33.008
cluster_13,_27306_,33.008,33.008
cluster_13,_27322_,33.008,33.008
cluster_13,_27323_,33.008,33.008
cluster_13,_27324_,33.008,33.008
cluster_13,_27325_,33.008,33.008
cluster_13,_27340_,33.008,33.008
cluster_13,_27339_,33.008,33.008
cluster_13,_27338_,33.008,33.008
cluster_13,_27337_,33.008,33.008
cluster_13,_27336_,33.008,33.008
cluster_13,_27335_,33.008,33.008
cluster_13,_27334_,33.008,33.008
cluster_13,_27333_,33.008,33.008
cluster_13,_27342_,33.008,33.008
cluster_13,_24648_,33.008,33.008
cluster_13,_24646_,33.008,33.008
cluster_13,_27332_,33.008,33.008
cluster_13,_27331_,33.008,33.008
cluster_13,_27330_,33.008,33.008
cluster_13,_27329_,33.008,33.008
cluster_13,_27328_,33.008,33.008
cluster_13,_27327_,33.008,33.008
cluster_13,_27326_,33.008,33.008
cluster_13,_24647_,33.008,33.008
cluster_13,_27554_,33.008,33.008
cluster_13,_27490_,33.008,33.008
cluster_13,_27556_,33.008,33.008
cluster_13,_27779_,33.008,33.008
cluster_13,_27778_,33.008,33.008
cluster_13,_27777_,33.008,33.008
cluster_13,_27776_,33.008,33.008
cluster_13,_27775_,33.008,33.008
cluster_13,_27774_,33.008,33.008
cluster_13,_27773_,33.008,33.008
cluster_13,input226,33.008,33.008
cluster_13,_27772_,33.008,33.008
cluster_13,_27771_,33.008,33.008
cluster_13,_27770_,33.008,33.008
cluster_13,_27769_,33.008,33.008
cluster_13,input225,33.008,33.008
cluster_13,_27768_,33.008,33.008
cluster_13,_27767_,33.008,33.008
cluster_13,_27766_,33.008,33.008
cluster_13,_27765_,33.008,33.008
cluster_13,_27764_,33.008,33.008
cluster_13,_27763_,33.008,33.008
cluster_13,_27780_,33.008,33.008
cluster_13,_27762_,33.008,33.008
cluster_13,_27555_,33.008,33.008
cluster_13,_27783_,33.008,33.008
cluster_13,_27801_,33.008,33.008
cluster_13,_27800_,33.008,33.008
cluster_13,_27799_,33.008,33.008
cluster_13,_27798_,33.008,33.008
cluster_13,_27797_,33.008,33.008
cluster_13,_27796_,33.008,33.008
cluster_13,_27795_,33.008,33.008
cluster_13,_27794_,33.008,33.008
cluster_13,_27793_,33.008,33.008
cluster_13,_27792_,33.008,33.008
cluster_13,_27791_,33.008,33.008
cluster_13,_27790_,33.008,33.008
cluster_13,_27789_,33.008,33.008
cluster_13,_27788_,33.008,33.008
cluster_13,clone146,33.008,33.008
cluster_13,_27787_,33.008,33.008
cluster_13,_27786_,33.008,33.008
cluster_13,_27785_,33.008,33.008
cluster_13,_27784_,33.008,33.008
cluster_13,_27782_,33.008,33.008
cluster_13,_27802_,33.008,33.008
cluster_13,_27761_,33.008,33.008
cluster_13,input223,33.008,33.008
cluster_13,_27740_,33.008,33.008
cluster_13,_27739_,33.008,33.008
cluster_13,_27738_,33.008,33.008
cluster_13,_27737_,33.008,33.008
cluster_13,_27736_,33.008,33.008
cluster_13,_27735_,33.008,33.008
cluster_13,_27734_,33.008,33.008
cluster_13,_27733_,33.008,33.008
cluster_13,_27732_,33.008,33.008
cluster_13,_27731_,33.008,33.008
cluster_13,_27730_,33.008,33.008
cluster_13,_27729_,33.008,33.008
cluster_13,_27728_,33.008,33.008
cluster_13,_27727_,33.008,33.008
cluster_13,_27726_,33.008,33.008
cluster_13,_27725_,33.008,33.008
cluster_13,_27724_,33.008,33.008
cluster_13,_27723_,33.008,33.008
cluster_13,_27722_,33.008,33.008
cluster_13,_27741_,33.008,33.008
cluster_13,_27760_,33.008,33.008
cluster_13,_27742_,33.008,33.008
cluster_13,_27744_,33.008,33.008
cluster_13,_27759_,33.008,33.008
cluster_13,input222,33.008,33.008
cluster_13,input221,33.008,33.008
cluster_13,input219,33.008,33.008
cluster_13,input218,33.008,33.008
cluster_13,_27758_,33.008,33.008
cluster_13,_27757_,33.008,33.008
cluster_13,_27756_,33.008,33.008
cluster_13,_27755_,33.008,33.008
cluster_13,_27754_,33.008,33.008
cluster_13,_27753_,33.008,33.008
cluster_13,_27752_,33.008,33.008
cluster_13,_27751_,33.008,33.008
cluster_13,_27750_,33.008,33.008
cluster_13,_27749_,33.008,33.008
cluster_13,_27748_,33.008,33.008
cluster_13,_27747_,33.008,33.008
cluster_13,_27746_,33.008,33.008
cluster_13,_27745_,33.008,33.008
cluster_13,_27743_,33.008,33.008
cluster_13,_27721_,33.008,33.008
cluster_13,_27803_,33.008,33.008
cluster_13,_27805_,33.008,33.008
cluster_13,_27870_,33.008,33.008
cluster_13,_27869_,33.008,33.008
cluster_13,_27868_,33.008,33.008
cluster_13,_27867_,33.008,33.008
cluster_13,_27866_,33.008,33.008
cluster_13,_27865_,33.008,33.008
cluster_13,_27864_,33.008,33.008
cluster_13,_27863_,33.008,33.008
cluster_13,_27862_,33.008,33.008
cluster_13,_27861_,33.008,33.008
cluster_13,_27860_,33.008,33.008
cluster_13,_27859_,33.008,33.008
cluster_13,_27858_,33.008,33.008
cluster_13,_27857_,33.008,33.008
cluster_13,_27856_,33.008,33.008
cluster_13,_27855_,33.008,33.008
cluster_13,_27854_,33.008,33.008
cluster_13,_27853_,33.008,33.008
cluster_13,_27852_,33.008,33.008
cluster_13,_27871_,33.008,33.008
cluster_13,_27851_,33.008,33.008
cluster_13,_27872_,33.008,33.008
cluster_13,_27874_,33.008,33.008
cluster_13,_27885_,33.008,33.008
cluster_13,_27884_,33.008,33.008
cluster_13,_27883_,33.008,33.008
cluster_13,_27882_,33.008,33.008
cluster_13,_27881_,33.008,33.008
cluster_13,_29474_,33.008,33.008
cluster_13,_29473_,33.008,33.008
cluster_13,_29470_,33.008,33.008
cluster_13,_29469_,33.008,33.008
cluster_13,_29468_,33.008,33.008
cluster_13,_29466_,33.008,33.008
cluster_13,_29465_,33.008,33.008
cluster_13,_27880_,33.008,33.008
cluster_13,_27879_,33.008,33.008
cluster_13,_27878_,33.008,33.008
cluster_13,_27877_,33.008,33.008
cluster_13,_29460_,33.008,33.008
cluster_13,_27876_,33.008,33.008
cluster_13,_27875_,33.008,33.008
cluster_13,_27873_,33.008,33.008
cluster_13,_27804_,33.008,33.008
cluster_13,_27850_,33.008,33.008
cluster_13,_27848_,33.008,33.008
cluster_13,_27824_,33.008,33.008
cluster_13,_27823_,33.008,33.008
cluster_13,_27822_,33.008,33.008
cluster_13,_27821_,33.008,33.008
cluster_13,_27820_,33.008,33.008
cluster_13,_27819_,33.008,33.008
cluster_13,_27818_,33.008,33.008
cluster_13,_27817_,33.008,33.008
cluster_13,_27816_,33.008,33.008
cluster_13,_27815_,33.008,33.008
cluster_13,_27814_,33.008,33.008
cluster_13,_27813_,33.008,33.008
cluster_13,_27812_,33.008,33.008
cluster_13,_27811_,33.008,33.008
cluster_13,_27810_,33.008,33.008
cluster_13,_27809_,33.008,33.008
cluster_13,_27808_,33.008,33.008
cluster_13,_27807_,33.008,33.008
cluster_13,_27806_,33.008,33.008
cluster_13,_27825_,33.008,33.008
cluster_13,_27849_,33.008,33.008
cluster_13,_27826_,33.008,33.008
cluster_13,_27828_,33.008,33.008
cluster_13,_27847_,33.008,33.008
cluster_13,_27846_,33.008,33.008
cluster_13,_27845_,33.008,33.008
cluster_13,_27844_,33.008,33.008
cluster_13,_27843_,33.008,33.008
cluster_13,_27842_,33.008,33.008
cluster_13,_27841_,33.008,33.008
cluster_13,_27840_,33.008,33.008
cluster_13,_27839_,33.008,33.008
cluster_13,_27838_,33.008,33.008
cluster_13,_27837_,33.008,33.008
cluster_13,_27836_,33.008,33.008
cluster_13,_27835_,33.008,33.008
cluster_13,_27834_,33.008,33.008
cluster_13,_27833_,33.008,33.008
cluster_13,_27832_,33.008,33.008
cluster_13,_27831_,33.008,33.008
cluster_13,_27830_,33.008,33.008
cluster_13,_27829_,33.008,33.008
cluster_13,_27827_,33.008,33.008
cluster_13,_27720_,33.008,33.008
cluster_13,_27781_,33.008,33.008
cluster_13,_27718_,33.008,33.008
cluster_13,_27622_,33.008,33.008
cluster_13,_27621_,33.008,33.008
cluster_13,_27620_,33.008,33.008
cluster_13,_27619_,33.008,33.008
cluster_13,_27618_,33.008,33.008
cluster_13,_27617_,33.008,33.008
cluster_13,_27616_,33.008,33.008
cluster_13,_27615_,33.008,33.008
cluster_13,_27614_,33.008,33.008
cluster_13,_27613_,33.008,33.008
cluster_13,_27612_,33.008,33.008
cluster_13,_27611_,33.008,33.008
cluster_13,_27610_,33.008,33.008
cluster_13,_27609_,33.008,33.008
cluster_13,_27608_,33.008,33.008
cluster_13,_27607_,33.008,33.008
cluster_13,_27606_,33.008,33.008
cluster_13,_27605_,33.008,33.008
cluster_13,_27604_,33.008,33.008
cluster_13,_27623_,33.008,33.008
cluster_13,_27603_,33.008,33.008
cluster_13,_27624_,33.008,33.008
cluster_13,_27626_,33.008,33.008
cluster_13,_27643_,33.008,33.008
cluster_13,_27642_,33.008,33.008
cluster_13,_27641_,33.008,33.008
cluster_13,_27640_,33.008,33.008
cluster_13,_27639_,33.008,33.008
cluster_13,_27638_,33.008,33.008
cluster_13,_27637_,33.008,33.008
cluster_13,_27636_,33.008,33.008
cluster_13,_27635_,33.008,33.008
cluster_13,_27634_,33.008,33.008
cluster_13,_27633_,33.008,33.008
cluster_13,_27632_,33.008,33.008
cluster_13,_27631_,33.008,33.008
cluster_13,_27630_,33.008,33.008
cluster_13,_27629_,33.008,33.008
cluster_13,max_cap3,33.008,33.008
cluster_13,max_cap2,33.008,33.008
cluster_13,_27628_,33.008,33.008
cluster_13,_27627_,33.008,33.008
cluster_13,_27625_,33.008,33.008
cluster_13,_27602_,33.008,33.008
cluster_13,_27719_,33.008,33.008
cluster_13,_27600_,33.008,33.008
cluster_13,_27575_,33.008,33.008
cluster_13,_27574_,33.008,33.008
cluster_13,_27573_,33.008,33.008
cluster_13,_27572_,33.008,33.008
cluster_13,_27571_,33.008,33.008
cluster_13,_27570_,33.008,33.008
cluster_13,_27569_,33.008,33.008
cluster_13,_27568_,33.008,33.008
cluster_13,_27567_,33.008,33.008
cluster_13,_27566_,33.008,33.008
cluster_13,_27565_,33.008,33.008
cluster_13,_27564_,33.008,33.008
cluster_13,_27563_,33.008,33.008
cluster_13,_27562_,33.008,33.008
cluster_13,_27561_,33.008,33.008
cluster_13,_27560_,33.008,33.008
cluster_13,_27559_,33.008,33.008
cluster_13,_27558_,33.008,33.008
cluster_13,_27557_,33.008,33.008
cluster_13,_27576_,33.008,33.008
cluster_13,_27577_,33.008,33.008
cluster_13,_27578_,33.008,33.008
cluster_13,_27579_,33.008,33.008
cluster_13,_27599_,33.008,33.008
cluster_13,_27598_,33.008,33.008
cluster_13,_27597_,33.008,33.008
cluster_13,_27596_,33.008,33.008
cluster_13,_27595_,33.008,33.008
cluster_13,_27594_,33.008,33.008
cluster_13,_27593_,33.008,33.008
cluster_13,_27592_,33.008,33.008
cluster_13,_27591_,33.008,33.008
cluster_13,_27644_,33.008,33.008
cluster_13,_27590_,33.008,33.008
cluster_13,_27588_,33.008,33.008
cluster_13,_27587_,33.008,33.008
cluster_13,_27586_,33.008,33.008
cluster_13,_27585_,33.008,33.008
cluster_13,_27584_,33.008,33.008
cluster_13,_27583_,33.008,33.008
cluster_13,_27582_,33.008,33.008
cluster_13,_27581_,33.008,33.008
cluster_13,_27580_,33.008,33.008
cluster_13,_27589_,33.008,33.008
cluster_13,_27645_,33.008,33.008
cluster_13,_27601_,33.008,33.008
cluster_13,_27691_,33.008,33.008
cluster_13,_27695_,33.008,33.008
cluster_13,_27694_,33.008,33.008
cluster_13,_27693_,33.008,33.008
cluster_13,_27692_,33.008,33.008
cluster_13,_27712_,33.008,33.008
cluster_13,_27690_,33.008,33.008
cluster_13,_27689_,33.008,33.008
cluster_13,_27688_,33.008,33.008
cluster_13,_27687_,33.008,33.008
cluster_13,_27686_,33.008,33.008
cluster_13,_27685_,33.008,33.008
cluster_13,_27684_,33.008,33.008
cluster_13,_27683_,33.008,33.008
cluster_13,_27682_,33.008,33.008
cluster_13,_27681_,33.008,33.008
cluster_13,_27680_,33.008,33.008
cluster_13,_27679_,33.008,33.008
cluster_13,_27696_,33.008,33.008
cluster_13,_27697_,33.008,33.008
cluster_13,_27698_,33.008,33.008
cluster_13,_27699_,33.008,33.008
cluster_13,_27713_,33.008,33.008
cluster_13,_27714_,33.008,33.008
cluster_13,_27715_,33.008,33.008
cluster_13,_27716_,33.008,33.008
cluster_13,_27717_,33.008,33.008
cluster_13,_27710_,33.008,33.008
cluster_13,_27709_,33.008,33.008
cluster_13,_27708_,33.008,33.008
cluster_13,_21987_,33.008,33.008
cluster_13,_27707_,33.008,33.008
cluster_13,_27705_,33.008,33.008
cluster_13,_21978_,33.008,33.008
cluster_13,_21979_,33.008,33.008
cluster_13,_27704_,33.008,33.008
cluster_13,_27703_,33.008,33.008
cluster_13,_27702_,33.008,33.008
cluster_13,_27701_,33.008,33.008
cluster_13,_27700_,33.008,33.008
cluster_13,_27706_,33.008,33.008
cluster_13,_27678_,33.008,33.008
cluster_13,_27711_,33.008,33.008
cluster_13,_27676_,33.008,33.008
cluster_13,_27668_,33.008,33.008
cluster_13,_27667_,33.008,33.008
cluster_13,_27658_,33.008,33.008
cluster_13,_27665_,33.008,33.008
cluster_13,_27664_,33.008,33.008
cluster_13,_27663_,33.008,33.008
cluster_13,_27662_,33.008,33.008
cluster_13,_27661_,33.008,33.008
cluster_13,_27669_,33.008,33.008
cluster_13,_27660_,33.008,33.008
cluster_13,_27659_,33.008,33.008
cluster_13,_27652_,33.008,33.008
cluster_13,_27653_,33.008,33.008
cluster_13,_27677_,33.008,33.008
cluster_13,_27654_,33.008,33.008
cluster_13,_27655_,33.008,33.008
cluster_13,_27656_,33.008,33.008
cluster_13,_27657_,33.008,33.008
cluster_13,_27651_,33.008,33.008
cluster_13,_27670_,33.008,33.008
cluster_13,_27666_,33.008,33.008
cluster_13,_27648_,33.008,33.008
cluster_13,_27675_,33.008,33.008
cluster_13,_27674_,33.008,33.008
cluster_13,_27673_,33.008,33.008
cluster_13,_27650_,33.008,33.008
cluster_13,_27647_,33.008,33.008
cluster_13,_27672_,33.008,33.008
cluster_13,_27671_,33.008,33.008
cluster_13,_27649_,33.008,33.008
cluster_13,_27646_,33.008,33.008
cluster_14,_26803_,32.891,32.891
cluster_14,_26802_,32.891,32.891
cluster_14,_26801_,32.891,32.891
cluster_14,_26815_,32.891,32.891
cluster_14,_26800_,32.891,32.891
cluster_14,_26820_,32.891,32.891
cluster_14,_26822_,32.891,32.891
cluster_14,_26799_,32.891,32.891
cluster_14,_26798_,32.891,32.891
cluster_14,_26821_,32.891,32.891
cluster_14,_26804_,32.891,32.891
cluster_14,_26806_,32.891,32.891
cluster_14,_26816_,32.891,32.891
cluster_14,_26814_,32.891,32.891
cluster_14,_26813_,32.891,32.891
cluster_14,_26817_,32.891,32.891
cluster_14,_26818_,32.891,32.891
cluster_14,_26910_,32.891,32.891
cluster_14,_26812_,32.891,32.891
cluster_14,_26909_,32.891,32.891
cluster_14,_26819_,32.891,32.891
cluster_14,_26898_,32.891,32.891
cluster_14,_26897_,32.891,32.891
cluster_14,_26811_,32.891,32.891
cluster_14,_26810_,32.891,32.891
cluster_14,_26809_,32.891,32.891
cluster_14,_26808_,32.891,32.891
cluster_14,_26807_,32.891,32.891
cluster_14,_26805_,32.891,32.891
cluster_14,_26752_,32.891,32.891
cluster_14,_26794_,32.891,32.891
cluster_14,_26754_,32.891,32.891
cluster_14,_26779_,32.891,32.891
cluster_14,_26778_,32.891,32.891
cluster_14,_26777_,32.891,32.891
cluster_14,_26776_,32.891,32.891
cluster_14,_26775_,32.891,32.891
cluster_14,_26774_,32.891,32.891
cluster_14,_26773_,32.891,32.891
cluster_14,_26772_,32.891,32.891
cluster_14,_26771_,32.891,32.891
cluster_14,_26770_,32.891,32.891
cluster_14,_26769_,32.891,32.891
cluster_14,_26768_,32.891,32.891
cluster_14,_26767_,32.891,32.891
cluster_14,_26766_,32.891,32.891
cluster_14,_26765_,32.891,32.891
cluster_14,_26764_,32.891,32.891
cluster_14,_26763_,32.891,32.891
cluster_14,_26762_,32.891,32.891
cluster_14,clone157,32.891,32.891
cluster_14,_26760_,32.891,32.891
cluster_14,_26753_,32.891,32.891
cluster_14,_26780_,32.891,32.891
cluster_14,_26782_,32.891,32.891
cluster_14,_26755_,32.891,32.891
cluster_14,_26797_,32.891,32.891
cluster_14,_26796_,32.891,32.891
cluster_14,_26756_,32.891,32.891
cluster_14,_26795_,32.891,32.891
cluster_14,_26757_,32.891,32.891
cluster_14,_26758_,32.891,32.891
cluster_14,_26793_,32.891,32.891
cluster_14,_26792_,32.891,32.891
cluster_14,_26791_,32.891,32.891
cluster_14,_26759_,32.891,32.891
cluster_14,_26790_,32.891,32.891
cluster_14,_26789_,32.891,32.891
cluster_14,_26788_,32.891,32.891
cluster_14,_26787_,32.891,32.891
cluster_14,_26786_,32.891,32.891
cluster_14,_26785_,32.891,32.891
cluster_14,_26784_,32.891,32.891
cluster_14,_26783_,32.891,32.891
cluster_14,_26781_,32.891,32.891
cluster_14,_26904_,32.891,32.891
cluster_14,_26845_,32.891,32.891
cluster_14,_26824_,32.891,32.891
cluster_14,_26872_,32.891,32.891
cluster_14,_26871_,32.891,32.891
cluster_14,_26870_,32.891,32.891
cluster_14,_26869_,32.891,32.891
cluster_14,_26868_,32.891,32.891
cluster_14,_26867_,32.891,32.891
cluster_14,_26866_,32.891,32.891
cluster_14,_26865_,32.891,32.891
cluster_14,_26864_,32.891,32.891
cluster_14,_26863_,32.891,32.891
cluster_14,_26862_,32.891,32.891
cluster_14,_26861_,32.891,32.891
cluster_14,_26860_,32.891,32.891
cluster_14,_26859_,32.891,32.891
cluster_14,_26885_,32.891,32.891
cluster_14,_26858_,32.891,32.891
cluster_14,_26857_,32.891,32.891
cluster_14,_26873_,32.891,32.891
cluster_14,_26856_,32.891,32.891
cluster_14,_26874_,32.891,32.891
cluster_14,_26876_,32.891,32.891
cluster_14,_26884_,32.891,32.891
cluster_14,_26883_,32.891,32.891
cluster_14,_26882_,32.891,32.891
cluster_14,_26881_,32.891,32.891
cluster_14,_26880_,32.891,32.891
cluster_14,_26879_,32.891,32.891
cluster_14,_26878_,32.891,32.891
cluster_14,_26877_,32.891,32.891
cluster_14,_26751_,32.891,32.891
cluster_14,_26905_,32.891,32.891
cluster_14,_26906_,32.891,32.891
cluster_14,_26907_,32.891,32.891
cluster_14,_26908_,32.891,32.891
cluster_14,_26899_,32.891,32.891
cluster_14,_26900_,32.891,32.891
cluster_14,_26901_,32.891,32.891
cluster_14,_26902_,32.891,32.891
cluster_14,_26875_,32.891,32.891
cluster_14,_26855_,32.891,32.891
cluster_14,_26854_,32.891,32.891
cluster_14,_26853_,32.891,32.891
cluster_14,_26834_,32.891,32.891
cluster_14,_26833_,32.891,32.891
cluster_14,_26832_,32.891,32.891
cluster_14,_26887_,32.891,32.891
cluster_14,_26888_,32.891,32.891
cluster_14,_26889_,32.891,32.891
cluster_14,_26893_,32.891,32.891
cluster_14,_26831_,32.891,32.891
cluster_14,_26830_,32.891,32.891
cluster_14,_26892_,32.891,32.891
cluster_14,_26891_,32.891,32.891
cluster_14,_26829_,32.891,32.891
cluster_14,_26828_,32.891,32.891
cluster_14,_26827_,32.891,32.891
cluster_14,_26890_,32.891,32.891
cluster_14,_26826_,32.891,32.891
cluster_14,_26825_,32.891,32.891
cluster_14,_26835_,32.891,32.891
cluster_14,_26836_,32.891,32.891
cluster_14,_26837_,32.891,32.891
cluster_14,_26838_,32.891,32.891
cluster_14,_26852_,32.891,32.891
cluster_14,_26896_,32.891,32.891
cluster_14,_26851_,32.891,32.891
cluster_14,_26850_,32.891,32.891
cluster_14,_26849_,32.891,32.891
cluster_14,_26848_,32.891,32.891
cluster_14,_26847_,32.891,32.891
cluster_14,_26846_,32.891,32.891
cluster_14,_26823_,32.891,32.891
cluster_14,_26903_,32.891,32.891
cluster_14,_26895_,32.891,32.891
cluster_14,_26843_,32.891,32.891
cluster_14,_26842_,32.891,32.891
cluster_14,_26841_,32.891,32.891
cluster_14,_26840_,32.891,32.891
cluster_14,_26894_,32.891,32.891
cluster_14,_26839_,32.891,32.891
cluster_14,_26886_,32.891,32.891
cluster_14,_26844_,32.891,32.891
cluster_14,_26750_,32.891,32.891
cluster_14,_27122_,32.891,32.891
cluster_14,_26748_,32.891,32.891
cluster_14,_26664_,32.891,32.891
cluster_14,_26663_,32.891,32.891
cluster_14,_26662_,32.891,32.891
cluster_14,_26661_,32.891,32.891
cluster_14,_26660_,32.891,32.891
cluster_14,_26659_,32.891,32.891
cluster_14,_26657_,32.891,32.891
cluster_14,_26665_,32.891,32.891
cluster_14,_26656_,32.891,32.891
cluster_14,_26654_,32.891,32.891
cluster_14,_26653_,32.891,32.891
cluster_14,_26652_,32.891,32.891
cluster_14,_26651_,32.891,32.891
cluster_14,_26650_,32.891,32.891
cluster_14,_26649_,32.891,32.891
cluster_14,_26648_,32.891,32.891
cluster_14,_26655_,32.891,32.891
cluster_14,_26647_,32.891,32.891
cluster_14,_26666_,32.891,32.891
cluster_14,_26667_,32.891,32.891
cluster_14,sa31_sr[3]$_DFF_P_,32.891,32.891
cluster_14,sa31_sr[2]$_DFF_P_,32.891,32.891
cluster_14,sa31_sr[1]$_DFF_P_,32.891,32.891
cluster_14,sa31_sr[0]$_DFF_P_,32.891,32.891
cluster_14,_26671_,32.891,32.891
cluster_14,_19063_,32.891,32.891
cluster_14,_19097_,32.891,32.891
cluster_14,split152,32.891,32.891
cluster_14,_19106_,32.891,32.891
cluster_14,_19131_,32.891,32.891
cluster_14,_19148_,32.891,32.891
cluster_14,_19179_,32.891,32.891
cluster_14,_26670_,32.891,32.891
cluster_14,_26669_,32.891,32.891
cluster_14,clone153,32.891,32.891
cluster_14,_26668_,32.891,32.891
cluster_14,_19116_,32.891,32.891
cluster_14,_26646_,32.891,32.891
cluster_14,_26645_,32.891,32.891
cluster_14,_26644_,32.891,32.891
cluster_14,_26594_,32.891,32.891
cluster_14,_26911_,32.891,32.891
cluster_14,_26593_,32.891,32.891
cluster_14,clone156,32.891,32.891
cluster_14,_26591_,32.891,32.891
cluster_14,_26590_,32.891,32.891
cluster_14,_26589_,32.891,32.891
cluster_14,_26610_,32.891,32.891
cluster_14,_26588_,32.891,32.891
cluster_14,_26586_,32.891,32.891
cluster_14,_26585_,32.891,32.891
cluster_14,_26584_,32.891,32.891
cluster_14,_26583_,32.891,32.891
cluster_14,_26581_,32.891,32.891
cluster_14,_26580_,32.891,32.891
cluster_14,_26579_,32.891,32.891
cluster_14,_26587_,32.891,32.891
cluster_14,_26611_,32.891,32.891
cluster_14,_26612_,32.891,32.891
cluster_14,_26626_,32.891,32.891
cluster_14,_26643_,32.891,32.891
cluster_14,_26642_,32.891,32.891
cluster_14,_26641_,32.891,32.891
cluster_14,_26640_,32.891,32.891
cluster_14,_26639_,32.891,32.891
cluster_14,_26638_,32.891,32.891
cluster_14,_26637_,32.891,32.891
cluster_14,_26636_,32.891,32.891
cluster_14,_26635_,32.891,32.891
cluster_14,_26634_,32.891,32.891
cluster_14,_26633_,32.891,32.891
cluster_14,_26632_,32.891,32.891
cluster_14,_26631_,32.891,32.891
cluster_14,_26630_,32.891,32.891
cluster_14,_26629_,32.891,32.891
cluster_14,_26628_,32.891,32.891
cluster_14,_26627_,32.891,32.891
cluster_14,_26672_,32.891,32.891
cluster_14,sa31_sr[4]$_DFF_P_,32.891,32.891
cluster_14,_26673_,32.891,32.891
cluster_14,_26674_,32.891,32.891
cluster_14,_26725_,32.891,32.891
cluster_14,_26724_,32.891,32.891
cluster_14,_26723_,32.891,32.891
cluster_14,_26722_,32.891,32.891
cluster_14,_26721_,32.891,32.891
cluster_14,_26720_,32.891,32.891
cluster_14,_26719_,32.891,32.891
cluster_14,_26726_,32.891,32.891
cluster_14,_26718_,32.891,32.891
cluster_14,_26716_,32.891,32.891
cluster_14,_26715_,32.891,32.891
cluster_14,_26714_,32.891,32.891
cluster_14,_26713_,32.891,32.891
cluster_14,_26712_,32.891,32.891
cluster_14,_26711_,32.891,32.891
cluster_14,_26710_,32.891,32.891
cluster_14,_26717_,32.891,32.891
cluster_14,_26727_,32.891,32.891
cluster_14,_26728_,32.891,32.891
cluster_14,_26729_,32.891,32.891
cluster_14,_26747_,32.891,32.891
cluster_14,_26746_,32.891,32.891
cluster_14,_26745_,32.891,32.891
cluster_14,_26744_,32.891,32.891
cluster_14,_26743_,32.891,32.891
cluster_14,_26742_,32.891,32.891
cluster_14,_26741_,32.891,32.891
cluster_14,_26740_,32.891,32.891
cluster_14,_26739_,32.891,32.891
cluster_14,_26738_,32.891,32.891
cluster_14,_26737_,32.891,32.891
cluster_14,_26735_,32.891,32.891
cluster_14,_26734_,32.891,32.891
cluster_14,_26733_,32.891,32.891
cluster_14,_26732_,32.891,32.891
cluster_14,_26731_,32.891,32.891
cluster_14,_26730_,32.891,32.891
cluster_14,clone154,32.891,32.891
cluster_14,_26749_,32.891,32.891
cluster_14,_26708_,32.891,32.891
cluster_14,_26706_,32.891,32.891
cluster_14,_26684_,32.891,32.891
cluster_14,_26683_,32.891,32.891
cluster_14,_26682_,32.891,32.891
cluster_14,_26681_,32.891,32.891
cluster_14,clone187,32.891,32.891
cluster_14,_26680_,32.891,32.891
cluster_14,_26679_,32.891,32.891
cluster_14,_26685_,32.891,32.891
cluster_14,sa31_sr[7]$_DFF_P_,32.891,32.891
cluster_14,_26678_,32.891,32.891
cluster_14,_26677_,32.891,32.891
cluster_14,_26676_,32.891,32.891
cluster_14,_26675_,32.891,32.891
cluster_14,_18383_,32.891,32.891
cluster_14,_18384_,32.891,32.891
cluster_14,sa31_sr[5]$_DFF_P_,32.891,32.891
cluster_14,sa31_sr[6]$_DFF_P_,32.891,32.891
cluster_14,_26686_,32.891,32.891
cluster_14,_26687_,32.891,32.891
cluster_14,_26688_,32.891,32.891
cluster_14,_26705_,32.891,32.891
cluster_14,_26704_,32.891,32.891
cluster_14,_26703_,32.891,32.891
cluster_14,_26702_,32.891,32.891
cluster_14,_26701_,32.891,32.891
cluster_14,_26700_,32.891,32.891
cluster_14,_26699_,32.891,32.891
cluster_14,_26698_,32.891,32.891
cluster_14,_26697_,32.891,32.891
cluster_14,_26696_,32.891,32.891
cluster_14,_26695_,32.891,32.891
cluster_14,_26694_,32.891,32.891
cluster_14,_26693_,32.891,32.891
cluster_14,_26692_,32.891,32.891
cluster_14,_26691_,32.891,32.891
cluster_14,_26690_,32.891,32.891
cluster_14,_26689_,32.891,32.891
cluster_14,_26707_,32.891,32.891
cluster_14,_26912_,32.891,32.891
cluster_14,_27134_,32.891,32.891
cluster_14,_26914_,32.891,32.891
cluster_14,_27166_,32.891,32.891
cluster_14,_27165_,32.891,32.891
cluster_14,_27164_,32.891,32.891
cluster_14,_27163_,32.891,32.891
cluster_14,_27162_,32.891,32.891
cluster_14,_27161_,32.891,32.891
cluster_14,_27160_,32.891,32.891
cluster_14,_27159_,32.891,32.891
cluster_14,_27158_,32.891,32.891
cluster_14,_27157_,32.891,32.891
cluster_14,_27156_,32.891,32.891
cluster_14,_27155_,32.891,32.891
cluster_14,_27154_,32.891,32.891
cluster_14,_27153_,32.891,32.891
cluster_14,_27152_,32.891,32.891
cluster_14,_27151_,32.891,32.891
cluster_14,_27150_,32.891,32.891
cluster_14,_27149_,32.891,32.891
cluster_14,_27148_,32.891,32.891
cluster_14,_27167_,32.891,32.891
cluster_14,_27147_,32.891,32.891
cluster_14,_27168_,32.891,32.891
cluster_14,_27170_,32.891,32.891
cluster_14,_27189_,32.891,32.891
cluster_14,_27188_,32.891,32.891
cluster_14,_27187_,32.891,32.891
cluster_14,_27186_,32.891,32.891
cluster_14,_27185_,32.891,32.891
cluster_14,_27184_,32.891,32.891
cluster_14,_27183_,32.891,32.891
cluster_14,_27182_,32.891,32.891
cluster_14,_27181_,32.891,32.891
cluster_14,_27180_,32.891,32.891
cluster_14,_27179_,32.891,32.891
cluster_14,_27178_,32.891,32.891
cluster_14,_27177_,32.891,32.891
cluster_14,_27176_,32.891,32.891
cluster_14,_27175_,32.891,32.891
cluster_14,_27174_,32.891,32.891
cluster_14,_27173_,32.891,32.891
cluster_14,_27172_,32.891,32.891
cluster_14,_27171_,32.891,32.891
cluster_14,_27169_,32.891,32.891
cluster_14,_27190_,32.891,32.891
cluster_14,_27146_,32.891,32.891
cluster_14,_27144_,32.891,32.891
cluster_14,_27118_,32.891,32.891
cluster_14,_27117_,32.891,32.891
cluster_14,_27116_,32.891,32.891
cluster_14,_27115_,32.891,32.891
cluster_14,_27114_,32.891,32.891
cluster_14,_27113_,32.891,32.891
cluster_14,_27112_,32.891,32.891
cluster_14,_27111_,32.891,32.891
cluster_14,_27110_,32.891,32.891
cluster_14,_27109_,32.891,32.891
cluster_14,_27108_,32.891,32.891
cluster_14,_27107_,32.891,32.891
cluster_14,_27106_,32.891,32.891
cluster_14,_27105_,32.891,32.891
cluster_14,_27104_,32.891,32.891
cluster_14,_27103_,32.891,32.891
cluster_14,_27102_,32.891,32.891
cluster_14,_27101_,32.891,32.891
cluster_14,_27100_,32.891,32.891
cluster_14,_27119_,32.891,32.891
cluster_14,_27145_,32.891,32.891
cluster_14,_27120_,32.891,32.891
cluster_14,_27123_,32.891,32.891
cluster_14,_27143_,32.891,32.891
cluster_14,_27142_,32.891,32.891
cluster_14,_27141_,32.891,32.891
cluster_14,_27140_,32.891,32.891
cluster_14,_27139_,32.891,32.891
cluster_14,_27138_,32.891,32.891
cluster_14,_27137_,32.891,32.891
cluster_14,_27136_,32.891,32.891
cluster_14,_27135_,32.891,32.891
cluster_14,_27133_,32.891,32.891
cluster_14,_27132_,32.891,32.891
cluster_14,_27131_,32.891,32.891
cluster_14,_27130_,32.891,32.891
cluster_14,_27129_,32.891,32.891
cluster_14,_27128_,32.891,32.891
cluster_14,_27127_,32.891,32.891
cluster_14,_27126_,32.891,32.891
cluster_14,_27125_,32.891,32.891
cluster_14,_27124_,32.891,32.891
cluster_14,_27121_,32.891,32.891
cluster_14,_27099_,32.891,32.891
cluster_14,_27191_,32.891,32.891
cluster_14,_27193_,32.891,32.891
cluster_14,text_in_r[100]$_DFFE_PP_,32.891,32.891
cluster_14,clone155,32.891,32.891
cluster_14,_29775_,32.891,32.891
cluster_14,_29776_,32.891,32.891
cluster_14,_29777_,32.891,32.891
cluster_14,_29778_,32.891,32.891
cluster_14,_29779_,32.891,32.891
cluster_14,_29780_,32.891,32.891
cluster_14,_29781_,32.891,32.891
cluster_14,_29782_,32.891,32.891
cluster_14,_27241_,32.891,32.891
cluster_14,_27240_,32.891,32.891
cluster_14,_27239_,32.891,32.891
cluster_14,_23988_,32.891,32.891
cluster_14,_23987_,32.891,32.891
cluster_14,_23986_,32.891,32.891
cluster_14,_27238_,32.891,32.891
cluster_14,_23970_,32.891,32.891
cluster_14,_23969_,32.891,32.891
cluster_14,text_in_r[101]$_DFFE_PP_,32.891,32.891
cluster_14,_23950_,32.891,32.891
cluster_14,text_in_r[102]$_DFFE_PP_,32.891,32.891
cluster_14,clone195,32.891,32.891
cluster_14,_29506_,32.891,32.891
cluster_14,_29504_,32.891,32.891
cluster_14,_29372_,32.891,32.891
cluster_14,_29370_,32.891,32.891
cluster_14,_29369_,32.891,32.891
cluster_14,_29368_,32.891,32.891
cluster_14,input256,32.891,32.891
cluster_14,input254,32.891,32.891
cluster_14,input134,32.891,32.891
cluster_14,input133,32.891,32.891
cluster_14,input132,32.891,32.891
cluster_14,input131,32.891,32.891
cluster_14,text_in_r[99]$_DFFE_PP_,32.891,32.891
cluster_14,text_in_r[97]$_DFFE_PP_,32.891,32.891
cluster_14,_29774_,32.891,32.891
cluster_14,_29773_,32.891,32.891
cluster_14,_29772_,32.891,32.891
cluster_14,_29771_,32.891,32.891
cluster_14,_29770_,32.891,32.891
cluster_14,text_in_r[103]$_DFFE_PP_,32.891,32.891
cluster_14,_27192_,32.891,32.891
cluster_14,_23949_,32.891,32.891
cluster_14,_27236_,32.891,32.891
cluster_14,_27212_,32.891,32.891
cluster_14,_27211_,32.891,32.891
cluster_14,_27210_,32.891,32.891
cluster_14,_27209_,32.891,32.891
cluster_14,_27208_,32.891,32.891
cluster_14,_27207_,32.891,32.891
cluster_14,_27206_,32.891,32.891
cluster_14,_27205_,32.891,32.891
cluster_14,_27204_,32.891,32.891
cluster_14,_27203_,32.891,32.891
cluster_14,_27202_,32.891,32.891
cluster_14,_27201_,32.891,32.891
cluster_14,_27200_,32.891,32.891
cluster_14,_27199_,32.891,32.891
cluster_14,_27198_,32.891,32.891
cluster_14,_27197_,32.891,32.891
cluster_14,_27196_,32.891,32.891
cluster_14,_27195_,32.891,32.891
cluster_14,_27194_,32.891,32.891
cluster_14,_27213_,32.891,32.891
cluster_14,_27237_,32.891,32.891
cluster_14,_27214_,32.891,32.891
cluster_14,_27216_,32.891,32.891
cluster_14,_27235_,32.891,32.891
cluster_14,_27234_,32.891,32.891
cluster_14,_27233_,32.891,32.891
cluster_14,_27232_,32.891,32.891
cluster_14,_27231_,32.891,32.891
cluster_14,_27230_,32.891,32.891
cluster_14,_27229_,32.891,32.891
cluster_14,_27228_,32.891,32.891
cluster_14,_27227_,32.891,32.891
cluster_14,_27226_,32.891,32.891
cluster_14,_27225_,32.891,32.891
cluster_14,_27224_,32.891,32.891
cluster_14,_27223_,32.891,32.891
cluster_14,_27222_,32.891,32.891
cluster_14,_27221_,32.891,32.891
cluster_14,_27220_,32.891,32.891
cluster_14,_27219_,32.891,32.891
cluster_14,_27218_,32.891,32.891
cluster_14,_27217_,32.891,32.891
cluster_14,_26913_,32.891,32.891
cluster_14,_27098_,32.891,32.891
cluster_14,_27215_,32.891,32.891
cluster_14,_27096_,32.891,32.891
cluster_14,_26980_,32.891,32.891
cluster_14,_26979_,32.891,32.891
cluster_14,_26978_,32.891,32.891
cluster_14,_26977_,32.891,32.891
cluster_14,_26976_,32.891,32.891
cluster_14,_26975_,32.891,32.891
cluster_14,_26974_,32.891,32.891
cluster_14,_26973_,32.891,32.891
cluster_14,_26972_,32.891,32.891
cluster_14,_26971_,32.891,32.891
cluster_14,_26970_,32.891,32.891
cluster_14,_26969_,32.891,32.891
cluster_14,_26968_,32.891,32.891
cluster_14,_26967_,32.891,32.891
cluster_14,_26966_,32.891,32.891
cluster_14,_26965_,32.891,32.891
cluster_14,_26964_,32.891,32.891
cluster_14,_26963_,32.891,32.891
cluster_14,_26962_,32.891,32.891
cluster_14,_26981_,32.891,32.891
cluster_14,_26961_,32.891,32.891
cluster_14,_26982_,32.891,32.891
cluster_14,_26984_,32.891,32.891
cluster_14,_27003_,32.891,32.891
cluster_14,_27002_,32.891,32.891
cluster_14,_27001_,32.891,32.891
cluster_14,_27000_,32.891,32.891
cluster_14,_26999_,32.891,32.891
cluster_14,_26998_,32.891,32.891
cluster_14,_26997_,32.891,32.891
cluster_14,_26996_,32.891,32.891
cluster_14,_26995_,32.891,32.891
cluster_14,_26994_,32.891,32.891
cluster_14,_26993_,32.891,32.891
cluster_14,_26992_,32.891,32.891
cluster_14,_26991_,32.891,32.891
cluster_14,_26990_,32.891,32.891
cluster_14,_26989_,32.891,32.891
cluster_14,_26988_,32.891,32.891
cluster_14,_26987_,32.891,32.891
cluster_14,_26986_,32.891,32.891
cluster_14,_26985_,32.891,32.891
cluster_14,_26983_,32.891,32.891
cluster_14,_26960_,32.891,32.891
cluster_14,_26959_,32.891,32.891
cluster_14,_26958_,32.891,32.891
cluster_14,_26932_,32.891,32.891
cluster_14,_26931_,32.891,32.891
cluster_14,_26930_,32.891,32.891
cluster_14,_26929_,32.891,32.891
cluster_14,_26928_,32.891,32.891
cluster_14,_26927_,32.891,32.891
cluster_14,_26926_,32.891,32.891
cluster_14,_26925_,32.891,32.891
cluster_14,_26924_,32.891,32.891
cluster_14,_26923_,32.891,32.891
cluster_14,_26922_,32.891,32.891
cluster_14,_26921_,32.891,32.891
cluster_14,_26920_,32.891,32.891
cluster_14,_26919_,32.891,32.891
cluster_14,_26918_,32.891,32.891
cluster_14,_26917_,32.891,32.891
cluster_14,_26916_,32.891,32.891
cluster_14,_26915_,32.891,32.891
cluster_14,_27097_,32.891,32.891
cluster_14,_26933_,32.891,32.891
cluster_14,_26934_,32.891,32.891
cluster_14,_26935_,32.891,32.891
cluster_14,_26936_,32.891,32.891
cluster_14,_26957_,32.891,32.891
cluster_14,_26956_,32.891,32.891
cluster_14,_26955_,32.891,32.891
cluster_14,_26954_,32.891,32.891
cluster_14,_26953_,32.891,32.891
cluster_14,_26952_,32.891,32.891
cluster_14,_26951_,32.891,32.891
cluster_14,_26950_,32.891,32.891
cluster_14,_26948_,32.891,32.891
cluster_14,_27004_,32.891,32.891
cluster_14,_26947_,32.891,32.891
cluster_14,_26945_,32.891,32.891
cluster_14,_26944_,32.891,32.891
cluster_14,_26943_,32.891,32.891
cluster_14,_26942_,32.891,32.891
cluster_14,_26941_,32.891,32.891
cluster_14,_26940_,32.891,32.891
cluster_14,_26939_,32.891,32.891
cluster_14,_26938_,32.891,32.891
cluster_14,_26937_,32.891,32.891
cluster_14,_26946_,32.891,32.891
cluster_14,_27005_,32.891,32.891
cluster_14,_26949_,32.891,32.891
cluster_14,_27007_,32.891,32.891
cluster_14,_27072_,32.891,32.891
cluster_14,_27071_,32.891,32.891
cluster_14,_27070_,32.891,32.891
cluster_14,_27069_,32.891,32.891
cluster_14,_27068_,32.891,32.891
cluster_14,_27067_,32.891,32.891
cluster_14,_27066_,32.891,32.891
cluster_14,_27065_,32.891,32.891
cluster_14,_27064_,32.891,32.891
cluster_14,_27063_,32.891,32.891
cluster_14,_27062_,32.891,32.891
cluster_14,_27061_,32.891,32.891
cluster_14,_27060_,32.891,32.891
cluster_14,_27059_,32.891,32.891
cluster_14,_27058_,32.891,32.891
cluster_14,_27057_,32.891,32.891
cluster_14,_27056_,32.891,32.891
cluster_14,_27055_,32.891,32.891
cluster_14,_27054_,32.891,32.891
cluster_14,_27073_,32.891,32.891
cluster_14,_27053_,32.891,32.891
cluster_14,_27074_,32.891,32.891
cluster_14,_27076_,32.891,32.891
cluster_14,_27095_,32.891,32.891
cluster_14,_27094_,32.891,32.891
cluster_14,_27093_,32.891,32.891
cluster_14,_27092_,32.891,32.891
cluster_14,_27006_,32.891,32.891
cluster_14,_27090_,32.891,32.891
cluster_14,_27089_,32.891,32.891
cluster_14,_27088_,32.891,32.891
cluster_14,_27087_,32.891,32.891
cluster_14,_27086_,32.891,32.891
cluster_14,_27085_,32.891,32.891
cluster_14,_27084_,32.891,32.891
cluster_14,_27083_,32.891,32.891
cluster_14,_27082_,32.891,32.891
cluster_14,_27081_,32.891,32.891
cluster_14,_27080_,32.891,32.891
cluster_14,_27079_,32.891,32.891
cluster_14,_27078_,32.891,32.891
cluster_14,_27077_,32.891,32.891
cluster_14,_27075_,32.891,32.891
cluster_14,_27052_,32.891,32.891
cluster_14,_27091_,32.891,32.891
cluster_14,_27050_,32.891,32.891
cluster_14,_27027_,32.891,32.891
cluster_14,_27026_,32.891,32.891
cluster_14,_27025_,32.891,32.891
cluster_14,_27024_,32.891,32.891
cluster_14,_27023_,32.891,32.891
cluster_14,_27022_,32.891,32.891
cluster_14,_27021_,32.891,32.891
cluster_14,_27020_,32.891,32.891
cluster_14,_27019_,32.891,32.891
cluster_14,_27028_,32.891,32.891
cluster_14,_27017_,32.891,32.891
cluster_14,_27015_,32.891,32.891
cluster_14,_27014_,32.891,32.891
cluster_14,_27013_,32.891,32.891
cluster_14,_27012_,32.891,32.891
cluster_14,_27011_,32.891,32.891
cluster_14,_27010_,32.891,32.891
cluster_14,_27009_,32.891,32.891
cluster_14,_27008_,32.891,32.891
cluster_14,_27051_,32.891,32.891
cluster_14,_27016_,32.891,32.891
cluster_14,_27029_,32.891,32.891
cluster_14,_27018_,32.891,32.891
cluster_14,_27031_,32.891,32.891
cluster_14,_27030_,32.891,32.891
cluster_14,_27049_,32.891,32.891
cluster_14,_27047_,32.891,32.891
cluster_14,_27046_,32.891,32.891
cluster_14,_27045_,32.891,32.891
cluster_14,_27044_,32.891,32.891
cluster_14,_27043_,32.891,32.891
cluster_14,_27042_,32.891,32.891
cluster_14,_27041_,32.891,32.891
cluster_14,_27040_,32.891,32.891
cluster_14,_27048_,32.891,32.891
cluster_14,_27038_,32.891,32.891
cluster_14,_27037_,32.891,32.891
cluster_14,_27036_,32.891,32.891
cluster_14,_27039_,32.891,32.891
cluster_14,_27034_,32.891,32.891
cluster_14,_27032_,32.891,32.891
cluster_14,_27033_,32.891,32.891
cluster_14,_27035_,32.891,32.891
cluster_15,_21571_,32.163,32.163
cluster_15,_21586_,32.163,32.163
cluster_15,_21585_,32.163,32.163
cluster_15,_21584_,32.163,32.163
cluster_15,_21583_,32.163,32.163
cluster_15,_21582_,32.163,32.163
cluster_15,_21581_,32.163,32.163
cluster_15,_21580_,32.163,32.163
cluster_15,_21561_,32.163,32.163
cluster_15,_21562_,32.163,32.163
cluster_15,_21563_,32.163,32.163
cluster_15,_21564_,32.163,32.163
cluster_15,_21565_,32.163,32.163
cluster_15,_21566_,32.163,32.163
cluster_15,_21578_,32.163,32.163
cluster_15,_21577_,32.163,32.163
cluster_15,_21576_,32.163,32.163
cluster_15,_21567_,32.163,32.163
cluster_15,_21568_,32.163,32.163
cluster_15,_21569_,32.163,32.163
cluster_15,_21570_,32.163,32.163
cluster_15,_21575_,32.163,32.163
cluster_15,_21574_,32.163,32.163
cluster_15,_21573_,32.163,32.163
cluster_15,_21572_,32.163,32.163
cluster_15,_21579_,32.163,32.163
cluster_15,_21587_,32.163,32.163
cluster_15,_21595_,32.163,32.163
cluster_15,_21589_,32.163,32.163
cluster_15,_21612_,32.163,32.163
cluster_15,_21611_,32.163,32.163
cluster_15,_21610_,32.163,32.163
cluster_15,_21609_,32.163,32.163
cluster_15,_21608_,32.163,32.163
cluster_15,_21607_,32.163,32.163
cluster_15,_21606_,32.163,32.163
cluster_15,_21605_,32.163,32.163
cluster_15,_21604_,32.163,32.163
cluster_15,_21603_,32.163,32.163
cluster_15,_21602_,32.163,32.163
cluster_15,_21601_,32.163,32.163
cluster_15,_21588_,32.163,32.163
cluster_15,_21600_,32.163,32.163
cluster_15,_21598_,32.163,32.163
cluster_15,_21560_,32.163,32.163
cluster_15,_21613_,32.163,32.163
cluster_15,_21614_,32.163,32.163
cluster_15,_21615_,32.163,32.163
cluster_15,_21597_,32.163,32.163
cluster_15,_21596_,32.163,32.163
cluster_15,_21594_,32.163,32.163
cluster_15,_21593_,32.163,32.163
cluster_15,_21592_,32.163,32.163
cluster_15,_21591_,32.163,32.163
cluster_15,_21590_,32.163,32.163
cluster_15,_21599_,32.163,32.163
cluster_15,_21559_,32.163,32.163
cluster_15,_21536_,32.163,32.163
cluster_15,_21557_,32.163,32.163
cluster_15,_21524_,32.163,32.163
cluster_15,_21523_,32.163,32.163
cluster_15,_21522_,32.163,32.163
cluster_15,_21521_,32.163,32.163
cluster_15,_21520_,32.163,32.163
cluster_15,_21519_,32.163,32.163
cluster_15,_21518_,32.163,32.163
cluster_15,_21517_,32.163,32.163
cluster_15,_21516_,32.163,32.163
cluster_15,_21515_,32.163,32.163
cluster_15,_21514_,32.163,32.163
cluster_15,_21513_,32.163,32.163
cluster_15,_21512_,32.163,32.163
cluster_15,_21511_,32.163,32.163
cluster_15,_21510_,32.163,32.163
cluster_15,_21509_,32.163,32.163
cluster_15,_21508_,32.163,32.163
cluster_15,_21507_,32.163,32.163
cluster_15,_21506_,32.163,32.163
cluster_15,_21505_,32.163,32.163
cluster_15,_21504_,32.163,32.163
cluster_15,_21503_,32.163,32.163
cluster_15,_21501_,32.163,32.163
cluster_15,_21616_,32.163,32.163
cluster_15,_21502_,32.163,32.163
cluster_15,_21525_,32.163,32.163
cluster_15,_21526_,32.163,32.163
cluster_15,_21527_,32.163,32.163
cluster_15,_21528_,32.163,32.163
cluster_15,_21556_,32.163,32.163
cluster_15,_21555_,32.163,32.163
cluster_15,_21554_,32.163,32.163
cluster_15,_21553_,32.163,32.163
cluster_15,_21552_,32.163,32.163
cluster_15,_21550_,32.163,32.163
cluster_15,_21549_,32.163,32.163
cluster_15,_21548_,32.163,32.163
cluster_15,_21547_,32.163,32.163
cluster_15,_21546_,32.163,32.163
cluster_15,_21545_,32.163,32.163
cluster_15,_21544_,32.163,32.163
cluster_15,_21558_,32.163,32.163
cluster_15,_21543_,32.163,32.163
cluster_15,_21541_,32.163,32.163
cluster_15,_21540_,32.163,32.163
cluster_15,_21539_,32.163,32.163
cluster_15,_21538_,32.163,32.163
cluster_15,_21537_,32.163,32.163
cluster_15,_21535_,32.163,32.163
cluster_15,_21534_,32.163,32.163
cluster_15,_21533_,32.163,32.163
cluster_15,_21532_,32.163,32.163
cluster_15,_21531_,32.163,32.163
cluster_15,_21530_,32.163,32.163
cluster_15,_21529_,32.163,32.163
cluster_15,_21542_,32.163,32.163
cluster_15,_21617_,32.163,32.163
cluster_15,_21708_,32.163,32.163
cluster_15,_21619_,32.163,32.163
cluster_15,_21703_,32.163,32.163
cluster_15,_21702_,32.163,32.163
cluster_15,_21701_,32.163,32.163
cluster_15,_21700_,32.163,32.163
cluster_15,_21699_,32.163,32.163
cluster_15,_21698_,32.163,32.163
cluster_15,_21697_,32.163,32.163
cluster_15,_21696_,32.163,32.163
cluster_15,_21695_,32.163,32.163
cluster_15,_21694_,32.163,32.163
cluster_15,_21693_,32.163,32.163
cluster_15,_21692_,32.163,32.163
cluster_15,_21691_,32.163,32.163
cluster_15,_21690_,32.163,32.163
cluster_15,_21689_,32.163,32.163
cluster_15,_21688_,32.163,32.163
cluster_15,_21687_,32.163,32.163
cluster_15,_21686_,32.163,32.163
cluster_15,_21685_,32.163,32.163
cluster_15,_21684_,32.163,32.163
cluster_15,_21683_,32.163,32.163
cluster_15,_21682_,32.163,32.163
cluster_15,_21681_,32.163,32.163
cluster_15,_21680_,32.163,32.163
cluster_15,_21679_,32.163,32.163
cluster_15,_21704_,32.163,32.163
cluster_15,_21705_,32.163,32.163
cluster_15,_21706_,32.163,32.163
cluster_15,_21707_,32.163,32.163
cluster_15,_21500_,32.163,32.163
cluster_15,clone2,32.163,32.163
cluster_15,_21732_,32.163,32.163
cluster_15,_21731_,32.163,32.163
cluster_15,_21730_,32.163,32.163
cluster_15,_21729_,32.163,32.163
cluster_15,_21728_,32.163,32.163
cluster_15,_21727_,32.163,32.163
cluster_15,_21726_,32.163,32.163
cluster_15,_21725_,32.163,32.163
cluster_15,_21724_,32.163,32.163
cluster_15,_21723_,32.163,32.163
cluster_15,_21678_,32.163,32.163
cluster_15,_21722_,32.163,32.163
cluster_15,_21720_,32.163,32.163
cluster_15,_21719_,32.163,32.163
cluster_15,_21718_,32.163,32.163
cluster_15,_21717_,32.163,32.163
cluster_15,_21716_,32.163,32.163
cluster_15,_21715_,32.163,32.163
cluster_15,_21714_,32.163,32.163
cluster_15,_21713_,32.163,32.163
cluster_15,_21712_,32.163,32.163
cluster_15,_21711_,32.163,32.163
cluster_15,_21710_,32.163,32.163
cluster_15,_21709_,32.163,32.163
cluster_15,_21721_,32.163,32.163
cluster_15,_21618_,32.163,32.163
cluster_15,_21677_,32.163,32.163
cluster_15,_21675_,32.163,32.163
cluster_15,_21644_,32.163,32.163
cluster_15,_21643_,32.163,32.163
cluster_15,_21642_,32.163,32.163
cluster_15,_21641_,32.163,32.163
cluster_15,_21640_,32.163,32.163
cluster_15,_21639_,32.163,32.163
cluster_15,_21638_,32.163,32.163
cluster_15,_21637_,32.163,32.163
cluster_15,_21636_,32.163,32.163
cluster_15,_21635_,32.163,32.163
cluster_15,_21634_,32.163,32.163
cluster_15,_21633_,32.163,32.163
cluster_15,_21632_,32.163,32.163
cluster_15,_21631_,32.163,32.163
cluster_15,_21630_,32.163,32.163
cluster_15,_21629_,32.163,32.163
cluster_15,_21628_,32.163,32.163
cluster_15,_21627_,32.163,32.163
cluster_15,_21626_,32.163,32.163
cluster_15,_21625_,32.163,32.163
cluster_15,_21624_,32.163,32.163
cluster_15,_21623_,32.163,32.163
cluster_15,_21622_,32.163,32.163
cluster_15,_21621_,32.163,32.163
cluster_15,_21620_,32.163,32.163
cluster_15,_21645_,32.163,32.163
cluster_15,_21646_,32.163,32.163
cluster_15,_21647_,32.163,32.163
cluster_15,_21648_,32.163,32.163
cluster_15,_21674_,32.163,32.163
cluster_15,_21673_,32.163,32.163
cluster_15,_21672_,32.163,32.163
cluster_15,_21671_,32.163,32.163
cluster_15,_21670_,32.163,32.163
cluster_15,_21669_,32.163,32.163
cluster_15,_21668_,32.163,32.163
cluster_15,_21667_,32.163,32.163
cluster_15,_21666_,32.163,32.163
cluster_15,_21665_,32.163,32.163
cluster_15,_21664_,32.163,32.163
cluster_15,_21663_,32.163,32.163
cluster_15,_21676_,32.163,32.163
cluster_15,_21662_,32.163,32.163
cluster_15,_21660_,32.163,32.163
cluster_15,_21659_,32.163,32.163
cluster_15,_21658_,32.163,32.163
cluster_15,_21657_,32.163,32.163
cluster_15,_21656_,32.163,32.163
cluster_15,_21655_,32.163,32.163
cluster_15,_21654_,32.163,32.163
cluster_15,_21653_,32.163,32.163
cluster_15,_21652_,32.163,32.163
cluster_15,_21651_,32.163,32.163
cluster_15,_21650_,32.163,32.163
cluster_15,_21649_,32.163,32.163
cluster_15,_21661_,32.163,32.163
cluster_15,_21499_,32.163,32.163
cluster_15,_21551_,32.163,32.163
cluster_15,_21497_,32.163,32.163
cluster_15,_21777_,32.163,32.163
cluster_15,_20444_,32.163,32.163
cluster_15,_21791_,32.163,32.163
cluster_15,_20450_,32.163,32.163
cluster_15,_20490_,32.163,32.163
cluster_15,_20521_,32.163,32.163
cluster_15,_20536_,32.163,32.163
cluster_15,_21790_,32.163,32.163
cluster_15,_20558_,32.163,32.163
cluster_15,_21789_,32.163,32.163
cluster_15,_21788_,32.163,32.163
cluster_15,_20584_,32.163,32.163
cluster_15,_21787_,32.163,32.163
cluster_15,sa13_sr[7]$_DFF_P_,32.163,32.163
cluster_15,sa13_sr[6]$_DFF_P_,32.163,32.163
cluster_15,sa13_sr[5]$_DFF_P_,32.163,32.163
cluster_15,sa13_sr[4]$_DFF_P_,32.163,32.163
cluster_15,sa13_sr[3]$_DFF_P_,32.163,32.163
cluster_15,sa13_sr[2]$_DFF_P_,32.163,32.163
cluster_15,sa13_sr[1]$_DFF_P_,32.163,32.163
cluster_15,sa13_sr[0]$_DFF_P_,32.163,32.163
cluster_15,_21197_,32.163,32.163
cluster_15,clone109,32.163,32.163
cluster_15,_21792_,32.163,32.163
cluster_15,_21793_,32.163,32.163
cluster_15,_21794_,32.163,32.163
cluster_15,_21795_,32.163,32.163
cluster_15,_29668_,32.163,32.163
cluster_15,_29669_,32.163,32.163
cluster_15,_29670_,32.163,32.163
cluster_15,_21768_,32.163,32.163
cluster_15,_21769_,32.163,32.163
cluster_15,_21770_,32.163,32.163
cluster_15,_21771_,32.163,32.163
cluster_15,_21772_,32.163,32.163
cluster_15,_21773_,32.163,32.163
cluster_15,_21774_,32.163,32.163
cluster_15,_21803_,32.163,32.163
cluster_15,_21199_,32.163,32.163
cluster_15,_21802_,32.163,32.163
cluster_15,_21801_,32.163,32.163
cluster_15,_21800_,32.163,32.163
cluster_15,_21775_,32.163,32.163
cluster_15,_21799_,32.163,32.163
cluster_15,_18361_,32.163,32.163
cluster_15,_18460_,32.163,32.163
cluster_15,_18462_,32.163,32.163
cluster_15,_21798_,32.163,32.163
cluster_15,_21797_,32.163,32.163
cluster_15,_21776_,32.163,32.163
cluster_15,_21796_,32.163,32.163
cluster_15,_18301_,32.163,32.163
cluster_15,_21200_,32.163,32.163
cluster_15,_21218_,32.163,32.163
cluster_15,_21219_,32.163,32.163
cluster_15,_21261_,32.163,32.163
cluster_15,_21262_,32.163,32.163
cluster_15,_21263_,32.163,32.163
cluster_15,_21264_,32.163,32.163
cluster_15,input148,32.163,32.163
cluster_15,input147,32.163,32.163
cluster_15,_21786_,32.163,32.163
cluster_15,_21785_,32.163,32.163
cluster_15,_21784_,32.163,32.163
cluster_15,_21783_,32.163,32.163
cluster_15,_21779_,32.163,32.163
cluster_15,_21260_,32.163,32.163
cluster_15,_21782_,32.163,32.163
cluster_15,_21780_,32.163,32.163
cluster_15,_21265_,32.163,32.163
cluster_15,_21266_,32.163,32.163
cluster_15,_21267_,32.163,32.163
cluster_15,_21268_,32.163,32.163
cluster_15,_21269_,32.163,32.163
cluster_15,_21270_,32.163,32.163
cluster_15,_21271_,32.163,32.163
cluster_15,_21272_,32.163,32.163
cluster_15,_21273_,32.163,32.163
cluster_15,_21274_,32.163,32.163
cluster_15,_21781_,32.163,32.163
cluster_15,_29667_,32.163,32.163
cluster_15,_21259_,32.163,32.163
cluster_15,_21257_,32.163,32.163
cluster_15,_21220_,32.163,32.163
cluster_15,input151,32.163,32.163
cluster_15,_21238_,32.163,32.163
cluster_15,_21239_,32.163,32.163
cluster_15,_21240_,32.163,32.163
cluster_15,_21241_,32.163,32.163
cluster_15,_21242_,32.163,32.163
cluster_15,_21243_,32.163,32.163
cluster_15,_21244_,32.163,32.163
cluster_15,_21245_,32.163,32.163
cluster_15,_21246_,32.163,32.163
cluster_15,_21258_,32.163,32.163
cluster_15,input150,32.163,32.163
cluster_15,input149,32.163,32.163
cluster_15,_21247_,32.163,32.163
cluster_15,_21248_,32.163,32.163
cluster_15,_21249_,32.163,32.163
cluster_15,_21250_,32.163,32.163
cluster_15,_21251_,32.163,32.163
cluster_15,_21252_,32.163,32.163
cluster_15,_21253_,32.163,32.163
cluster_15,_21254_,32.163,32.163
cluster_15,_21255_,32.163,32.163
cluster_15,_21256_,32.163,32.163
cluster_15,_21778_,32.163,32.163
cluster_15,_21275_,32.163,32.163
cluster_15,_29666_,32.163,32.163
cluster_15,_29664_,32.163,32.163
cluster_15,_21850_,32.163,32.163
cluster_15,_21849_,32.163,32.163
cluster_15,_21848_,32.163,32.163
cluster_15,_21847_,32.163,32.163
cluster_15,_21846_,32.163,32.163
cluster_15,_21845_,32.163,32.163
cluster_15,_21844_,32.163,32.163
cluster_15,_21843_,32.163,32.163
cluster_15,_21842_,32.163,32.163
cluster_15,_21841_,32.163,32.163
cluster_15,_21840_,32.163,32.163
cluster_15,_21839_,32.163,32.163
cluster_15,_21838_,32.163,32.163
cluster_15,_21837_,32.163,32.163
cluster_15,_21836_,32.163,32.163
cluster_15,_21835_,32.163,32.163
cluster_15,output297,32.163,32.163
cluster_15,_21834_,32.163,32.163
cluster_15,_29390_,32.163,32.163
cluster_15,_29389_,32.163,32.163
cluster_15,_29388_,32.163,32.163
cluster_15,_29387_,32.163,32.163
cluster_15,_29386_,32.163,32.163
cluster_15,_21851_,32.163,32.163
cluster_15,_21852_,32.163,32.163
cluster_15,_21853_,32.163,32.163
cluster_15,_21750_,32.163,32.163
cluster_15,_21498_,32.163,32.163
cluster_15,clone76,32.163,32.163
cluster_15,_21733_,32.163,32.163
cluster_15,_21734_,32.163,32.163
cluster_15,_21735_,32.163,32.163
cluster_15,_21736_,32.163,32.163
cluster_15,_21737_,32.163,32.163
cluster_15,_21738_,32.163,32.163
cluster_15,_21739_,32.163,32.163
cluster_15,_21740_,32.163,32.163
cluster_15,text_in_r[115]$_DFFE_PP_,32.163,32.163
cluster_15,_29382_,32.163,32.163
cluster_15,text_in_r[116]$_DFFE_PP_,32.163,32.163
cluster_15,text_in_r[118]$_DFFE_PP_,32.163,32.163
cluster_15,text_in_r[119]$_DFFE_PP_,32.163,32.163
cluster_15,_21741_,32.163,32.163
cluster_15,_21742_,32.163,32.163
cluster_15,_21743_,32.163,32.163
cluster_15,_21744_,32.163,32.163
cluster_15,_21745_,32.163,32.163
cluster_15,_21746_,32.163,32.163
cluster_15,_21747_,32.163,32.163
cluster_15,_21748_,32.163,32.163
cluster_15,_21749_,32.163,32.163
cluster_15,text_in_r[117]$_DFFE_PP_,32.163,32.163
cluster_15,_21833_,32.163,32.163
cluster_15,_21832_,32.163,32.163
cluster_15,_21831_,32.163,32.163
cluster_15,_29659_,32.163,32.163
cluster_15,_29660_,32.163,32.163
cluster_15,_29661_,32.163,32.163
cluster_15,_21804_,32.163,32.163
cluster_15,_29662_,32.163,32.163
cluster_15,_21751_,32.163,32.163
cluster_15,_21752_,32.163,32.163
cluster_15,_21753_,32.163,32.163
cluster_15,_21754_,32.163,32.163
cluster_15,_21755_,32.163,32.163
cluster_15,_21756_,32.163,32.163
cluster_15,_29658_,32.163,32.163
cluster_15,_21757_,32.163,32.163
cluster_15,_21759_,32.163,32.163
cluster_15,_21760_,32.163,32.163
cluster_15,_21761_,32.163,32.163
cluster_15,_21762_,32.163,32.163
cluster_15,_21763_,32.163,32.163
cluster_15,_21764_,32.163,32.163
cluster_15,_21765_,32.163,32.163
cluster_15,_21766_,32.163,32.163
cluster_15,_21767_,32.163,32.163
cluster_15,text_out[19]$_DFF_P_,32.163,32.163
cluster_15,_29663_,32.163,32.163
cluster_15,_21758_,32.163,32.163
cluster_15,_29665_,32.163,32.163
cluster_15,_21805_,32.163,32.163
cluster_15,_21807_,32.163,32.163
cluster_15,_21830_,32.163,32.163
cluster_15,_21829_,32.163,32.163
cluster_15,_21828_,32.163,32.163
cluster_15,_21827_,32.163,32.163
cluster_15,_21826_,32.163,32.163
cluster_15,_21825_,32.163,32.163
cluster_15,_21824_,32.163,32.163
cluster_15,_21823_,32.163,32.163
cluster_15,_21822_,32.163,32.163
cluster_15,_21821_,32.163,32.163
cluster_15,_21820_,32.163,32.163
cluster_15,_21806_,32.163,32.163
cluster_15,_21819_,32.163,32.163
cluster_15,_21817_,32.163,32.163
cluster_15,_21816_,32.163,32.163
cluster_15,_21815_,32.163,32.163
cluster_15,_29298_,32.163,32.163
cluster_15,_21814_,32.163,32.163
cluster_15,_21813_,32.163,32.163
cluster_15,_21812_,32.163,32.163
cluster_15,_21811_,32.163,32.163
cluster_15,_21810_,32.163,32.163
cluster_15,_21809_,32.163,32.163
cluster_15,_21808_,32.163,32.163
cluster_15,_21818_,32.163,32.163
cluster_15,_21276_,32.163,32.163
cluster_15,_21196_,32.163,32.163
cluster_15,_21277_,32.163,32.163
cluster_15,_21411_,32.163,32.163
cluster_15,_21412_,32.163,32.163
cluster_15,_21413_,32.163,32.163
cluster_15,_21414_,32.163,32.163
cluster_15,_21415_,32.163,32.163
cluster_15,_21416_,32.163,32.163
cluster_15,_21417_,32.163,32.163
cluster_15,_21418_,32.163,32.163
cluster_15,_21419_,32.163,32.163
cluster_15,_21420_,32.163,32.163
cluster_15,_21421_,32.163,32.163
cluster_15,_21422_,32.163,32.163
cluster_15,_21410_,32.163,32.163
cluster_15,_21423_,32.163,32.163
cluster_15,_21425_,32.163,32.163
cluster_15,_21426_,32.163,32.163
cluster_15,_21427_,32.163,32.163
cluster_15,_21428_,32.163,32.163
cluster_15,_21429_,32.163,32.163
cluster_15,_21430_,32.163,32.163
cluster_15,_21431_,32.163,32.163
cluster_15,_21432_,32.163,32.163
cluster_15,_21433_,32.163,32.163
cluster_15,_21434_,32.163,32.163
cluster_15,_21435_,32.163,32.163
cluster_15,_21436_,32.163,32.163
cluster_15,_21424_,32.163,32.163
cluster_15,_21437_,32.163,32.163
cluster_15,_21409_,32.163,32.163
cluster_15,_21407_,32.163,32.163
cluster_15,_21380_,32.163,32.163
cluster_15,_21381_,32.163,32.163
cluster_15,_21382_,32.163,32.163
cluster_15,_21383_,32.163,32.163
cluster_15,_21384_,32.163,32.163
cluster_15,_21385_,32.163,32.163
cluster_15,_21386_,32.163,32.163
cluster_15,_21387_,32.163,32.163
cluster_15,_21388_,32.163,32.163
cluster_15,_21389_,32.163,32.163
cluster_15,_21390_,32.163,32.163
cluster_15,_21391_,32.163,32.163
cluster_15,_21408_,32.163,32.163
cluster_15,_21392_,32.163,32.163
cluster_15,_21395_,32.163,32.163
cluster_15,_21396_,32.163,32.163
cluster_15,_21397_,32.163,32.163
cluster_15,_21398_,32.163,32.163
cluster_15,_21399_,32.163,32.163
cluster_15,_21400_,32.163,32.163
cluster_15,_21401_,32.163,32.163
cluster_15,_21402_,32.163,32.163
cluster_15,_21403_,32.163,32.163
cluster_15,_21404_,32.163,32.163
cluster_15,_21405_,32.163,32.163
cluster_15,_21406_,32.163,32.163
cluster_15,_21394_,32.163,32.163
cluster_15,_21379_,32.163,32.163
cluster_15,_21438_,32.163,32.163
cluster_15,_21440_,32.163,32.163
cluster_15,_21471_,32.163,32.163
cluster_15,_21472_,32.163,32.163
cluster_15,_21473_,32.163,32.163
cluster_15,_21474_,32.163,32.163
cluster_15,_21475_,32.163,32.163
cluster_15,_21476_,32.163,32.163
cluster_15,_21477_,32.163,32.163
cluster_15,_21478_,32.163,32.163
cluster_15,_21479_,32.163,32.163
cluster_15,_21480_,32.163,32.163
cluster_15,_21481_,32.163,32.163
cluster_15,_21482_,32.163,32.163
cluster_15,_21470_,32.163,32.163
cluster_15,_21483_,32.163,32.163
cluster_15,_21485_,32.163,32.163
cluster_15,_21486_,32.163,32.163
cluster_15,_21487_,32.163,32.163
cluster_15,_21488_,32.163,32.163
cluster_15,_21489_,32.163,32.163
cluster_15,_21490_,32.163,32.163
cluster_15,_21491_,32.163,32.163
cluster_15,_21492_,32.163,32.163
cluster_15,_21493_,32.163,32.163
cluster_15,_21494_,32.163,32.163
cluster_15,_21495_,32.163,32.163
cluster_15,_21496_,32.163,32.163
cluster_15,_21484_,32.163,32.163
cluster_15,_21439_,32.163,32.163
cluster_15,_21469_,32.163,32.163
cluster_15,_21467_,32.163,32.163
cluster_15,_21441_,32.163,32.163
cluster_15,_21442_,32.163,32.163
cluster_15,_21443_,32.163,32.163
cluster_15,_21444_,32.163,32.163
cluster_15,_21445_,32.163,32.163
cluster_15,_21446_,32.163,32.163
cluster_15,_21447_,32.163,32.163
cluster_15,_21448_,32.163,32.163
cluster_15,_21449_,32.163,32.163
cluster_15,_21450_,32.163,32.163
cluster_15,_21451_,32.163,32.163
cluster_15,_21452_,32.163,32.163
cluster_15,_21468_,32.163,32.163
cluster_15,_21453_,32.163,32.163
cluster_15,_21455_,32.163,32.163
cluster_15,_21456_,32.163,32.163
cluster_15,_21457_,32.163,32.163
cluster_15,_21458_,32.163,32.163
cluster_15,_21459_,32.163,32.163
cluster_15,_21460_,32.163,32.163
cluster_15,_21461_,32.163,32.163
cluster_15,_21462_,32.163,32.163
cluster_15,_21463_,32.163,32.163
cluster_15,_21464_,32.163,32.163
cluster_15,_21465_,32.163,32.163
cluster_15,_21466_,32.163,32.163
cluster_15,_21454_,32.163,32.163
cluster_15,_21378_,32.163,32.163
cluster_15,_21393_,32.163,32.163
cluster_15,_21337_,32.163,32.163
cluster_15,_21339_,32.163,32.163
cluster_15,_21286_,32.163,32.163
cluster_15,_21288_,32.163,32.163
cluster_15,_21289_,32.163,32.163
cluster_15,_21290_,32.163,32.163
cluster_15,_21291_,32.163,32.163
cluster_15,_21340_,32.163,32.163
cluster_15,_21292_,32.163,32.163
cluster_15,_21294_,32.163,32.163
cluster_15,_21295_,32.163,32.163
cluster_15,_21296_,32.163,32.163
cluster_15,_21297_,32.163,32.163
cluster_15,_21298_,32.163,32.163
cluster_15,_21299_,32.163,32.163
cluster_15,_21293_,32.163,32.163
cluster_15,_21285_,32.163,32.163
cluster_15,_21341_,32.163,32.163
cluster_15,_21342_,32.163,32.163
cluster_15,_21357_,32.163,32.163
cluster_15,_21356_,32.163,32.163
cluster_15,_21355_,32.163,32.163
cluster_15,_21354_,32.163,32.163
cluster_15,_21353_,32.163,32.163
cluster_15,_21352_,32.163,32.163
cluster_15,_21351_,32.163,32.163
cluster_15,_21350_,32.163,32.163
cluster_15,_21349_,32.163,32.163
cluster_15,_21348_,32.163,32.163
cluster_15,_21347_,32.163,32.163
cluster_15,_21346_,32.163,32.163
cluster_15,_21345_,32.163,32.163
cluster_15,_21344_,32.163,32.163
cluster_15,_21343_,32.163,32.163
cluster_15,_21300_,32.163,32.163
cluster_15,_21358_,32.163,32.163
cluster_15,_21301_,32.163,32.163
cluster_15,_21302_,32.163,32.163
cluster_15,_21319_,32.163,32.163
cluster_15,_21318_,32.163,32.163
cluster_15,_21317_,32.163,32.163
cluster_15,_21316_,32.163,32.163
cluster_15,_21315_,32.163,32.163
cluster_15,_21314_,32.163,32.163
cluster_15,_21304_,32.163,32.163
cluster_15,_21313_,32.163,32.163
cluster_15,_21311_,32.163,32.163
cluster_15,_21310_,32.163,32.163
cluster_15,_21309_,32.163,32.163
cluster_15,_21308_,32.163,32.163
cluster_15,_21307_,32.163,32.163
cluster_15,_21306_,32.163,32.163
cluster_15,_21312_,32.163,32.163
cluster_15,_21320_,32.163,32.163
cluster_15,_21321_,32.163,32.163
cluster_15,_21322_,32.163,32.163
cluster_15,_21336_,32.163,32.163
cluster_15,_21335_,32.163,32.163
cluster_15,_21334_,32.163,32.163
cluster_15,_21333_,32.163,32.163
cluster_15,_21332_,32.163,32.163
cluster_15,_21331_,32.163,32.163
cluster_15,_21330_,32.163,32.163
cluster_15,_21303_,32.163,32.163
cluster_15,_21329_,32.163,32.163
cluster_15,_21328_,32.163,32.163
cluster_15,_21327_,32.163,32.163
cluster_15,_21326_,32.163,32.163
cluster_15,_21325_,32.163,32.163
cluster_15,_21324_,32.163,32.163
cluster_15,_21323_,32.163,32.163
cluster_15,_21338_,32.163,32.163
cluster_15,_21305_,32.163,32.163
cluster_15,_21359_,32.163,32.163
cluster_15,_21361_,32.163,32.163
cluster_15,_21360_,32.163,32.163
cluster_15,_21278_,32.163,32.163
cluster_15,_21279_,32.163,32.163
cluster_15,_21280_,32.163,32.163
cluster_15,_21281_,32.163,32.163
cluster_15,_21282_,32.163,32.163
cluster_15,_21283_,32.163,32.163
cluster_15,_21376_,32.163,32.163
cluster_15,_21375_,32.163,32.163
cluster_15,_21374_,32.163,32.163
cluster_15,_21373_,32.163,32.163
cluster_15,_21377_,32.163,32.163
cluster_15,_21371_,32.163,32.163
cluster_15,_21370_,32.163,32.163
cluster_15,_21369_,32.163,32.163
cluster_15,_21362_,32.163,32.163
cluster_15,_21368_,32.163,32.163
cluster_15,_21367_,32.163,32.163
cluster_15,_21366_,32.163,32.163
cluster_15,_21365_,32.163,32.163
cluster_15,_21364_,32.163,32.163
cluster_15,_21372_,32.163,32.163
cluster_15,_21363_,32.163,32.163
cluster_16,_17778_,30.038,30.038
cluster_16,_17779_,30.038,30.038
cluster_16,_17780_,30.038,30.038
cluster_16,_17784_,30.038,30.038
cluster_16,_17782_,30.038,30.038
cluster_16,_17783_,30.038,30.038
cluster_16,_17785_,30.038,30.038
cluster_16,_17777_,30.038,30.038
cluster_16,_17781_,30.038,30.038
cluster_16,_17776_,30.038,30.038
cluster_16,_17766_,30.038,30.038
cluster_16,_17774_,30.038,30.038
cluster_16,_17773_,30.038,30.038
cluster_16,_17772_,30.038,30.038
cluster_16,_17771_,30.038,30.038
cluster_16,_17770_,30.038,30.038
cluster_16,_17769_,30.038,30.038
cluster_16,_17768_,30.038,30.038
cluster_16,_17767_,30.038,30.038
cluster_16,_17786_,30.038,30.038
cluster_16,_17765_,30.038,30.038
cluster_16,_17775_,30.038,30.038
cluster_16,_17787_,30.038,30.038
cluster_16,_17799_,30.038,30.038
cluster_16,_17789_,30.038,30.038
cluster_16,_17812_,30.038,30.038
cluster_16,_17811_,30.038,30.038
cluster_16,_17810_,30.038,30.038
cluster_16,_17809_,30.038,30.038
cluster_16,_17808_,30.038,30.038
cluster_16,_17807_,30.038,30.038
cluster_16,_17806_,30.038,30.038
cluster_16,_17805_,30.038,30.038
cluster_16,_17804_,30.038,30.038
cluster_16,_17803_,30.038,30.038
cluster_16,_17788_,30.038,30.038
cluster_16,_17802_,30.038,30.038
cluster_16,_17800_,30.038,30.038
cluster_16,_17798_,30.038,30.038
cluster_16,_17797_,30.038,30.038
cluster_16,_17796_,30.038,30.038
cluster_16,_17795_,30.038,30.038
cluster_16,_17794_,30.038,30.038
cluster_16,_17793_,30.038,30.038
cluster_16,_17792_,30.038,30.038
cluster_16,_17791_,30.038,30.038
cluster_16,_17790_,30.038,30.038
cluster_16,_17801_,30.038,30.038
cluster_16,_17813_,30.038,30.038
cluster_16,_17866_,30.038,30.038
cluster_16,_17815_,30.038,30.038
cluster_16,_17846_,30.038,30.038
cluster_16,_17845_,30.038,30.038
cluster_16,_17844_,30.038,30.038
cluster_16,_17843_,30.038,30.038
cluster_16,_17842_,30.038,30.038
cluster_16,_17841_,30.038,30.038
cluster_16,_17840_,30.038,30.038
cluster_16,_17839_,30.038,30.038
cluster_16,_17838_,30.038,30.038
cluster_16,_17868_,30.038,30.038
cluster_16,_17869_,30.038,30.038
cluster_16,_17870_,30.038,30.038
cluster_16,_17871_,30.038,30.038
cluster_16,_17837_,30.038,30.038
cluster_16,_17836_,30.038,30.038
cluster_16,_17847_,30.038,30.038
cluster_16,_17835_,30.038,30.038
cluster_16,_17848_,30.038,30.038
cluster_16,_17850_,30.038,30.038
cluster_16,_17865_,30.038,30.038
cluster_16,_17864_,30.038,30.038
cluster_16,_17863_,30.038,30.038
cluster_16,_17862_,30.038,30.038
cluster_16,_17861_,30.038,30.038
cluster_16,_17860_,30.038,30.038
cluster_16,_17859_,30.038,30.038
cluster_16,_17858_,30.038,30.038
cluster_16,_17857_,30.038,30.038
cluster_16,_17856_,30.038,30.038
cluster_16,_17855_,30.038,30.038
cluster_16,_17854_,30.038,30.038
cluster_16,_17853_,30.038,30.038
cluster_16,_17852_,30.038,30.038
cluster_16,_17851_,30.038,30.038
cluster_16,_17849_,30.038,30.038
cluster_16,_17834_,30.038,30.038
cluster_16,_17833_,30.038,30.038
cluster_16,_17872_,30.038,30.038
cluster_16,_17827_,30.038,30.038
cluster_16,_17826_,30.038,30.038
cluster_16,_17825_,30.038,30.038
cluster_16,_17824_,30.038,30.038
cluster_16,_17823_,30.038,30.038
cluster_16,_17822_,30.038,30.038
cluster_16,_17821_,30.038,30.038
cluster_16,_17820_,30.038,30.038
cluster_16,_17819_,30.038,30.038
cluster_16,_17818_,30.038,30.038
cluster_16,_17817_,30.038,30.038
cluster_16,_17764_,30.038,30.038
cluster_16,_17867_,30.038,30.038
cluster_16,_17888_,30.038,30.038
cluster_16,_17816_,30.038,30.038
cluster_16,_17828_,30.038,30.038
cluster_16,_17829_,30.038,30.038
cluster_16,_17830_,30.038,30.038
cluster_16,_17887_,30.038,30.038
cluster_16,_17832_,30.038,30.038
cluster_16,_17831_,30.038,30.038
cluster_16,_17873_,30.038,30.038
cluster_16,_17874_,30.038,30.038
cluster_16,_17875_,30.038,30.038
cluster_16,_17876_,30.038,30.038
cluster_16,_17877_,30.038,30.038
cluster_16,_17814_,30.038,30.038
cluster_16,_17878_,30.038,30.038
cluster_16,_17880_,30.038,30.038
cluster_16,_17881_,30.038,30.038
cluster_16,_17882_,30.038,30.038
cluster_16,_17886_,30.038,30.038
cluster_16,_17883_,30.038,30.038
cluster_16,_17884_,30.038,30.038
cluster_16,_17885_,30.038,30.038
cluster_16,_17879_,30.038,30.038
cluster_16,_17763_,30.038,30.038
cluster_16,_15785_,30.038,30.038
cluster_16,_17761_,30.038,30.038
cluster_16,_15791_,30.038,30.038
cluster_16,_15793_,30.038,30.038
cluster_16,_15794_,30.038,30.038
cluster_16,_15795_,30.038,30.038
cluster_16,_15796_,30.038,30.038
cluster_16,_15803_,30.038,30.038
cluster_16,_15804_,30.038,30.038
cluster_16,_15805_,30.038,30.038
cluster_16,_15806_,30.038,30.038
cluster_16,_15807_,30.038,30.038
cluster_16,_15808_,30.038,30.038
cluster_16,_15809_,30.038,30.038
cluster_16,_15821_,30.038,30.038
cluster_16,_15790_,30.038,30.038
cluster_16,_15822_,30.038,30.038
cluster_16,_15824_,30.038,30.038
cluster_16,_15825_,30.038,30.038
cluster_16,_15826_,30.038,30.038
cluster_16,_15827_,30.038,30.038
cluster_16,_15837_,30.038,30.038
cluster_16,_15838_,30.038,30.038
cluster_16,_15839_,30.038,30.038
cluster_16,_15840_,30.038,30.038
cluster_16,_15841_,30.038,30.038
cluster_16,_15864_,30.038,30.038
cluster_16,_15865_,30.038,30.038
cluster_16,_29605_,30.038,30.038
cluster_16,_29604_,30.038,30.038
cluster_16,_15823_,30.038,30.038
cluster_16,_29603_,30.038,30.038
cluster_16,_15789_,30.038,30.038
cluster_16,_15787_,30.038,30.038
cluster_16,input47,30.038,30.038
cluster_16,input46,30.038,30.038
cluster_16,input45,30.038,30.038
cluster_16,_15737_,30.038,30.038
cluster_16,_15749_,30.038,30.038
cluster_16,_15750_,30.038,30.038
cluster_16,_15751_,30.038,30.038
cluster_16,_15752_,30.038,30.038
cluster_16,_15753_,30.038,30.038
cluster_16,_15754_,30.038,30.038
cluster_16,_15756_,30.038,30.038
cluster_16,_15757_,30.038,30.038
cluster_16,_15758_,30.038,30.038
cluster_16,_15788_,30.038,30.038
cluster_16,_15759_,30.038,30.038
cluster_16,_15767_,30.038,30.038
cluster_16,_15768_,30.038,30.038
cluster_16,_15769_,30.038,30.038
cluster_16,_15770_,30.038,30.038
cluster_16,_15771_,30.038,30.038
cluster_16,_15773_,30.038,30.038
cluster_16,_15774_,30.038,30.038
cluster_16,_15775_,30.038,30.038
cluster_16,_15776_,30.038,30.038
cluster_16,_15783_,30.038,30.038
cluster_16,_15784_,30.038,30.038
cluster_16,_17889_,30.038,30.038
cluster_16,_15786_,30.038,30.038
cluster_16,_15766_,30.038,30.038
cluster_16,_17762_,30.038,30.038
cluster_16,_29602_,30.038,30.038
cluster_16,_29600_,30.038,30.038
cluster_16,_17732_,30.038,30.038
cluster_16,_17733_,30.038,30.038
cluster_16,_17734_,30.038,30.038
cluster_16,_17735_,30.038,30.038
cluster_16,_17736_,30.038,30.038
cluster_16,_17737_,30.038,30.038
cluster_16,_17738_,30.038,30.038
cluster_16,_17739_,30.038,30.038
cluster_16,_17740_,30.038,30.038
cluster_16,_17741_,30.038,30.038
cluster_16,_17742_,30.038,30.038
cluster_16,_17743_,30.038,30.038
cluster_16,_17744_,30.038,30.038
cluster_16,_17730_,30.038,30.038
cluster_16,_17745_,30.038,30.038
cluster_16,_17747_,30.038,30.038
cluster_16,_17748_,30.038,30.038
cluster_16,_17749_,30.038,30.038
cluster_16,_17750_,30.038,30.038
cluster_16,_17751_,30.038,30.038
cluster_16,_17752_,30.038,30.038
cluster_16,_17753_,30.038,30.038
cluster_16,_17754_,30.038,30.038
cluster_16,_17755_,30.038,30.038
cluster_16,_17757_,30.038,30.038
cluster_16,_17758_,30.038,30.038
cluster_16,_17759_,30.038,30.038
cluster_16,_17760_,30.038,30.038
cluster_16,_17746_,30.038,30.038
cluster_16,_29601_,30.038,30.038
cluster_16,_17729_,30.038,30.038
cluster_16,_17727_,30.038,30.038
cluster_16,_29599_,30.038,30.038
cluster_16,_29598_,30.038,30.038
cluster_16,_29597_,30.038,30.038
cluster_16,_29596_,30.038,30.038
cluster_16,_29595_,30.038,30.038
cluster_16,_29594_,30.038,30.038
cluster_16,_29593_,30.038,30.038
cluster_16,_29592_,30.038,30.038
cluster_16,_15399_,30.038,30.038
cluster_16,_15336_,30.038,30.038
cluster_16,_15334_,30.038,30.038
cluster_16,_15333_,30.038,30.038
cluster_16,clone18,30.038,30.038
cluster_16,_17728_,30.038,30.038
cluster_16,clone6,30.038,30.038
cluster_16,_17713_,30.038,30.038
cluster_16,_17714_,30.038,30.038
cluster_16,_17715_,30.038,30.038
cluster_16,_17716_,30.038,30.038
cluster_16,_17717_,30.038,30.038
cluster_16,_17718_,30.038,30.038
cluster_16,_17719_,30.038,30.038
cluster_16,_17720_,30.038,30.038
cluster_16,_17721_,30.038,30.038
cluster_16,_17722_,30.038,30.038
cluster_16,_17723_,30.038,30.038
cluster_16,_17725_,30.038,30.038
cluster_16,_17726_,30.038,30.038
cluster_16,_17712_,30.038,30.038
cluster_16,_17890_,30.038,30.038
cluster_16,_17927_,30.038,30.038
cluster_16,_17892_,30.038,30.038
cluster_16,_18137_,30.038,30.038
cluster_16,_18136_,30.038,30.038
cluster_16,_18135_,30.038,30.038
cluster_16,_18134_,30.038,30.038
cluster_16,_18133_,30.038,30.038
cluster_16,_18132_,30.038,30.038
cluster_16,_18131_,30.038,30.038
cluster_16,_18130_,30.038,30.038
cluster_16,_18129_,30.038,30.038
cluster_16,_18138_,30.038,30.038
cluster_16,_18128_,30.038,30.038
cluster_16,_18126_,30.038,30.038
cluster_16,_18125_,30.038,30.038
cluster_16,_18124_,30.038,30.038
cluster_16,_18123_,30.038,30.038
cluster_16,_18122_,30.038,30.038
cluster_16,_18121_,30.038,30.038
cluster_16,_18120_,30.038,30.038
cluster_16,_18119_,30.038,30.038
cluster_16,_18118_,30.038,30.038
cluster_16,_18127_,30.038,30.038
cluster_16,_18117_,30.038,30.038
cluster_16,_18139_,30.038,30.038
cluster_16,_18141_,30.038,30.038
cluster_16,_18161_,30.038,30.038
cluster_16,_18160_,30.038,30.038
cluster_16,_18159_,30.038,30.038
cluster_16,_18158_,30.038,30.038
cluster_16,_18157_,30.038,30.038
cluster_16,_18156_,30.038,30.038
cluster_16,_18155_,30.038,30.038
cluster_16,_18154_,30.038,30.038
cluster_16,_18153_,30.038,30.038
cluster_16,_18140_,30.038,30.038
cluster_16,_18152_,30.038,30.038
cluster_16,_18150_,30.038,30.038
cluster_16,_18149_,30.038,30.038
cluster_16,_18148_,30.038,30.038
cluster_16,_18147_,30.038,30.038
cluster_16,_18146_,30.038,30.038
cluster_16,_18145_,30.038,30.038
cluster_16,_18144_,30.038,30.038
cluster_16,_18143_,30.038,30.038
cluster_16,_18142_,30.038,30.038
cluster_16,_18151_,30.038,30.038
cluster_16,_18162_,30.038,30.038
cluster_16,_18116_,30.038,30.038
cluster_16,_18114_,30.038,30.038
cluster_16,_18089_,30.038,30.038
cluster_16,_18088_,30.038,30.038
cluster_16,_18087_,30.038,30.038
cluster_16,_18086_,30.038,30.038
cluster_16,_18085_,30.038,30.038
cluster_16,_18084_,30.038,30.038
cluster_16,_18083_,30.038,30.038
cluster_16,_18082_,30.038,30.038
cluster_16,_18081_,30.038,30.038
cluster_16,_18090_,30.038,30.038
cluster_16,_18080_,30.038,30.038
cluster_16,_18078_,30.038,30.038
cluster_16,_18077_,30.038,30.038
cluster_16,_18076_,30.038,30.038
cluster_16,_18075_,30.038,30.038
cluster_16,_18074_,30.038,30.038
cluster_16,_18073_,30.038,30.038
cluster_16,_18072_,30.038,30.038
cluster_16,_18071_,30.038,30.038
cluster_16,_18070_,30.038,30.038
cluster_16,_18079_,30.038,30.038
cluster_16,_18115_,30.038,30.038
cluster_16,_18091_,30.038,30.038
cluster_16,_18093_,30.038,30.038
cluster_16,_18113_,30.038,30.038
cluster_16,_18112_,30.038,30.038
cluster_16,_18111_,30.038,30.038
cluster_16,_18110_,30.038,30.038
cluster_16,_18109_,30.038,30.038
cluster_16,_18108_,30.038,30.038
cluster_16,_18107_,30.038,30.038
cluster_16,_18106_,30.038,30.038
cluster_16,_18105_,30.038,30.038
cluster_16,_18092_,30.038,30.038
cluster_16,_18104_,30.038,30.038
cluster_16,_18102_,30.038,30.038
cluster_16,_18101_,30.038,30.038
cluster_16,_18100_,30.038,30.038
cluster_16,_18099_,30.038,30.038
cluster_16,_18098_,30.038,30.038
cluster_16,_18097_,30.038,30.038
cluster_16,_18096_,30.038,30.038
cluster_16,_18095_,30.038,30.038
cluster_16,_18094_,30.038,30.038
cluster_16,_18103_,30.038,30.038
cluster_16,_17891_,30.038,30.038
cluster_16,_18163_,30.038,30.038
cluster_16,_18165_,30.038,30.038
cluster_16,_18233_,30.038,30.038
cluster_16,_18232_,30.038,30.038
cluster_16,_18231_,30.038,30.038
cluster_16,_18230_,30.038,30.038
cluster_16,_18229_,30.038,30.038
cluster_16,_18228_,30.038,30.038
cluster_16,_18227_,30.038,30.038
cluster_16,_18226_,30.038,30.038
cluster_16,_18225_,30.038,30.038
cluster_16,_18234_,30.038,30.038
cluster_16,_18224_,30.038,30.038
cluster_16,_18222_,30.038,30.038
cluster_16,_18221_,30.038,30.038
cluster_16,_18220_,30.038,30.038
cluster_16,_18219_,30.038,30.038
cluster_16,_18218_,30.038,30.038
cluster_16,_18217_,30.038,30.038
cluster_16,_18216_,30.038,30.038
cluster_16,_18215_,30.038,30.038
cluster_16,_18214_,30.038,30.038
cluster_16,_18223_,30.038,30.038
cluster_16,_18213_,30.038,30.038
cluster_16,_18235_,30.038,30.038
cluster_16,_18237_,30.038,30.038
cluster_16,clone57,30.038,30.038
cluster_16,_18256_,30.038,30.038
cluster_16,_18255_,30.038,30.038
cluster_16,_18254_,30.038,30.038
cluster_16,_18253_,30.038,30.038
cluster_16,_18252_,30.038,30.038
cluster_16,_18251_,30.038,30.038
cluster_16,_18250_,30.038,30.038
cluster_16,_18249_,30.038,30.038
cluster_16,_18236_,30.038,30.038
cluster_16,_18248_,30.038,30.038
cluster_16,_18246_,30.038,30.038
cluster_16,_18245_,30.038,30.038
cluster_16,_18244_,30.038,30.038
cluster_16,_18243_,30.038,30.038
cluster_16,_18242_,30.038,30.038
cluster_16,_18241_,30.038,30.038
cluster_16,_18240_,30.038,30.038
cluster_16,_18239_,30.038,30.038
cluster_16,_18238_,30.038,30.038
cluster_16,_18247_,30.038,30.038
cluster_16,_18164_,30.038,30.038
cluster_16,_18212_,30.038,30.038
cluster_16,_18210_,30.038,30.038
cluster_16,_18185_,30.038,30.038
cluster_16,_18184_,30.038,30.038
cluster_16,_18183_,30.038,30.038
cluster_16,_18182_,30.038,30.038
cluster_16,_18181_,30.038,30.038
cluster_16,_18180_,30.038,30.038
cluster_16,_18179_,30.038,30.038
cluster_16,_18178_,30.038,30.038
cluster_16,_18177_,30.038,30.038
cluster_16,_18186_,30.038,30.038
cluster_16,_18176_,30.038,30.038
cluster_16,_18174_,30.038,30.038
cluster_16,_18173_,30.038,30.038
cluster_16,_18172_,30.038,30.038
cluster_16,_18171_,30.038,30.038
cluster_16,_18170_,30.038,30.038
cluster_16,_18169_,30.038,30.038
cluster_16,_18168_,30.038,30.038
cluster_16,_18167_,30.038,30.038
cluster_16,_18166_,30.038,30.038
cluster_16,_18175_,30.038,30.038
cluster_16,_18211_,30.038,30.038
cluster_16,_18187_,30.038,30.038
cluster_16,_18189_,30.038,30.038
cluster_16,_18209_,30.038,30.038
cluster_16,_18208_,30.038,30.038
cluster_16,_18207_,30.038,30.038
cluster_16,_18206_,30.038,30.038
cluster_16,_18205_,30.038,30.038
cluster_16,_18204_,30.038,30.038
cluster_16,_18203_,30.038,30.038
cluster_16,_18202_,30.038,30.038
cluster_16,_18201_,30.038,30.038
cluster_16,_18188_,30.038,30.038
cluster_16,_18200_,30.038,30.038
cluster_16,_18198_,30.038,30.038
cluster_16,_18197_,30.038,30.038
cluster_16,_18196_,30.038,30.038
cluster_16,_18195_,30.038,30.038
cluster_16,_18194_,30.038,30.038
cluster_16,_18193_,30.038,30.038
cluster_16,_18192_,30.038,30.038
cluster_16,_18191_,30.038,30.038
cluster_16,_18190_,30.038,30.038
cluster_16,_18199_,30.038,30.038
cluster_16,_18069_,30.038,30.038
cluster_16,input49,30.038,30.038
cluster_16,_18032_,30.038,30.038
cluster_16,_17970_,30.038,30.038
cluster_16,_17971_,30.038,30.038
cluster_16,_17972_,30.038,30.038
cluster_16,_17973_,30.038,30.038
cluster_16,_17974_,30.038,30.038
cluster_16,_17975_,30.038,30.038
cluster_16,_17976_,30.038,30.038
cluster_16,_17977_,30.038,30.038
cluster_16,_17978_,30.038,30.038
cluster_16,_17979_,30.038,30.038
cluster_16,_17980_,30.038,30.038
cluster_16,_17981_,30.038,30.038
cluster_16,_17982_,30.038,30.038
cluster_16,_17983_,30.038,30.038
cluster_16,_17984_,30.038,30.038
cluster_16,_17985_,30.038,30.038
cluster_16,_17986_,30.038,30.038
cluster_16,_17987_,30.038,30.038
cluster_16,_17988_,30.038,30.038
cluster_16,_17989_,30.038,30.038
cluster_16,_17990_,30.038,30.038
cluster_16,_17991_,30.038,30.038
cluster_16,_17992_,30.038,30.038
cluster_16,_17993_,30.038,30.038
cluster_16,_17994_,30.038,30.038
cluster_16,_17969_,30.038,30.038
cluster_16,_17968_,30.038,30.038
cluster_16,_17967_,30.038,30.038
cluster_16,_17966_,30.038,30.038
cluster_16,_17954_,30.038,30.038
cluster_16,_17955_,30.038,30.038
cluster_16,_17956_,30.038,30.038
cluster_16,_17957_,30.038,30.038
cluster_16,_17958_,30.038,30.038
cluster_16,_17959_,30.038,30.038
cluster_16,_17960_,30.038,30.038
cluster_16,_18068_,30.038,30.038
cluster_16,_17961_,30.038,30.038
cluster_16,_17962_,30.038,30.038
cluster_16,_18067_,30.038,30.038
cluster_16,_18066_,30.038,30.038
cluster_16,_17995_,30.038,30.038
cluster_16,_18065_,30.038,30.038
cluster_16,_18063_,30.038,30.038
cluster_16,_18062_,30.038,30.038
cluster_16,_18061_,30.038,30.038
cluster_16,_18060_,30.038,30.038
cluster_16,_18059_,30.038,30.038
cluster_16,_18058_,30.038,30.038
cluster_16,_18057_,30.038,30.038
cluster_16,_18056_,30.038,30.038
cluster_16,_18055_,30.038,30.038
cluster_16,_17963_,30.038,30.038
cluster_16,_17964_,30.038,30.038
cluster_16,_17965_,30.038,30.038
cluster_16,_18064_,30.038,30.038
cluster_16,_17952_,30.038,30.038
cluster_16,_17996_,30.038,30.038
cluster_16,_17998_,30.038,30.038
cluster_16,_18035_,30.038,30.038
cluster_16,_18034_,30.038,30.038
cluster_16,_18033_,30.038,30.038
cluster_16,_18010_,30.038,30.038
cluster_16,_18031_,30.038,30.038
cluster_16,_18030_,30.038,30.038
cluster_16,_18029_,30.038,30.038
cluster_16,_18028_,30.038,30.038
cluster_16,_18027_,30.038,30.038
cluster_16,_18026_,30.038,30.038
cluster_16,_18011_,30.038,30.038
cluster_16,_18012_,30.038,30.038
cluster_16,_18013_,30.038,30.038
cluster_16,_18025_,30.038,30.038
cluster_16,_18024_,30.038,30.038
cluster_16,_18023_,30.038,30.038
cluster_16,_18022_,30.038,30.038
cluster_16,_18021_,30.038,30.038
cluster_16,_18020_,30.038,30.038
cluster_16,_18019_,30.038,30.038
cluster_16,_18014_,30.038,30.038
cluster_16,_18018_,30.038,30.038
cluster_16,_18017_,30.038,30.038
cluster_16,_18016_,30.038,30.038
cluster_16,_18015_,30.038,30.038
cluster_16,_18036_,30.038,30.038
cluster_16,_18037_,30.038,30.038
cluster_16,_18009_,30.038,30.038
cluster_16,_18038_,30.038,30.038
cluster_16,_17999_,30.038,30.038
cluster_16,_18000_,30.038,30.038
cluster_16,_18001_,30.038,30.038
cluster_16,_18002_,30.038,30.038
cluster_16,_18003_,30.038,30.038
cluster_16,_18004_,30.038,30.038
cluster_16,_18005_,30.038,30.038
cluster_16,_18006_,30.038,30.038
cluster_16,_18007_,30.038,30.038
cluster_16,_18054_,30.038,30.038
cluster_16,_18053_,30.038,30.038
cluster_16,_18052_,30.038,30.038
cluster_16,_17997_,30.038,30.038
cluster_16,_18051_,30.038,30.038
cluster_16,_18049_,30.038,30.038
cluster_16,_18008_,30.038,30.038
cluster_16,_18048_,30.038,30.038
cluster_16,_18047_,30.038,30.038
cluster_16,_18046_,30.038,30.038
cluster_16,_18045_,30.038,30.038
cluster_16,_18044_,30.038,30.038
cluster_16,_18043_,30.038,30.038
cluster_16,_18042_,30.038,30.038
cluster_16,_18041_,30.038,30.038
cluster_16,_18040_,30.038,30.038
cluster_16,_18039_,30.038,30.038
cluster_16,_18050_,30.038,30.038
cluster_16,_17951_,30.038,30.038
cluster_16,_17953_,30.038,30.038
cluster_16,_17949_,30.038,30.038
cluster_16,_17921_,30.038,30.038
cluster_16,_17920_,30.038,30.038
cluster_16,_17919_,30.038,30.038
cluster_16,_17918_,30.038,30.038
cluster_16,_17917_,30.038,30.038
cluster_16,_17916_,30.038,30.038
cluster_16,_17915_,30.038,30.038
cluster_16,_17914_,30.038,30.038
cluster_16,_17913_,30.038,30.038
cluster_16,_17911_,30.038,30.038
cluster_16,_17910_,30.038,30.038
cluster_16,_17909_,30.038,30.038
cluster_16,_17908_,30.038,30.038
cluster_16,_17907_,30.038,30.038
cluster_16,_17906_,30.038,30.038
cluster_16,_17905_,30.038,30.038
cluster_16,_17904_,30.038,30.038
cluster_16,_17903_,30.038,30.038
cluster_16,_17902_,30.038,30.038
cluster_16,_17901_,30.038,30.038
cluster_16,_17900_,30.038,30.038
cluster_16,_17899_,30.038,30.038
cluster_16,_17898_,30.038,30.038
cluster_16,_17950_,30.038,30.038
cluster_16,_17897_,30.038,30.038
cluster_16,_17896_,30.038,30.038
cluster_16,_17895_,30.038,30.038
cluster_16,_17894_,30.038,30.038
cluster_16,_17893_,30.038,30.038
cluster_16,_17922_,30.038,30.038
cluster_16,_17923_,30.038,30.038
cluster_16,_17912_,30.038,30.038
cluster_16,_17925_,30.038,30.038
cluster_16,_17948_,30.038,30.038
cluster_16,_17947_,30.038,30.038
cluster_16,_17946_,30.038,30.038
cluster_16,_17924_,30.038,30.038
cluster_16,_17944_,30.038,30.038
cluster_16,_17943_,30.038,30.038
cluster_16,_17942_,30.038,30.038
cluster_16,_17941_,30.038,30.038
cluster_16,_17940_,30.038,30.038
cluster_16,_17939_,30.038,30.038
cluster_16,_17938_,30.038,30.038
cluster_16,_17937_,30.038,30.038
cluster_16,_17936_,30.038,30.038
cluster_16,_17935_,30.038,30.038
cluster_16,_17945_,30.038,30.038
cluster_16,_17933_,30.038,30.038
cluster_16,_17934_,30.038,30.038
cluster_16,_17926_,30.038,30.038
cluster_16,input48,30.038,30.038
cluster_16,_17928_,30.038,30.038
cluster_16,_17930_,30.038,30.038
cluster_16,_17931_,30.038,30.038
cluster_16,_17929_,30.038,30.038
cluster_16,_17932_,30.038,30.038
cluster_17,_15583_,30.201,30.201
cluster_17,_15585_,30.201,30.201
cluster_17,_16772_,30.201,30.201
cluster_17,_15590_,30.201,30.201
cluster_17,_16771_,30.201,30.201
cluster_17,_15582_,30.201,30.201
cluster_17,_16773_,30.201,30.201
cluster_17,_16774_,30.201,30.201
cluster_17,_15588_,30.201,30.201
cluster_17,_15589_,30.201,30.201
cluster_17,_16770_,30.201,30.201
cluster_17,_29576_,30.201,30.201
cluster_17,_15584_,30.201,30.201
cluster_17,_15591_,30.201,30.201
cluster_17,_16769_,30.201,30.201
cluster_17,_15593_,30.201,30.201
cluster_17,_15594_,30.201,30.201
cluster_17,_16768_,30.201,30.201
cluster_17,_16767_,30.201,30.201
cluster_17,_15607_,30.201,30.201
cluster_17,_29577_,30.201,30.201
cluster_17,_15608_,30.201,30.201
cluster_17,_15609_,30.201,30.201
cluster_17,input116,30.201,30.201
cluster_17,_16766_,30.201,30.201
cluster_17,_16765_,30.201,30.201
cluster_17,_15579_,30.201,30.201
cluster_17,_16764_,30.201,30.201
cluster_17,_15592_,30.201,30.201
cluster_17,_16775_,30.201,30.201
cluster_17,_16799_,30.201,30.201
cluster_17,_16777_,30.201,30.201
cluster_17,_29575_,30.201,30.201
cluster_17,_16806_,30.201,30.201
cluster_17,_16805_,30.201,30.201
cluster_17,_16804_,30.201,30.201
cluster_17,_16803_,30.201,30.201
cluster_17,_16802_,30.201,30.201
cluster_17,_16801_,30.201,30.201
cluster_17,_16800_,30.201,30.201
cluster_17,_16798_,30.201,30.201
cluster_17,_16797_,30.201,30.201
cluster_17,_16796_,30.201,30.201
cluster_17,_16795_,30.201,30.201
cluster_17,_16794_,30.201,30.201
cluster_17,_16793_,30.201,30.201
cluster_17,_16792_,30.201,30.201
cluster_17,_16791_,30.201,30.201
cluster_17,_16790_,30.201,30.201
cluster_17,_16789_,30.201,30.201
cluster_17,_16788_,30.201,30.201
cluster_17,_16787_,30.201,30.201
cluster_17,_16786_,30.201,30.201
cluster_17,_16785_,30.201,30.201
cluster_17,_16784_,30.201,30.201
cluster_17,_16783_,30.201,30.201
cluster_17,_16782_,30.201,30.201
cluster_17,_16781_,30.201,30.201
cluster_17,_16780_,30.201,30.201
cluster_17,_16779_,30.201,30.201
cluster_17,_16778_,30.201,30.201
cluster_17,_16776_,30.201,30.201
cluster_17,_29574_,30.201,30.201
cluster_17,_16821_,30.201,30.201
cluster_17,_29572_,30.201,30.201
cluster_17,_16886_,30.201,30.201
cluster_17,_16885_,30.201,30.201
cluster_17,_16884_,30.201,30.201
cluster_17,_16883_,30.201,30.201
cluster_17,_16882_,30.201,30.201
cluster_17,_16881_,30.201,30.201
cluster_17,_16880_,30.201,30.201
cluster_17,_16879_,30.201,30.201
cluster_17,_16878_,30.201,30.201
cluster_17,_16877_,30.201,30.201
cluster_17,_16876_,30.201,30.201
cluster_17,_16875_,30.201,30.201
cluster_17,_16874_,30.201,30.201
cluster_17,_16873_,30.201,30.201
cluster_17,_16872_,30.201,30.201
cluster_17,_16871_,30.201,30.201
cluster_17,_16870_,30.201,30.201
cluster_17,_16869_,30.201,30.201
cluster_17,_16868_,30.201,30.201
cluster_17,_16887_,30.201,30.201
cluster_17,_16888_,30.201,30.201
cluster_17,_16889_,30.201,30.201
cluster_17,_16890_,30.201,30.201
cluster_17,_16909_,30.201,30.201
cluster_17,_16908_,30.201,30.201
cluster_17,_16907_,30.201,30.201
cluster_17,_16906_,30.201,30.201
cluster_17,_16905_,30.201,30.201
cluster_17,_16904_,30.201,30.201
cluster_17,_16903_,30.201,30.201
cluster_17,_16902_,30.201,30.201
cluster_17,_16901_,30.201,30.201
cluster_17,_16867_,30.201,30.201
cluster_17,_16900_,30.201,30.201
cluster_17,_16898_,30.201,30.201
cluster_17,_16897_,30.201,30.201
cluster_17,_16896_,30.201,30.201
cluster_17,_16895_,30.201,30.201
cluster_17,_16894_,30.201,30.201
cluster_17,_16893_,30.201,30.201
cluster_17,_16819_,30.201,30.201
cluster_17,_16892_,30.201,30.201
cluster_17,_16891_,30.201,30.201
cluster_17,_16899_,30.201,30.201
cluster_17,_16910_,30.201,30.201
cluster_17,_16866_,30.201,30.201
cluster_17,_16864_,30.201,30.201
cluster_17,_16839_,30.201,30.201
cluster_17,_16838_,30.201,30.201
cluster_17,_16837_,30.201,30.201
cluster_17,_16836_,30.201,30.201
cluster_17,_16835_,30.201,30.201
cluster_17,_16834_,30.201,30.201
cluster_17,_16833_,30.201,30.201
cluster_17,split32,30.201,30.201
cluster_17,_16832_,30.201,30.201
cluster_17,_16831_,30.201,30.201
cluster_17,_16830_,30.201,30.201
cluster_17,_16829_,30.201,30.201
cluster_17,_16828_,30.201,30.201
cluster_17,_16827_,30.201,30.201
cluster_17,_16826_,30.201,30.201
cluster_17,_16825_,30.201,30.201
cluster_17,_16824_,30.201,30.201
cluster_17,_16823_,30.201,30.201
cluster_17,_16822_,30.201,30.201
cluster_17,_16840_,30.201,30.201
cluster_17,_16841_,30.201,30.201
cluster_17,_16842_,30.201,30.201
cluster_17,_16843_,30.201,30.201
cluster_17,_16863_,30.201,30.201
cluster_17,_16862_,30.201,30.201
cluster_17,_16861_,30.201,30.201
cluster_17,_16860_,30.201,30.201
cluster_17,_16859_,30.201,30.201
cluster_17,_16858_,30.201,30.201
cluster_17,_16857_,30.201,30.201
cluster_17,_16856_,30.201,30.201
cluster_17,_16855_,30.201,30.201
cluster_17,_16865_,30.201,30.201
cluster_17,_16854_,30.201,30.201
cluster_17,_16852_,30.201,30.201
cluster_17,_16851_,30.201,30.201
cluster_17,_16850_,30.201,30.201
cluster_17,_16849_,30.201,30.201
cluster_17,_16848_,30.201,30.201
cluster_17,_16847_,30.201,30.201
cluster_17,_16846_,30.201,30.201
cluster_17,_16845_,30.201,30.201
cluster_17,_16844_,30.201,30.201
cluster_17,_16853_,30.201,30.201
cluster_17,_16911_,30.201,30.201
cluster_17,_16912_,30.201,30.201
cluster_17,_16913_,30.201,30.201
cluster_17,_16969_,30.201,30.201
cluster_17,_16968_,30.201,30.201
cluster_17,_16967_,30.201,30.201
cluster_17,_16966_,30.201,30.201
cluster_17,_16965_,30.201,30.201
cluster_17,_16964_,30.201,30.201
cluster_17,_16963_,30.201,30.201
cluster_17,_16962_,30.201,30.201
cluster_17,_16961_,30.201,30.201
cluster_17,_16960_,30.201,30.201
cluster_17,_16959_,30.201,30.201
cluster_17,_16958_,30.201,30.201
cluster_17,_16957_,30.201,30.201
cluster_17,_16956_,30.201,30.201
cluster_17,_16955_,30.201,30.201
cluster_17,_16954_,30.201,30.201
cluster_17,_16953_,30.201,30.201
cluster_17,clone13,30.201,30.201
cluster_17,_16952_,30.201,30.201
cluster_17,_16970_,30.201,30.201
cluster_17,_16971_,30.201,30.201
cluster_17,_16972_,30.201,30.201
cluster_17,_16973_,30.201,30.201
cluster_17,_29571_,30.201,30.201
cluster_17,_29570_,30.201,30.201
cluster_17,_29569_,30.201,30.201
cluster_17,_29568_,30.201,30.201
cluster_17,_29567_,30.201,30.201
cluster_17,_29566_,30.201,30.201
cluster_17,_29565_,30.201,30.201
cluster_17,_29564_,30.201,30.201
cluster_17,_16820_,30.201,30.201
cluster_17,_16951_,30.201,30.201
cluster_17,_15385_,30.201,30.201
cluster_17,_16982_,30.201,30.201
cluster_17,_16981_,30.201,30.201
cluster_17,_16980_,30.201,30.201
cluster_17,_16979_,30.201,30.201
cluster_17,_16978_,30.201,30.201
cluster_17,_16977_,30.201,30.201
cluster_17,_16976_,30.201,30.201
cluster_17,_16975_,30.201,30.201
cluster_17,_16974_,30.201,30.201
cluster_17,_16807_,30.201,30.201
cluster_17,_16950_,30.201,30.201
cluster_17,_16949_,30.201,30.201
cluster_17,_16948_,30.201,30.201
cluster_17,_16933_,30.201,30.201
cluster_17,_16932_,30.201,30.201
cluster_17,_16931_,30.201,30.201
cluster_17,_16930_,30.201,30.201
cluster_17,_16929_,30.201,30.201
cluster_17,_16928_,30.201,30.201
cluster_17,_16927_,30.201,30.201
cluster_17,_16926_,30.201,30.201
cluster_17,_16925_,30.201,30.201
cluster_17,_16934_,30.201,30.201
cluster_17,_16924_,30.201,30.201
cluster_17,_16922_,30.201,30.201
cluster_17,_16921_,30.201,30.201
cluster_17,_16920_,30.201,30.201
cluster_17,_16919_,30.201,30.201
cluster_17,_16918_,30.201,30.201
cluster_17,_16917_,30.201,30.201
cluster_17,_16916_,30.201,30.201
cluster_17,_16915_,30.201,30.201
cluster_17,_16914_,30.201,30.201
cluster_17,_16923_,30.201,30.201
cluster_17,_29573_,30.201,30.201
cluster_17,_16935_,30.201,30.201
cluster_17,_16937_,30.201,30.201
cluster_17,_16947_,30.201,30.201
cluster_17,_16946_,30.201,30.201
cluster_17,_16945_,30.201,30.201
cluster_17,_16944_,30.201,30.201
cluster_17,_16943_,30.201,30.201
cluster_17,_16942_,30.201,30.201
cluster_17,_16941_,30.201,30.201
cluster_17,_16940_,30.201,30.201
cluster_17,_16808_,30.201,30.201
cluster_17,_16818_,30.201,30.201
cluster_17,_16809_,30.201,30.201
cluster_17,_16811_,30.201,30.201
cluster_17,_16812_,30.201,30.201
cluster_17,_16813_,30.201,30.201
cluster_17,_16814_,30.201,30.201
cluster_17,_16815_,30.201,30.201
cluster_17,_16816_,30.201,30.201
cluster_17,_16939_,30.201,30.201
cluster_17,_16817_,30.201,30.201
cluster_17,_16938_,30.201,30.201
cluster_17,_16810_,30.201,30.201
cluster_17,_16936_,30.201,30.201
cluster_17,_16747_,30.201,30.201
cluster_17,_17063_,30.201,30.201
cluster_17,_16671_,30.201,30.201
cluster_17,_16670_,30.201,30.201
cluster_17,_16669_,30.201,30.201
cluster_17,_16668_,30.201,30.201
cluster_17,_16667_,30.201,30.201
cluster_17,_16665_,30.201,30.201
cluster_17,_16664_,30.201,30.201
cluster_17,_16663_,30.201,30.201
cluster_17,_16662_,30.201,30.201
cluster_17,_16661_,30.201,30.201
cluster_17,_16672_,30.201,30.201
cluster_17,_16660_,30.201,30.201
cluster_17,_16658_,30.201,30.201
cluster_17,_16657_,30.201,30.201
cluster_17,_16656_,30.201,30.201
cluster_17,_16655_,30.201,30.201
cluster_17,_16654_,30.201,30.201
cluster_17,_16653_,30.201,30.201
cluster_17,_16652_,30.201,30.201
cluster_17,_16651_,30.201,30.201
cluster_17,_16650_,30.201,30.201
cluster_17,_16649_,30.201,30.201
cluster_17,_16659_,30.201,30.201
cluster_17,_16673_,30.201,30.201
cluster_17,_16674_,30.201,30.201
cluster_17,_16675_,30.201,30.201
cluster_17,_16697_,30.201,30.201
cluster_17,_16696_,30.201,30.201
cluster_17,_16695_,30.201,30.201
cluster_17,_16693_,30.201,30.201
cluster_17,_16692_,30.201,30.201
cluster_17,_16691_,30.201,30.201
cluster_17,_16690_,30.201,30.201
cluster_17,_17025_,30.201,30.201
cluster_17,_16689_,30.201,30.201
cluster_17,_16688_,30.201,30.201
cluster_17,_16687_,30.201,30.201
cluster_17,_16686_,30.201,30.201
cluster_17,_16685_,30.201,30.201
cluster_17,_17026_,30.201,30.201
cluster_17,_17027_,30.201,30.201
cluster_17,_16684_,30.201,30.201
cluster_17,_16683_,30.201,30.201
cluster_17,_16682_,30.201,30.201
cluster_17,_16681_,30.201,30.201
cluster_17,_16680_,30.201,30.201
cluster_17,_16679_,30.201,30.201
cluster_17,_16677_,30.201,30.201
cluster_17,_16676_,30.201,30.201
cluster_17,_16648_,30.201,30.201
cluster_17,_16647_,30.201,30.201
cluster_17,_16646_,30.201,30.201
cluster_17,_16645_,30.201,30.201
cluster_17,_17039_,30.201,30.201
cluster_17,_17040_,30.201,30.201
cluster_17,_17041_,30.201,30.201
cluster_17,_17042_,30.201,30.201
cluster_17,_17043_,30.201,30.201
cluster_17,_17044_,30.201,30.201
cluster_17,_17045_,30.201,30.201
cluster_17,_17046_,30.201,30.201
cluster_17,_17047_,30.201,30.201
cluster_17,_17048_,30.201,30.201
cluster_17,_17049_,30.201,30.201
cluster_17,_17050_,30.201,30.201
cluster_17,_17051_,30.201,30.201
cluster_17,_17052_,30.201,30.201
cluster_17,_17053_,30.201,30.201
cluster_17,_17054_,30.201,30.201
cluster_17,_17055_,30.201,30.201
cluster_17,_17056_,30.201,30.201
cluster_17,_17057_,30.201,30.201
cluster_17,_17058_,30.201,30.201
cluster_17,_17059_,30.201,30.201
cluster_17,_17060_,30.201,30.201
cluster_17,_17061_,30.201,30.201
cluster_17,_16984_,30.201,30.201
cluster_17,_16698_,30.201,30.201
cluster_17,_17038_,30.201,30.201
cluster_17,_17036_,30.201,30.201
cluster_17,_16644_,30.201,30.201
cluster_17,_16643_,30.201,30.201
cluster_17,_16642_,30.201,30.201
cluster_17,_16641_,30.201,30.201
cluster_17,_16640_,30.201,30.201
cluster_17,_16639_,30.201,30.201
cluster_17,_16638_,30.201,30.201
cluster_17,_16637_,30.201,30.201
cluster_17,_16636_,30.201,30.201
cluster_17,_16635_,30.201,30.201
cluster_17,_16634_,30.201,30.201
cluster_17,_16633_,30.201,30.201
cluster_17,_16632_,30.201,30.201
cluster_17,_16631_,30.201,30.201
cluster_17,clone14,30.201,30.201
cluster_17,_17028_,30.201,30.201
cluster_17,_17029_,30.201,30.201
cluster_17,_17030_,30.201,30.201
cluster_17,_17031_,30.201,30.201
cluster_17,_17032_,30.201,30.201
cluster_17,_17033_,30.201,30.201
cluster_17,_17034_,30.201,30.201
cluster_17,_17035_,30.201,30.201
cluster_17,_17037_,30.201,30.201
cluster_17,_16699_,30.201,30.201
cluster_17,_16700_,30.201,30.201
cluster_17,_16701_,30.201,30.201
cluster_17,clone15,30.201,30.201
cluster_17,clone12,30.201,30.201
cluster_17,clone4,30.201,30.201
cluster_17,_17014_,30.201,30.201
cluster_17,_17015_,30.201,30.201
cluster_17,_17016_,30.201,30.201
cluster_17,_17017_,30.201,30.201
cluster_17,_16750_,30.201,30.201
cluster_17,_17018_,30.201,30.201
cluster_17,_17019_,30.201,30.201
cluster_17,_17020_,30.201,30.201
cluster_17,_17021_,30.201,30.201
cluster_17,_17022_,30.201,30.201
cluster_17,_17023_,30.201,30.201
cluster_17,_17024_,30.201,30.201
cluster_17,_16761_,30.201,30.201
cluster_17,_16749_,30.201,30.201
cluster_17,_16748_,30.201,30.201
cluster_17,_16746_,30.201,30.201
cluster_17,clone3,30.201,30.201
cluster_17,_16745_,30.201,30.201
cluster_17,_16744_,30.201,30.201
cluster_17,_16743_,30.201,30.201
cluster_17,clone5,30.201,30.201
cluster_17,_16742_,30.201,30.201
cluster_17,_16751_,30.201,30.201
cluster_17,_16753_,30.201,30.201
cluster_17,_16763_,30.201,30.201
cluster_17,_16760_,30.201,30.201
cluster_17,_17012_,30.201,30.201
cluster_17,_17011_,30.201,30.201
cluster_17,_17010_,30.201,30.201
cluster_17,_17009_,30.201,30.201
cluster_17,_17008_,30.201,30.201
cluster_17,_17007_,30.201,30.201
cluster_17,_17006_,30.201,30.201
cluster_17,_17005_,30.201,30.201
cluster_17,_17004_,30.201,30.201
cluster_17,_17003_,30.201,30.201
cluster_17,_17002_,30.201,30.201
cluster_17,_17001_,30.201,30.201
cluster_17,_17000_,30.201,30.201
cluster_17,_16999_,30.201,30.201
cluster_17,_17013_,30.201,30.201
cluster_17,_16759_,30.201,30.201
cluster_17,_16758_,30.201,30.201
cluster_17,_16757_,30.201,30.201
cluster_17,_16756_,30.201,30.201
cluster_17,_16755_,30.201,30.201
cluster_17,_16754_,30.201,30.201
cluster_17,_16752_,30.201,30.201
cluster_17,_17062_,30.201,30.201
cluster_17,_16741_,30.201,30.201
cluster_17,_16739_,30.201,30.201
cluster_17,_16998_,30.201,30.201
cluster_17,_16997_,30.201,30.201
cluster_17,_16996_,30.201,30.201
cluster_17,_16995_,30.201,30.201
cluster_17,_16994_,30.201,30.201
cluster_17,_16993_,30.201,30.201
cluster_17,_16992_,30.201,30.201
cluster_17,_16991_,30.201,30.201
cluster_17,_16990_,30.201,30.201
cluster_17,_16989_,30.201,30.201
cluster_17,_16988_,30.201,30.201
cluster_17,_16987_,30.201,30.201
cluster_17,_16986_,30.201,30.201
cluster_17,_16985_,30.201,30.201
cluster_17,_16710_,30.201,30.201
cluster_17,_16709_,30.201,30.201
cluster_17,_16708_,30.201,30.201
cluster_17,_16707_,30.201,30.201
cluster_17,_16706_,30.201,30.201
cluster_17,_16705_,30.201,30.201
cluster_17,_16704_,30.201,30.201
cluster_17,_16703_,30.201,30.201
cluster_17,_16702_,30.201,30.201
cluster_17,_16711_,30.201,30.201
cluster_17,_16740_,30.201,30.201
cluster_17,_16712_,30.201,30.201
cluster_17,_16714_,30.201,30.201
cluster_17,_16738_,30.201,30.201
cluster_17,_16737_,30.201,30.201
cluster_17,_16736_,30.201,30.201
cluster_17,_16735_,30.201,30.201
cluster_17,_16734_,30.201,30.201
cluster_17,_16733_,30.201,30.201
cluster_17,_16732_,30.201,30.201
cluster_17,_16731_,30.201,30.201
cluster_17,_16730_,30.201,30.201
cluster_17,_16728_,30.201,30.201
cluster_17,_16727_,30.201,30.201
cluster_17,_16726_,30.201,30.201
cluster_17,_16725_,30.201,30.201
cluster_17,_16724_,30.201,30.201
cluster_17,_16723_,30.201,30.201
cluster_17,_16722_,30.201,30.201
cluster_17,_16721_,30.201,30.201
cluster_17,_16720_,30.201,30.201
cluster_17,_16719_,30.201,30.201
cluster_17,_16718_,30.201,30.201
cluster_17,_16717_,30.201,30.201
cluster_17,_16716_,30.201,30.201
cluster_17,_16715_,30.201,30.201
cluster_17,_16713_,30.201,30.201
cluster_17,_17064_,30.201,30.201
cluster_17,_16762_,30.201,30.201
cluster_17,_17151_,30.201,30.201
cluster_17,_15655_,30.201,30.201
cluster_17,_17146_,30.201,30.201
cluster_17,_15656_,30.201,30.201
cluster_17,_15657_,30.201,30.201
cluster_17,_15658_,30.201,30.201
cluster_17,_15659_,30.201,30.201
cluster_17,_17147_,30.201,30.201
cluster_17,_17148_,30.201,30.201
cluster_17,_17149_,30.201,30.201
cluster_17,_17150_,30.201,30.201
cluster_17,_17065_,30.201,30.201
cluster_17,_17152_,30.201,30.201
cluster_17,_17153_,30.201,30.201
cluster_17,_17154_,30.201,30.201
cluster_17,_17155_,30.201,30.201
cluster_17,_17145_,30.201,30.201
cluster_17,_17156_,30.201,30.201
cluster_17,_17144_,30.201,30.201
cluster_17,_17142_,30.201,30.201
cluster_17,_17126_,30.201,30.201
cluster_17,_17127_,30.201,30.201
cluster_17,_17128_,30.201,30.201
cluster_17,_17129_,30.201,30.201
cluster_17,_17130_,30.201,30.201
cluster_17,_17132_,30.201,30.201
cluster_17,_17133_,30.201,30.201
cluster_17,_17134_,30.201,30.201
cluster_17,_17135_,30.201,30.201
cluster_17,_17136_,30.201,30.201
cluster_17,_17137_,30.201,30.201
cluster_17,_17138_,30.201,30.201
cluster_17,_17139_,30.201,30.201
cluster_17,_17140_,30.201,30.201
cluster_17,_17141_,30.201,30.201
cluster_17,_17143_,30.201,30.201
cluster_17,_17157_,30.201,30.201
cluster_17,_17158_,30.201,30.201
cluster_17,_17159_,30.201,30.201
cluster_17,u0.u1.d[3]$_DFF_P_,30.201,30.201
cluster_17,_15711_,30.201,30.201
cluster_17,_15710_,30.201,30.201
cluster_17,_15709_,30.201,30.201
cluster_17,_15708_,30.201,30.201
cluster_17,_15699_,30.201,30.201
cluster_17,_15698_,30.201,30.201
cluster_17,_15675_,30.201,30.201
cluster_17,_15689_,30.201,30.201
cluster_17,_15688_,30.201,30.201
cluster_17,_15687_,30.201,30.201
cluster_17,_15686_,30.201,30.201
cluster_17,_15676_,30.201,30.201
cluster_17,input23,30.201,30.201
cluster_17,_15685_,30.201,30.201
cluster_17,u0.u1.d[1]$_DFF_P_,30.201,30.201
cluster_17,u0.u1.d[0]$_DFF_P_,30.201,30.201
cluster_17,_15918_,30.201,30.201
cluster_17,_15921_,30.201,30.201
cluster_17,_15660_,30.201,30.201
cluster_17,input35,30.201,30.201
cluster_17,input34,30.201,30.201
cluster_17,input33,30.201,30.201
cluster_17,input32,30.201,30.201
cluster_17,_15671_,30.201,30.201
cluster_17,_15672_,30.201,30.201
cluster_17,_17125_,30.201,30.201
cluster_17,_15673_,30.201,30.201
cluster_17,_17161_,30.201,30.201
cluster_17,_17162_,30.201,30.201
cluster_17,_15674_,30.201,30.201
cluster_17,_17163_,30.201,30.201
cluster_17,_17164_,30.201,30.201
cluster_17,_17165_,30.201,30.201
cluster_17,_15927_,30.201,30.201
cluster_17,_17160_,30.201,30.201
cluster_17,_15654_,30.201,30.201
cluster_17,_17131_,30.201,30.201
cluster_17,_15652_,30.201,30.201
cluster_17,_17086_,30.201,30.201
cluster_17,_17087_,30.201,30.201
cluster_17,_17088_,30.201,30.201
cluster_17,_17089_,30.201,30.201
cluster_17,_17090_,30.201,30.201
cluster_17,_17091_,30.201,30.201
cluster_17,_17092_,30.201,30.201
cluster_17,_17093_,30.201,30.201
cluster_17,_17094_,30.201,30.201
cluster_17,_15637_,30.201,30.201
cluster_17,_17095_,30.201,30.201
cluster_17,_15653_,30.201,30.201
cluster_17,_17096_,30.201,30.201
cluster_17,_17097_,30.201,30.201
cluster_17,_17069_,30.201,30.201
cluster_17,_17085_,30.201,30.201
cluster_17,_17099_,30.201,30.201
cluster_17,_17084_,30.201,30.201
cluster_17,_17082_,30.201,30.201
cluster_17,_17070_,30.201,30.201
cluster_17,_15636_,30.201,30.201
cluster_17,_17071_,30.201,30.201
cluster_17,_17072_,30.201,30.201
cluster_17,_17067_,30.201,30.201
cluster_17,_17073_,30.201,30.201
cluster_17,_17074_,30.201,30.201
cluster_17,_17075_,30.201,30.201
cluster_17,_17076_,30.201,30.201
cluster_17,_17077_,30.201,30.201
cluster_17,_17078_,30.201,30.201
cluster_17,_16983_,30.201,30.201
cluster_17,_17079_,30.201,30.201
cluster_17,_17080_,30.201,30.201
cluster_17,_17081_,30.201,30.201
cluster_17,_17083_,30.201,30.201
cluster_17,_17100_,30.201,30.201
cluster_17,_17098_,30.201,30.201
cluster_17,_17102_,30.201,30.201
cluster_17,_17120_,30.201,30.201
cluster_17,_17121_,30.201,30.201
cluster_17,_17122_,30.201,30.201
cluster_17,_17123_,30.201,30.201
cluster_17,_17124_,30.201,30.201
cluster_17,_15638_,30.201,30.201
cluster_17,_15639_,30.201,30.201
cluster_17,_17101_,30.201,30.201
cluster_17,_15640_,30.201,30.201
cluster_17,_15642_,30.201,30.201
cluster_17,_17066_,30.201,30.201
cluster_17,_15645_,30.201,30.201
cluster_17,_15646_,30.201,30.201
cluster_17,_15647_,30.201,30.201
cluster_17,_15648_,30.201,30.201
cluster_17,_15651_,30.201,30.201
cluster_17,_15641_,30.201,30.201
cluster_17,_17118_,30.201,30.201
cluster_17,_17119_,30.201,30.201
cluster_17,_17116_,30.201,30.201
cluster_17,_17103_,30.201,30.201
cluster_17,_17104_,30.201,30.201
cluster_17,_17105_,30.201,30.201
cluster_17,_17106_,30.201,30.201
cluster_17,_17107_,30.201,30.201
cluster_17,_17108_,30.201,30.201
cluster_17,_17117_,30.201,30.201
cluster_17,_17110_,30.201,30.201
cluster_17,_17109_,30.201,30.201
cluster_17,_17111_,30.201,30.201
cluster_17,_17112_,30.201,30.201
cluster_17,_17113_,30.201,30.201
cluster_17,_17114_,30.201,30.201
cluster_17,_17115_,30.201,30.201
cluster_17,_17068_,30.201,30.201
cluster_18,_15539_,30.113,30.113
cluster_18,_15540_,30.113,30.113
cluster_18,_15528_,30.113,30.113
cluster_18,_15538_,30.113,30.113
cluster_18,_15537_,30.113,30.113
cluster_18,_15541_,30.113,30.113
cluster_18,_15576_,30.113,30.113
cluster_18,_15554_,30.113,30.113
cluster_18,_15555_,30.113,30.113
cluster_18,_15567_,30.113,30.113
cluster_18,_15577_,30.113,30.113
cluster_18,_15578_,30.113,30.113
cluster_18,input40,30.113,30.113
cluster_18,_15527_,30.113,30.113
cluster_18,_15553_,30.113,30.113
cluster_18,_15526_,30.113,30.113
cluster_18,input61,30.113,30.113
cluster_18,_15524_,30.113,30.113
cluster_18,_15459_,30.113,30.113
cluster_18,clone28,30.113,30.113
cluster_18,_15458_,30.113,30.113
cluster_18,_15457_,30.113,30.113
cluster_18,_15446_,30.113,30.113
cluster_18,_29591_,30.113,30.113
cluster_18,_29590_,30.113,30.113
cluster_18,_29589_,30.113,30.113
cluster_18,_29588_,30.113,30.113
cluster_18,_29587_,30.113,30.113
cluster_18,_29586_,30.113,30.113
cluster_18,_29585_,30.113,30.113
cluster_18,_29584_,30.113,30.113
cluster_18,_29583_,30.113,30.113
cluster_18,_29582_,30.113,30.113
cluster_18,_29581_,30.113,30.113
cluster_18,_29580_,30.113,30.113
cluster_18,_29579_,30.113,30.113
cluster_18,_29578_,30.113,30.113
cluster_18,_29393_,30.113,30.113
cluster_18,clone98,30.113,30.113
cluster_18,_15460_,30.113,30.113
cluster_18,_15525_,30.113,30.113
cluster_18,_15461_,30.113,30.113
cluster_18,_15465_,30.113,30.113
cluster_18,_15523_,30.113,30.113
cluster_18,_15510_,30.113,30.113
cluster_18,_15509_,30.113,30.113
cluster_18,_15508_,30.113,30.113
cluster_18,_15507_,30.113,30.113
cluster_18,_15506_,30.113,30.113
cluster_18,_15505_,30.113,30.113
cluster_18,_15504_,30.113,30.113
cluster_18,clone39,30.113,30.113
cluster_18,input1,30.113,30.113
cluster_18,u0.u2.d[3]$_DFF_P_,30.113,30.113
cluster_18,_15902_,30.113,30.113
cluster_18,_15476_,30.113,30.113
cluster_18,_15475_,30.113,30.113
cluster_18,_15474_,30.113,30.113
cluster_18,_15473_,30.113,30.113
cluster_18,_15472_,30.113,30.113
cluster_18,_15471_,30.113,30.113
cluster_18,_15468_,30.113,30.113
cluster_18,_15467_,30.113,30.113
cluster_18,_15466_,30.113,30.113
cluster_18,_15462_,30.113,30.113
cluster_18,input72,30.113,30.113
cluster_18,_17565_,30.113,30.113
cluster_18,_17171_,30.113,30.113
cluster_18,_17515_,30.113,30.113
cluster_18,_17514_,30.113,30.113
cluster_18,_17513_,30.113,30.113
cluster_18,_17512_,30.113,30.113
cluster_18,_17511_,30.113,30.113
cluster_18,_17510_,30.113,30.113
cluster_18,_17226_,30.113,30.113
cluster_18,_17227_,30.113,30.113
cluster_18,_17228_,30.113,30.113
cluster_18,_17229_,30.113,30.113
cluster_18,_17516_,30.113,30.113
cluster_18,_17230_,30.113,30.113
cluster_18,_17232_,30.113,30.113
cluster_18,_17509_,30.113,30.113
cluster_18,_17508_,30.113,30.113
cluster_18,_17507_,30.113,30.113
cluster_18,_17506_,30.113,30.113
cluster_18,_17505_,30.113,30.113
cluster_18,_17233_,30.113,30.113
cluster_18,_17234_,30.113,30.113
cluster_18,_17235_,30.113,30.113
cluster_18,_17236_,30.113,30.113
cluster_18,_17231_,30.113,30.113
cluster_18,_17517_,30.113,30.113
cluster_18,_17518_,30.113,30.113
cluster_18,_17519_,30.113,30.113
cluster_18,_17526_,30.113,30.113
cluster_18,_17525_,30.113,30.113
cluster_18,_17524_,30.113,30.113
cluster_18,_17523_,30.113,30.113
cluster_18,_17522_,30.113,30.113
cluster_18,_17521_,30.113,30.113
cluster_18,_17210_,30.113,30.113
cluster_18,_17211_,30.113,30.113
cluster_18,_17212_,30.113,30.113
cluster_18,_17213_,30.113,30.113
cluster_18,clone27,30.113,30.113
cluster_18,_17215_,30.113,30.113
cluster_18,_17216_,30.113,30.113
cluster_18,_17217_,30.113,30.113
cluster_18,_17218_,30.113,30.113
cluster_18,_17520_,30.113,30.113
cluster_18,_17219_,30.113,30.113
cluster_18,split99,30.113,30.113
cluster_18,_17221_,30.113,30.113
cluster_18,_17222_,30.113,30.113
cluster_18,_17223_,30.113,30.113
cluster_18,_17224_,30.113,30.113
cluster_18,_17225_,30.113,30.113
cluster_18,_17504_,30.113,30.113
cluster_18,_17527_,30.113,30.113
cluster_18,_17237_,30.113,30.113
cluster_18,_17239_,30.113,30.113
cluster_18,_17258_,30.113,30.113
cluster_18,_17259_,30.113,30.113
cluster_18,_17494_,30.113,30.113
cluster_18,_17260_,30.113,30.113
cluster_18,_17261_,30.113,30.113
cluster_18,_17262_,30.113,30.113
cluster_18,_17263_,30.113,30.113
cluster_18,_17264_,30.113,30.113
cluster_18,_17265_,30.113,30.113
cluster_18,_17493_,30.113,30.113
cluster_18,_17257_,30.113,30.113
cluster_18,_17492_,30.113,30.113
cluster_18,_17490_,30.113,30.113
cluster_18,_17489_,30.113,30.113
cluster_18,_17488_,30.113,30.113
cluster_18,_17487_,30.113,30.113
cluster_18,_17486_,30.113,30.113
cluster_18,_17485_,30.113,30.113
cluster_18,_17266_,30.113,30.113
cluster_18,_17267_,30.113,30.113
cluster_18,_17268_,30.113,30.113
cluster_18,_17269_,30.113,30.113
cluster_18,_17491_,30.113,30.113
cluster_18,_17256_,30.113,30.113
cluster_18,_17495_,30.113,30.113
cluster_18,_17496_,30.113,30.113
cluster_18,_17240_,30.113,30.113
cluster_18,_17241_,30.113,30.113
cluster_18,_17242_,30.113,30.113
cluster_18,_17243_,30.113,30.113
cluster_18,_17244_,30.113,30.113
cluster_18,_17245_,30.113,30.113
cluster_18,_17503_,30.113,30.113
cluster_18,_17502_,30.113,30.113
cluster_18,_17501_,30.113,30.113
cluster_18,_17500_,30.113,30.113
cluster_18,_17246_,30.113,30.113
cluster_18,_17247_,30.113,30.113
cluster_18,_17248_,30.113,30.113
cluster_18,_17249_,30.113,30.113
cluster_18,_17499_,30.113,30.113
cluster_18,_17250_,30.113,30.113
cluster_18,_17251_,30.113,30.113
cluster_18,_17252_,30.113,30.113
cluster_18,_17253_,30.113,30.113
cluster_18,_17254_,30.113,30.113
cluster_18,_17255_,30.113,30.113
cluster_18,_17498_,30.113,30.113
cluster_18,_17497_,30.113,30.113
cluster_18,_17238_,30.113,30.113
cluster_18,_17270_,30.113,30.113
cluster_18,_17528_,30.113,30.113
cluster_18,_17529_,30.113,30.113
cluster_18,_17560_,30.113,30.113
cluster_18,_17559_,30.113,30.113
cluster_18,_17558_,30.113,30.113
cluster_18,_17571_,30.113,30.113
cluster_18,_17570_,30.113,30.113
cluster_18,_17569_,30.113,30.113
cluster_18,_17568_,30.113,30.113
cluster_18,_17567_,30.113,30.113
cluster_18,_17166_,30.113,30.113
cluster_18,_17167_,30.113,30.113
cluster_18,_17561_,30.113,30.113
cluster_18,_17168_,30.113,30.113
cluster_18,_17170_,30.113,30.113
cluster_18,_17566_,30.113,30.113
cluster_18,_17172_,30.113,30.113
cluster_18,_17173_,30.113,30.113
cluster_18,_17174_,30.113,30.113
cluster_18,_17175_,30.113,30.113
cluster_18,_17176_,30.113,30.113
cluster_18,_17177_,30.113,30.113
cluster_18,_17178_,30.113,30.113
cluster_18,_17179_,30.113,30.113
cluster_18,_17169_,30.113,30.113
cluster_18,_17562_,30.113,30.113
cluster_18,_17563_,30.113,30.113
cluster_18,_17572_,30.113,30.113
cluster_18,_17594_,30.113,30.113
cluster_18,_17593_,30.113,30.113
cluster_18,_17592_,30.113,30.113
cluster_18,_17591_,30.113,30.113
cluster_18,_17590_,30.113,30.113
cluster_18,_17589_,30.113,30.113
cluster_18,_17588_,30.113,30.113
cluster_18,_17587_,30.113,30.113
cluster_18,_17586_,30.113,30.113
cluster_18,_17585_,30.113,30.113
cluster_18,_17584_,30.113,30.113
cluster_18,_17583_,30.113,30.113
cluster_18,_17582_,30.113,30.113
cluster_18,_17564_,30.113,30.113
cluster_18,_17581_,30.113,30.113
cluster_18,_17580_,30.113,30.113
cluster_18,_17579_,30.113,30.113
cluster_18,_17578_,30.113,30.113
cluster_18,_17577_,30.113,30.113
cluster_18,_17576_,30.113,30.113
cluster_18,_17575_,30.113,30.113
cluster_18,_17574_,30.113,30.113
cluster_18,_17573_,30.113,30.113
cluster_18,_17180_,30.113,30.113
cluster_18,_17209_,30.113,30.113
cluster_18,_17181_,30.113,30.113
cluster_18,_17183_,30.113,30.113
cluster_18,_17199_,30.113,30.113
cluster_18,_17542_,30.113,30.113
cluster_18,_17541_,30.113,30.113
cluster_18,_17540_,30.113,30.113
cluster_18,_17539_,30.113,30.113
cluster_18,_17538_,30.113,30.113
cluster_18,_17537_,30.113,30.113
cluster_18,_17536_,30.113,30.113
cluster_18,_17200_,30.113,30.113
cluster_18,_17202_,30.113,30.113
cluster_18,_17198_,30.113,30.113
cluster_18,_17203_,30.113,30.113
cluster_18,_17205_,30.113,30.113
cluster_18,_17535_,30.113,30.113
cluster_18,_17206_,30.113,30.113
cluster_18,_17534_,30.113,30.113
cluster_18,_17533_,30.113,30.113
cluster_18,_17532_,30.113,30.113
cluster_18,_17207_,30.113,30.113
cluster_18,_17208_,30.113,30.113
cluster_18,_17531_,30.113,30.113
cluster_18,_17530_,30.113,30.113
cluster_18,_17204_,30.113,30.113
cluster_18,_17197_,30.113,30.113
cluster_18,_17196_,30.113,30.113
cluster_18,_17543_,30.113,30.113
cluster_18,_17184_,30.113,30.113
cluster_18,_17185_,30.113,30.113
cluster_18,_17189_,30.113,30.113
cluster_18,_17190_,30.113,30.113
cluster_18,_17191_,30.113,30.113
cluster_18,_17192_,30.113,30.113
cluster_18,_17193_,30.113,30.113
cluster_18,_17194_,30.113,30.113
cluster_18,_17195_,30.113,30.113
cluster_18,_17557_,30.113,30.113
cluster_18,_17556_,30.113,30.113
cluster_18,_17555_,30.113,30.113
cluster_18,_17554_,30.113,30.113
cluster_18,_17553_,30.113,30.113
cluster_18,_17552_,30.113,30.113
cluster_18,_17551_,30.113,30.113
cluster_18,_17550_,30.113,30.113
cluster_18,_17549_,30.113,30.113
cluster_18,_17548_,30.113,30.113
cluster_18,_17547_,30.113,30.113
cluster_18,_17546_,30.113,30.113
cluster_18,_17545_,30.113,30.113
cluster_18,_17544_,30.113,30.113
cluster_18,_17182_,30.113,30.113
cluster_18,_17271_,30.113,30.113
cluster_18,_17272_,30.113,30.113
cluster_18,_17273_,30.113,30.113
cluster_18,_17381_,30.113,30.113
cluster_18,_17382_,30.113,30.113
cluster_18,_17383_,30.113,30.113
cluster_18,_17384_,30.113,30.113
cluster_18,_17385_,30.113,30.113
cluster_18,_17386_,30.113,30.113
cluster_18,_17387_,30.113,30.113
cluster_18,_17388_,30.113,30.113
cluster_18,_17389_,30.113,30.113
cluster_18,_17390_,30.113,30.113
cluster_18,_17380_,30.113,30.113
cluster_18,_17391_,30.113,30.113
cluster_18,_17393_,30.113,30.113
cluster_18,_17394_,30.113,30.113
cluster_18,_17395_,30.113,30.113
cluster_18,_17396_,30.113,30.113
cluster_18,_17397_,30.113,30.113
cluster_18,_17457_,30.113,30.113
cluster_18,_17398_,30.113,30.113
cluster_18,_17399_,30.113,30.113
cluster_18,_17400_,30.113,30.113
cluster_18,_17401_,30.113,30.113
cluster_18,_17392_,30.113,30.113
cluster_18,_17379_,30.113,30.113
cluster_18,_17378_,30.113,30.113
cluster_18,_17377_,30.113,30.113
cluster_18,_17356_,30.113,30.113
cluster_18,_17357_,30.113,30.113
cluster_18,_17358_,30.113,30.113
cluster_18,_17359_,30.113,30.113
cluster_18,_17459_,30.113,30.113
cluster_18,_17360_,30.113,30.113
cluster_18,_17361_,30.113,30.113
cluster_18,_17362_,30.113,30.113
cluster_18,_17363_,30.113,30.113
cluster_18,_17364_,30.113,30.113
cluster_18,_17365_,30.113,30.113
cluster_18,_17366_,30.113,30.113
cluster_18,_17367_,30.113,30.113
cluster_18,_17368_,30.113,30.113
cluster_18,_17369_,30.113,30.113
cluster_18,_17370_,30.113,30.113
cluster_18,_17371_,30.113,30.113
cluster_18,_17372_,30.113,30.113
cluster_18,_17373_,30.113,30.113
cluster_18,_17458_,30.113,30.113
cluster_18,_17374_,30.113,30.113
cluster_18,_17375_,30.113,30.113
cluster_18,_17376_,30.113,30.113
cluster_18,_17402_,30.113,30.113
cluster_18,_17355_,30.113,30.113
cluster_18,_17403_,30.113,30.113
cluster_18,_17405_,30.113,30.113
cluster_18,_17420_,30.113,30.113
cluster_18,_17421_,30.113,30.113
cluster_18,_17422_,30.113,30.113
cluster_18,_17423_,30.113,30.113
cluster_18,_17424_,30.113,30.113
cluster_18,_17425_,30.113,30.113
cluster_18,_17426_,30.113,30.113
cluster_18,_17427_,30.113,30.113
cluster_18,_17428_,30.113,30.113
cluster_18,_17429_,30.113,30.113
cluster_18,_17419_,30.113,30.113
cluster_18,_17430_,30.113,30.113
cluster_18,_17432_,30.113,30.113
cluster_18,_17433_,30.113,30.113
cluster_18,_17434_,30.113,30.113
cluster_18,_17435_,30.113,30.113
cluster_18,_17436_,30.113,30.113
cluster_18,_17437_,30.113,30.113
cluster_18,_17438_,30.113,30.113
cluster_18,_17439_,30.113,30.113
cluster_18,_17440_,30.113,30.113
cluster_18,_17441_,30.113,30.113
cluster_18,_17431_,30.113,30.113
cluster_18,_17418_,30.113,30.113
cluster_18,_17417_,30.113,30.113
cluster_18,_17416_,30.113,30.113
cluster_18,_17456_,30.113,30.113
cluster_18,_17406_,30.113,30.113
cluster_18,_17455_,30.113,30.113
cluster_18,_17407_,30.113,30.113
cluster_18,_17408_,30.113,30.113
cluster_18,_17454_,30.113,30.113
cluster_18,_17453_,30.113,30.113
cluster_18,_17452_,30.113,30.113
cluster_18,_17451_,30.113,30.113
cluster_18,_17409_,30.113,30.113
cluster_18,_17450_,30.113,30.113
cluster_18,_17410_,30.113,30.113
cluster_18,_17449_,30.113,30.113
cluster_18,_17448_,30.113,30.113
cluster_18,_17447_,30.113,30.113
cluster_18,_17446_,30.113,30.113
cluster_18,_17445_,30.113,30.113
cluster_18,_17411_,30.113,30.113
cluster_18,_17444_,30.113,30.113
cluster_18,_17412_,30.113,30.113
cluster_18,_17413_,30.113,30.113
cluster_18,_17414_,30.113,30.113
cluster_18,_17415_,30.113,30.113
cluster_18,_17404_,30.113,30.113
cluster_18,_17354_,30.113,30.113
cluster_18,_17353_,30.113,30.113
cluster_18,_17352_,30.113,30.113
cluster_18,_17292_,30.113,30.113
cluster_18,_17293_,30.113,30.113
cluster_18,_17294_,30.113,30.113
cluster_18,_17295_,30.113,30.113
cluster_18,_17296_,30.113,30.113
cluster_18,_17297_,30.113,30.113
cluster_18,_17298_,30.113,30.113
cluster_18,_17299_,30.113,30.113
cluster_18,_17300_,30.113,30.113
cluster_18,_17301_,30.113,30.113
cluster_18,_17476_,30.113,30.113
cluster_18,_17302_,30.113,30.113
cluster_18,_17304_,30.113,30.113
cluster_18,_17305_,30.113,30.113
cluster_18,_17306_,30.113,30.113
cluster_18,_17307_,30.113,30.113
cluster_18,_17475_,30.113,30.113
cluster_18,_17308_,30.113,30.113
cluster_18,_17309_,30.113,30.113
cluster_18,_17310_,30.113,30.113
cluster_18,_17311_,30.113,30.113
cluster_18,_17312_,30.113,30.113
cluster_18,_17303_,30.113,30.113
cluster_18,_17477_,30.113,30.113
cluster_18,_17478_,30.113,30.113
cluster_18,_17291_,30.113,30.113
cluster_18,_17274_,30.113,30.113
cluster_18,_17275_,30.113,30.113
cluster_18,_17276_,30.113,30.113
cluster_18,_17277_,30.113,30.113
cluster_18,_17278_,30.113,30.113
cluster_18,_17279_,30.113,30.113
cluster_18,_17280_,30.113,30.113
cluster_18,_17281_,30.113,30.113
cluster_18,_17282_,30.113,30.113
cluster_18,_17283_,30.113,30.113
cluster_18,_17484_,30.113,30.113
cluster_18,_17483_,30.113,30.113
cluster_18,_17482_,30.113,30.113
cluster_18,_17284_,30.113,30.113
cluster_18,_17285_,30.113,30.113
cluster_18,_17481_,30.113,30.113
cluster_18,_17480_,30.113,30.113
cluster_18,_17479_,30.113,30.113
cluster_18,_17286_,30.113,30.113
cluster_18,_17287_,30.113,30.113
cluster_18,_17288_,30.113,30.113
cluster_18,_17289_,30.113,30.113
cluster_18,_17290_,30.113,30.113
cluster_18,_17313_,30.113,30.113
cluster_18,_17314_,30.113,30.113
cluster_18,_17315_,30.113,30.113
cluster_18,_17316_,30.113,30.113
cluster_18,_17462_,30.113,30.113
cluster_18,_17461_,30.113,30.113
cluster_18,_17332_,30.113,30.113
cluster_18,_17333_,30.113,30.113
cluster_18,_17334_,30.113,30.113
cluster_18,_17335_,30.113,30.113
cluster_18,_17336_,30.113,30.113
cluster_18,_17337_,30.113,30.113
cluster_18,_17338_,30.113,30.113
cluster_18,_17460_,30.113,30.113
cluster_18,_17339_,30.113,30.113
cluster_18,_17340_,30.113,30.113
cluster_18,_17341_,30.113,30.113
cluster_18,_17342_,30.113,30.113
cluster_18,_17343_,30.113,30.113
cluster_18,_17344_,30.113,30.113
cluster_18,_17345_,30.113,30.113
cluster_18,_17346_,30.113,30.113
cluster_18,_17347_,30.113,30.113
cluster_18,_17348_,30.113,30.113
cluster_18,_17349_,30.113,30.113
cluster_18,_17350_,30.113,30.113
cluster_18,_17351_,30.113,30.113
cluster_18,_17463_,30.113,30.113
cluster_18,_17442_,30.113,30.113
cluster_18,_17331_,30.113,30.113
cluster_18,_17329_,30.113,30.113
cluster_18,_17317_,30.113,30.113
cluster_18,_17318_,30.113,30.113
cluster_18,_17319_,30.113,30.113
cluster_18,_17320_,30.113,30.113
cluster_18,_17321_,30.113,30.113
cluster_18,_17322_,30.113,30.113
cluster_18,_17323_,30.113,30.113
cluster_18,_17324_,30.113,30.113
cluster_18,_17474_,30.113,30.113
cluster_18,_17325_,30.113,30.113
cluster_18,_17473_,30.113,30.113
cluster_18,_17326_,30.113,30.113
cluster_18,_17472_,30.113,30.113
cluster_18,_17471_,30.113,30.113
cluster_18,_17470_,30.113,30.113
cluster_18,_17469_,30.113,30.113
cluster_18,_17468_,30.113,30.113
cluster_18,_17467_,30.113,30.113
cluster_18,_17466_,30.113,30.113
cluster_18,_17327_,30.113,30.113
cluster_18,_17328_,30.113,30.113
cluster_18,_17465_,30.113,30.113
cluster_18,_17464_,30.113,30.113
cluster_18,_17330_,30.113,30.113
cluster_18,_17595_,30.113,30.113
cluster_18,_17443_,30.113,30.113
cluster_18,_17602_,30.113,30.113
cluster_18,_17629_,30.113,30.113
cluster_18,_17630_,30.113,30.113
cluster_18,_17631_,30.113,30.113
cluster_18,_17632_,30.113,30.113
cluster_18,_17634_,30.113,30.113
cluster_18,_17635_,30.113,30.113
cluster_18,_17636_,30.113,30.113
cluster_18,_17637_,30.113,30.113
cluster_18,_17638_,30.113,30.113
cluster_18,_17639_,30.113,30.113
cluster_18,_17640_,30.113,30.113
cluster_18,_17641_,30.113,30.113
cluster_18,_17642_,30.113,30.113
cluster_18,_17628_,30.113,30.113
cluster_18,_17643_,30.113,30.113
cluster_18,_17645_,30.113,30.113
cluster_18,_17646_,30.113,30.113
cluster_18,_17647_,30.113,30.113
cluster_18,_17648_,30.113,30.113
cluster_18,_17649_,30.113,30.113
cluster_18,_17650_,30.113,30.113
cluster_18,_17651_,30.113,30.113
cluster_18,_17652_,30.113,30.113
cluster_18,_17653_,30.113,30.113
cluster_18,_17654_,30.113,30.113
cluster_18,_17655_,30.113,30.113
cluster_18,_17656_,30.113,30.113
cluster_18,_17657_,30.113,30.113
cluster_18,_17644_,30.113,30.113
cluster_18,_17658_,30.113,30.113
cluster_18,_17627_,30.113,30.113
cluster_18,_17625_,30.113,30.113
cluster_18,_17596_,30.113,30.113
cluster_18,_17597_,30.113,30.113
cluster_18,_17598_,30.113,30.113
cluster_18,_17599_,30.113,30.113
cluster_18,_17600_,30.113,30.113
cluster_18,_17601_,30.113,30.113
cluster_18,_17603_,30.113,30.113
cluster_18,_17604_,30.113,30.113
cluster_18,_17605_,30.113,30.113
cluster_18,_17606_,30.113,30.113
cluster_18,_17607_,30.113,30.113
cluster_18,_17608_,30.113,30.113
cluster_18,_17609_,30.113,30.113
cluster_18,_17626_,30.113,30.113
cluster_18,_17610_,30.113,30.113
cluster_18,_17612_,30.113,30.113
cluster_18,_17613_,30.113,30.113
cluster_18,_17614_,30.113,30.113
cluster_18,_17615_,30.113,30.113
cluster_18,_17616_,30.113,30.113
cluster_18,_17617_,30.113,30.113
cluster_18,_17618_,30.113,30.113
cluster_18,_17619_,30.113,30.113
cluster_18,_17620_,30.113,30.113
cluster_18,_17621_,30.113,30.113
cluster_18,_17622_,30.113,30.113
cluster_18,_17623_,30.113,30.113
cluster_18,_17624_,30.113,30.113
cluster_18,_17611_,30.113,30.113
cluster_18,_17659_,30.113,30.113
cluster_18,_17633_,30.113,30.113
cluster_18,_17661_,30.113,30.113
cluster_18,_17688_,30.113,30.113
cluster_18,_17689_,30.113,30.113
cluster_18,_17690_,30.113,30.113
cluster_18,_17691_,30.113,30.113
cluster_18,_17692_,30.113,30.113
cluster_18,_17693_,30.113,30.113
cluster_18,_17694_,30.113,30.113
cluster_18,_17695_,30.113,30.113
cluster_18,_17697_,30.113,30.113
cluster_18,_17698_,30.113,30.113
cluster_18,_17699_,30.113,30.113
cluster_18,_17700_,30.113,30.113
cluster_18,_17701_,30.113,30.113
cluster_18,_17702_,30.113,30.113
cluster_18,_17703_,30.113,30.113
cluster_18,_17704_,30.113,30.113
cluster_18,_17705_,30.113,30.113
cluster_18,_17706_,30.113,30.113
cluster_18,_17707_,30.113,30.113
cluster_18,_17708_,30.113,30.113
cluster_18,_17709_,30.113,30.113
cluster_18,_17710_,30.113,30.113
cluster_18,_17711_,30.113,30.113
cluster_18,_17660_,30.113,30.113
cluster_18,split1,30.113,30.113
cluster_18,clone29,30.113,30.113
cluster_18,clone49,30.113,30.113
cluster_18,_17687_,30.113,30.113
cluster_18,_17686_,30.113,30.113
cluster_18,_17696_,30.113,30.113
cluster_18,_17684_,30.113,30.113
cluster_18,_17662_,30.113,30.113
cluster_18,_17663_,30.113,30.113
cluster_18,_17664_,30.113,30.113
cluster_18,_17685_,30.113,30.113
cluster_18,_17666_,30.113,30.113
cluster_18,_17667_,30.113,30.113
cluster_18,_17668_,30.113,30.113
cluster_18,_17669_,30.113,30.113
cluster_18,_17670_,30.113,30.113
cluster_18,_17671_,30.113,30.113
cluster_18,_17672_,30.113,30.113
cluster_18,_17673_,30.113,30.113
cluster_18,_17674_,30.113,30.113
cluster_18,_17665_,30.113,30.113
cluster_18,_17675_,30.113,30.113
cluster_18,_17676_,30.113,30.113
cluster_18,_17677_,30.113,30.113
cluster_18,_17678_,30.113,30.113
cluster_18,_17679_,30.113,30.113
cluster_18,_17680_,30.113,30.113
cluster_18,_17681_,30.113,30.113
cluster_18,_17682_,30.113,30.113
cluster_18,_17683_,30.113,30.113
cluster_19,_16468_,30.1,30.1
cluster_19,_16483_,30.1,30.1
cluster_19,_16484_,30.1,30.1
cluster_19,_16485_,30.1,30.1
cluster_19,_16486_,30.1,30.1
cluster_19,_16487_,30.1,30.1
cluster_19,_16490_,30.1,30.1
cluster_19,_16489_,30.1,30.1
cluster_19,_16482_,30.1,30.1
cluster_19,_16491_,30.1,30.1
cluster_19,_16492_,30.1,30.1
cluster_19,_16493_,30.1,30.1
cluster_19,_16488_,30.1,30.1
cluster_19,_16481_,30.1,30.1
cluster_19,_16476_,30.1,30.1
cluster_19,_16479_,30.1,30.1
cluster_19,_16478_,30.1,30.1
cluster_19,_16477_,30.1,30.1
cluster_19,_16469_,30.1,30.1
cluster_19,_16475_,30.1,30.1
cluster_19,_16472_,30.1,30.1
cluster_19,_16474_,30.1,30.1
cluster_19,_16473_,30.1,30.1
cluster_19,_16471_,30.1,30.1
cluster_19,_16494_,30.1,30.1
cluster_19,_16470_,30.1,30.1
cluster_19,_16467_,30.1,30.1
cluster_19,_16480_,30.1,30.1
cluster_19,_16495_,30.1,30.1
cluster_19,_16517_,30.1,30.1
cluster_19,_16497_,30.1,30.1
cluster_19,_16519_,30.1,30.1
cluster_19,_16520_,30.1,30.1
cluster_19,_16521_,30.1,30.1
cluster_19,_16522_,30.1,30.1
cluster_19,_16466_,30.1,30.1
cluster_19,_16518_,30.1,30.1
cluster_19,_16523_,30.1,30.1
cluster_19,_16524_,30.1,30.1
cluster_19,_16525_,30.1,30.1
cluster_19,_16516_,30.1,30.1
cluster_19,_16515_,30.1,30.1
cluster_19,_16514_,30.1,30.1
cluster_19,_16513_,30.1,30.1
cluster_19,_16496_,30.1,30.1
cluster_19,_16512_,30.1,30.1
cluster_19,_16510_,30.1,30.1
cluster_19,_16509_,30.1,30.1
cluster_19,_16508_,30.1,30.1
cluster_19,_16507_,30.1,30.1
cluster_19,_16506_,30.1,30.1
cluster_19,_16505_,30.1,30.1
cluster_19,_16504_,30.1,30.1
cluster_19,_16503_,30.1,30.1
cluster_19,_16502_,30.1,30.1
cluster_19,_16501_,30.1,30.1
cluster_19,_16500_,30.1,30.1
cluster_19,_16499_,30.1,30.1
cluster_19,_16498_,30.1,30.1
cluster_19,_16511_,30.1,30.1
cluster_19,_16465_,30.1,30.1
cluster_19,_16335_,30.1,30.1
cluster_19,_16463_,30.1,30.1
cluster_19,_16436_,30.1,30.1
cluster_19,_15400_,30.1,30.1
cluster_19,_16435_,30.1,30.1
cluster_19,_16434_,30.1,30.1
cluster_19,_15398_,30.1,30.1
cluster_19,_29563_,30.1,30.1
cluster_19,_15397_,30.1,30.1
cluster_19,_16433_,30.1,30.1
cluster_19,_15396_,30.1,30.1
cluster_19,_15395_,30.1,30.1
cluster_19,_15386_,30.1,30.1
cluster_19,_16432_,30.1,30.1
cluster_19,_15384_,30.1,30.1
cluster_19,_16437_,30.1,30.1
cluster_19,_15383_,30.1,30.1
cluster_19,_16431_,30.1,30.1
cluster_19,_29562_,30.1,30.1
cluster_19,_16430_,30.1,30.1
cluster_19,_15381_,30.1,30.1
cluster_19,_16526_,30.1,30.1
cluster_19,_16429_,30.1,30.1
cluster_19,_16428_,30.1,30.1
cluster_19,_15380_,30.1,30.1
cluster_19,_16336_,30.1,30.1
cluster_19,u0.u0.d[3]$_DFF_P_,30.1,30.1
cluster_19,u0.u0.d[2]$_DFF_P_,30.1,30.1
cluster_19,u0.u0.d[1]$_DFF_P_,30.1,30.1
cluster_19,_15377_,30.1,30.1
cluster_19,_15382_,30.1,30.1
cluster_19,_16464_,30.1,30.1
cluster_19,_16438_,30.1,30.1
cluster_19,_16440_,30.1,30.1
cluster_19,_16462_,30.1,30.1
cluster_19,_16461_,30.1,30.1
cluster_19,_16460_,30.1,30.1
cluster_19,_16459_,30.1,30.1
cluster_19,_16458_,30.1,30.1
cluster_19,_16457_,30.1,30.1
cluster_19,_16456_,30.1,30.1
cluster_19,_16455_,30.1,30.1
cluster_19,_16454_,30.1,30.1
cluster_19,_16453_,30.1,30.1
cluster_19,_16452_,30.1,30.1
cluster_19,_16451_,30.1,30.1
cluster_19,_16450_,30.1,30.1
cluster_19,_16439_,30.1,30.1
cluster_19,_16449_,30.1,30.1
cluster_19,_16447_,30.1,30.1
cluster_19,_16446_,30.1,30.1
cluster_19,_16445_,30.1,30.1
cluster_19,_16444_,30.1,30.1
cluster_19,_16443_,30.1,30.1
cluster_19,_15414_,30.1,30.1
cluster_19,_16442_,30.1,30.1
cluster_19,_15413_,30.1,30.1
cluster_19,_15412_,30.1,30.1
cluster_19,_15411_,30.1,30.1
cluster_19,_15410_,30.1,30.1
cluster_19,_15409_,30.1,30.1
cluster_19,_16441_,30.1,30.1
cluster_19,_16448_,30.1,30.1
cluster_19,_16527_,30.1,30.1
cluster_19,_16580_,30.1,30.1
cluster_19,_16529_,30.1,30.1
cluster_19,input44,30.1,30.1
cluster_19,input42,30.1,30.1
cluster_19,input41,30.1,30.1
cluster_19,_16606_,30.1,30.1
cluster_19,_16605_,30.1,30.1
cluster_19,_16604_,30.1,30.1
cluster_19,_16603_,30.1,30.1
cluster_19,_16602_,30.1,30.1
cluster_19,_16601_,30.1,30.1
cluster_19,_16600_,30.1,30.1
cluster_19,_16599_,30.1,30.1
cluster_19,input39,30.1,30.1
cluster_19,_16598_,30.1,30.1
cluster_19,_16597_,30.1,30.1
cluster_19,_16596_,30.1,30.1
cluster_19,_16595_,30.1,30.1
cluster_19,_16594_,30.1,30.1
cluster_19,_16593_,30.1,30.1
cluster_19,_16592_,30.1,30.1
cluster_19,_16591_,30.1,30.1
cluster_19,_16590_,30.1,30.1
cluster_19,_16589_,30.1,30.1
cluster_19,_16588_,30.1,30.1
cluster_19,_16587_,30.1,30.1
cluster_19,_16586_,30.1,30.1
cluster_19,_16585_,30.1,30.1
cluster_19,_16584_,30.1,30.1
cluster_19,_16607_,30.1,30.1
cluster_19,_16608_,30.1,30.1
cluster_19,_16609_,30.1,30.1
cluster_19,_16610_,30.1,30.1
cluster_19,clone43,30.1,30.1
cluster_19,clone65,30.1,30.1
cluster_19,clone51,30.1,30.1
cluster_19,_15445_,30.1,30.1
cluster_19,_15444_,30.1,30.1
cluster_19,_15443_,30.1,30.1
cluster_19,_15442_,30.1,30.1
cluster_19,clone66,30.1,30.1
cluster_19,_16630_,30.1,30.1
cluster_19,_16629_,30.1,30.1
cluster_19,_16628_,30.1,30.1
cluster_19,_16627_,30.1,30.1
cluster_19,_16626_,30.1,30.1
cluster_19,_16583_,30.1,30.1
cluster_19,_16625_,30.1,30.1
cluster_19,_16623_,30.1,30.1
cluster_19,_16622_,30.1,30.1
cluster_19,_16621_,30.1,30.1
cluster_19,_16620_,30.1,30.1
cluster_19,_16619_,30.1,30.1
cluster_19,_16618_,30.1,30.1
cluster_19,_16617_,30.1,30.1
cluster_19,_16616_,30.1,30.1
cluster_19,_16615_,30.1,30.1
cluster_19,_16614_,30.1,30.1
cluster_19,_16613_,30.1,30.1
cluster_19,_16612_,30.1,30.1
cluster_19,_16611_,30.1,30.1
cluster_19,_16624_,30.1,30.1
cluster_19,_16528_,30.1,30.1
cluster_19,input37,30.1,30.1
cluster_19,_16582_,30.1,30.1
cluster_19,_16549_,30.1,30.1
cluster_19,_16548_,30.1,30.1
cluster_19,_16547_,30.1,30.1
cluster_19,_16546_,30.1,30.1
cluster_19,_16545_,30.1,30.1
cluster_19,_16544_,30.1,30.1
cluster_19,_15722_,30.1,30.1
cluster_19,_15723_,30.1,30.1
cluster_19,_15724_,30.1,30.1
cluster_19,_15733_,30.1,30.1
cluster_19,_15734_,30.1,30.1
cluster_19,_15735_,30.1,30.1
cluster_19,_15736_,30.1,30.1
cluster_19,_16543_,30.1,30.1
cluster_19,_16542_,30.1,30.1
cluster_19,_16541_,30.1,30.1
cluster_19,_16540_,30.1,30.1
cluster_19,_16539_,30.1,30.1
cluster_19,_16538_,30.1,30.1
cluster_19,_16537_,30.1,30.1
cluster_19,_16536_,30.1,30.1
cluster_19,_16535_,30.1,30.1
cluster_19,_16534_,30.1,30.1
cluster_19,_16533_,30.1,30.1
cluster_19,_16532_,30.1,30.1
cluster_19,_16531_,30.1,30.1
cluster_19,_16530_,30.1,30.1
cluster_19,_16550_,30.1,30.1
cluster_19,_16551_,30.1,30.1
cluster_19,_16552_,30.1,30.1
cluster_19,_16553_,30.1,30.1
cluster_19,_16581_,30.1,30.1
cluster_19,_29560_,30.1,30.1
cluster_19,_16579_,30.1,30.1
cluster_19,_16578_,30.1,30.1
cluster_19,_16577_,30.1,30.1
cluster_19,_16576_,30.1,30.1
cluster_19,_16575_,30.1,30.1
cluster_19,_16574_,30.1,30.1
cluster_19,_16573_,30.1,30.1
cluster_19,_16572_,30.1,30.1
cluster_19,_16571_,30.1,30.1
cluster_19,_16570_,30.1,30.1
cluster_19,_16569_,30.1,30.1
cluster_19,input36,30.1,30.1
cluster_19,_16568_,30.1,30.1
cluster_19,_16566_,30.1,30.1
cluster_19,_16565_,30.1,30.1
cluster_19,_16564_,30.1,30.1
cluster_19,_16563_,30.1,30.1
cluster_19,_16562_,30.1,30.1
cluster_19,_16561_,30.1,30.1
cluster_19,_16560_,30.1,30.1
cluster_19,_16559_,30.1,30.1
cluster_19,_16558_,30.1,30.1
cluster_19,_16557_,30.1,30.1
cluster_19,_16556_,30.1,30.1
cluster_19,_16555_,30.1,30.1
cluster_19,_16554_,30.1,30.1
cluster_19,_16567_,30.1,30.1
cluster_19,_15376_,30.1,30.1
cluster_19,_29561_,30.1,30.1
cluster_19,_16152_,30.1,30.1
cluster_19,_16215_,30.1,30.1
cluster_19,_16214_,30.1,30.1
cluster_19,_16213_,30.1,30.1
cluster_19,_16212_,30.1,30.1
cluster_19,_16211_,30.1,30.1
cluster_19,_16210_,30.1,30.1
cluster_19,_16209_,30.1,30.1
cluster_19,_16208_,30.1,30.1
cluster_19,_16207_,30.1,30.1
cluster_19,_16206_,30.1,30.1
cluster_19,_16205_,30.1,30.1
cluster_19,_16204_,30.1,30.1
cluster_19,_16203_,30.1,30.1
cluster_19,_16202_,30.1,30.1
cluster_19,_16201_,30.1,30.1
cluster_19,_16200_,30.1,30.1
cluster_19,_16199_,30.1,30.1
cluster_19,_16198_,30.1,30.1
cluster_19,_16197_,30.1,30.1
cluster_19,_16216_,30.1,30.1
cluster_19,_16217_,30.1,30.1
cluster_19,_16218_,30.1,30.1
cluster_19,_16219_,30.1,30.1
cluster_19,_16239_,30.1,30.1
cluster_19,_16238_,30.1,30.1
cluster_19,_16237_,30.1,30.1
cluster_19,_16236_,30.1,30.1
cluster_19,_16235_,30.1,30.1
cluster_19,_16234_,30.1,30.1
cluster_19,_16233_,30.1,30.1
cluster_19,_16232_,30.1,30.1
cluster_19,_16231_,30.1,30.1
cluster_19,_16196_,30.1,30.1
cluster_19,_16230_,30.1,30.1
cluster_19,_16228_,30.1,30.1
cluster_19,_16227_,30.1,30.1
cluster_19,_16226_,30.1,30.1
cluster_19,_16225_,30.1,30.1
cluster_19,_16224_,30.1,30.1
cluster_19,_16223_,30.1,30.1
cluster_19,_16222_,30.1,30.1
cluster_19,_16221_,30.1,30.1
cluster_19,_16220_,30.1,30.1
cluster_19,_16229_,30.1,30.1
cluster_19,_16240_,30.1,30.1
cluster_19,_16195_,30.1,30.1
cluster_19,_16193_,30.1,30.1
cluster_19,_16168_,30.1,30.1
cluster_19,_16339_,30.1,30.1
cluster_19,_16167_,30.1,30.1
cluster_19,_16166_,30.1,30.1
cluster_19,_16165_,30.1,30.1
cluster_19,_16164_,30.1,30.1
cluster_19,_16163_,30.1,30.1
cluster_19,_16162_,30.1,30.1
cluster_19,_16161_,30.1,30.1
cluster_19,_16160_,30.1,30.1
cluster_19,_16159_,30.1,30.1
cluster_19,_16158_,30.1,30.1
cluster_19,_16157_,30.1,30.1
cluster_19,_16155_,30.1,30.1
cluster_19,_16154_,30.1,30.1
cluster_19,clone64,30.1,30.1
cluster_19,_15375_,30.1,30.1
cluster_19,_16151_,30.1,30.1
cluster_19,_16150_,30.1,30.1
cluster_19,_16338_,30.1,30.1
cluster_19,_16337_,30.1,30.1
cluster_19,_16171_,30.1,30.1
cluster_19,_16172_,30.1,30.1
cluster_19,_16192_,30.1,30.1
cluster_19,_16191_,30.1,30.1
cluster_19,_16190_,30.1,30.1
cluster_19,_16189_,30.1,30.1
cluster_19,_16188_,30.1,30.1
cluster_19,_16187_,30.1,30.1
cluster_19,_16186_,30.1,30.1
cluster_19,_16185_,30.1,30.1
cluster_19,_16184_,30.1,30.1
cluster_19,_16194_,30.1,30.1
cluster_19,_16183_,30.1,30.1
cluster_19,_16181_,30.1,30.1
cluster_19,_16180_,30.1,30.1
cluster_19,_16179_,30.1,30.1
cluster_19,_16178_,30.1,30.1
cluster_19,_16177_,30.1,30.1
cluster_19,_16176_,30.1,30.1
cluster_19,_16175_,30.1,30.1
cluster_19,_16174_,30.1,30.1
cluster_19,_16173_,30.1,30.1
cluster_19,_16182_,30.1,30.1
cluster_19,_16241_,30.1,30.1
cluster_19,_16242_,30.1,30.1
cluster_19,_16243_,30.1,30.1
cluster_19,_16310_,30.1,30.1
cluster_19,_16309_,30.1,30.1
cluster_19,_16308_,30.1,30.1
cluster_19,_16307_,30.1,30.1
cluster_19,_16306_,30.1,30.1
cluster_19,_16305_,30.1,30.1
cluster_19,_16304_,30.1,30.1
cluster_19,_16303_,30.1,30.1
cluster_19,_16302_,30.1,30.1
cluster_19,_16301_,30.1,30.1
cluster_19,_16300_,30.1,30.1
cluster_19,_16299_,30.1,30.1
cluster_19,_16298_,30.1,30.1
cluster_19,_16297_,30.1,30.1
cluster_19,_16296_,30.1,30.1
cluster_19,_16295_,30.1,30.1
cluster_19,_16294_,30.1,30.1
cluster_19,_16293_,30.1,30.1
cluster_19,_16292_,30.1,30.1
cluster_19,_16311_,30.1,30.1
cluster_19,_16312_,30.1,30.1
cluster_19,_16313_,30.1,30.1
cluster_19,_16314_,30.1,30.1
cluster_19,_16334_,30.1,30.1
cluster_19,_16333_,30.1,30.1
cluster_19,_16332_,30.1,30.1
cluster_19,_16331_,30.1,30.1
cluster_19,_16330_,30.1,30.1
cluster_19,_16329_,30.1,30.1
cluster_19,_16328_,30.1,30.1
cluster_19,_16327_,30.1,30.1
cluster_19,_16326_,30.1,30.1
cluster_19,_16291_,30.1,30.1
cluster_19,_16325_,30.1,30.1
cluster_19,_16323_,30.1,30.1
cluster_19,_16322_,30.1,30.1
cluster_19,_16321_,30.1,30.1
cluster_19,_16320_,30.1,30.1
cluster_19,_16319_,30.1,30.1
cluster_19,_16318_,30.1,30.1
cluster_19,_16317_,30.1,30.1
cluster_19,_16316_,30.1,30.1
cluster_19,_16315_,30.1,30.1
cluster_19,_16324_,30.1,30.1
cluster_19,_16290_,30.1,30.1
cluster_19,_16289_,30.1,30.1
cluster_19,_16288_,30.1,30.1
cluster_19,_16263_,30.1,30.1
cluster_19,_16262_,30.1,30.1
cluster_19,_16261_,30.1,30.1
cluster_19,_16260_,30.1,30.1
cluster_19,_16259_,30.1,30.1
cluster_19,_16258_,30.1,30.1
cluster_19,_16257_,30.1,30.1
cluster_19,_16256_,30.1,30.1
cluster_19,_16255_,30.1,30.1
cluster_19,_16264_,30.1,30.1
cluster_19,_16254_,30.1,30.1
cluster_19,_16252_,30.1,30.1
cluster_19,_16251_,30.1,30.1
cluster_19,_16250_,30.1,30.1
cluster_19,_16249_,30.1,30.1
cluster_19,_16248_,30.1,30.1
cluster_19,_16247_,30.1,30.1
cluster_19,_16246_,30.1,30.1
cluster_19,_16245_,30.1,30.1
cluster_19,_16244_,30.1,30.1
cluster_19,_16253_,30.1,30.1
cluster_19,_16149_,30.1,30.1
cluster_19,_16265_,30.1,30.1
cluster_19,_16267_,30.1,30.1
cluster_19,_16287_,30.1,30.1
cluster_19,_16286_,30.1,30.1
cluster_19,_16285_,30.1,30.1
cluster_19,_16284_,30.1,30.1
cluster_19,_16283_,30.1,30.1
cluster_19,_16282_,30.1,30.1
cluster_19,_16281_,30.1,30.1
cluster_19,_16280_,30.1,30.1
cluster_19,_16279_,30.1,30.1
cluster_19,_16266_,30.1,30.1
cluster_19,_16278_,30.1,30.1
cluster_19,_16276_,30.1,30.1
cluster_19,_16275_,30.1,30.1
cluster_19,_16274_,30.1,30.1
cluster_19,_16273_,30.1,30.1
cluster_19,_16272_,30.1,30.1
cluster_19,_16271_,30.1,30.1
cluster_19,_16270_,30.1,30.1
cluster_19,_16269_,30.1,30.1
cluster_19,_16268_,30.1,30.1
cluster_19,_16277_,30.1,30.1
cluster_19,_16148_,30.1,30.1
cluster_19,_16169_,30.1,30.1
cluster_19,_16146_,30.1,30.1
cluster_19,_16395_,30.1,30.1
cluster_19,_16396_,30.1,30.1
cluster_19,_16397_,30.1,30.1
cluster_19,_16398_,30.1,30.1
cluster_19,_16399_,30.1,30.1
cluster_19,_15343_,30.1,30.1
cluster_19,_16400_,30.1,30.1
cluster_19,_15346_,30.1,30.1
cluster_19,_16394_,30.1,30.1
cluster_19,_29552_,30.1,30.1
cluster_19,_15348_,30.1,30.1
cluster_19,_15349_,30.1,30.1
cluster_19,_15350_,30.1,30.1
cluster_19,_15351_,30.1,30.1
cluster_19,_15352_,30.1,30.1
cluster_19,_15353_,30.1,30.1
cluster_19,_15354_,30.1,30.1
cluster_19,_15355_,30.1,30.1
cluster_19,_15347_,30.1,30.1
cluster_19,_16393_,30.1,30.1
cluster_19,_16392_,30.1,30.1
cluster_19,_16391_,30.1,30.1
cluster_19,_15339_,30.1,30.1
cluster_19,_29551_,30.1,30.1
cluster_19,_16375_,30.1,30.1
cluster_19,_16376_,30.1,30.1
cluster_19,_16377_,30.1,30.1
cluster_19,_16147_,30.1,30.1
cluster_19,_16379_,30.1,30.1
cluster_19,_16380_,30.1,30.1
cluster_19,_16381_,30.1,30.1
cluster_19,_16382_,30.1,30.1
cluster_19,_16383_,30.1,30.1
cluster_19,_16384_,30.1,30.1
cluster_19,_16385_,30.1,30.1
cluster_19,_16386_,30.1,30.1
cluster_19,_16387_,30.1,30.1
cluster_19,_16388_,30.1,30.1
cluster_19,_16389_,30.1,30.1
cluster_19,_16390_,30.1,30.1
cluster_19,_15340_,30.1,30.1
cluster_19,_29553_,30.1,30.1
cluster_19,_15356_,30.1,30.1
cluster_19,_15357_,30.1,30.1
cluster_19,_16401_,30.1,30.1
cluster_19,_16418_,30.1,30.1
cluster_19,_15368_,30.1,30.1
cluster_19,_29556_,30.1,30.1
cluster_19,_16419_,30.1,30.1
cluster_19,_15369_,30.1,30.1
cluster_19,_15370_,30.1,30.1
cluster_19,_29557_,30.1,30.1
cluster_19,_16420_,30.1,30.1
cluster_19,_16421_,30.1,30.1
cluster_19,_16422_,30.1,30.1
cluster_19,_16423_,30.1,30.1
cluster_19,_16424_,30.1,30.1
cluster_19,_16425_,30.1,30.1
cluster_19,_16426_,30.1,30.1
cluster_19,_29558_,30.1,30.1
cluster_19,_29559_,30.1,30.1
cluster_19,_15371_,30.1,30.1
cluster_19,_15372_,30.1,30.1
cluster_19,_16427_,30.1,30.1
cluster_19,_15367_,30.1,30.1
cluster_19,_16374_,30.1,30.1
cluster_19,_15366_,30.1,30.1
cluster_19,_16417_,30.1,30.1
cluster_19,_16402_,30.1,30.1
cluster_19,_15360_,30.1,30.1
cluster_19,_16403_,30.1,30.1
cluster_19,_16404_,30.1,30.1
cluster_19,_16405_,30.1,30.1
cluster_19,_29554_,30.1,30.1
cluster_19,_16406_,30.1,30.1
cluster_19,_16407_,30.1,30.1
cluster_19,_16408_,30.1,30.1
cluster_19,_16409_,30.1,30.1
cluster_19,_16410_,30.1,30.1
cluster_19,_16411_,30.1,30.1
cluster_19,_16412_,30.1,30.1
cluster_19,_15361_,30.1,30.1
cluster_19,_16413_,30.1,30.1
cluster_19,_29555_,30.1,30.1
cluster_19,_16414_,30.1,30.1
cluster_19,_16415_,30.1,30.1
cluster_19,_16416_,30.1,30.1
cluster_19,_15363_,30.1,30.1
cluster_19,_16373_,30.1,30.1
cluster_19,_16378_,30.1,30.1
cluster_19,_16371_,30.1,30.1
cluster_19,_16131_,30.1,30.1
cluster_19,_16132_,30.1,30.1
cluster_19,_16372_,30.1,30.1
cluster_19,_16133_,30.1,30.1
cluster_19,_16134_,30.1,30.1
cluster_19,_16135_,30.1,30.1
cluster_19,_16136_,30.1,30.1
cluster_19,_16137_,30.1,30.1
cluster_19,_16138_,30.1,30.1
cluster_19,_16139_,30.1,30.1
cluster_19,_16140_,30.1,30.1
cluster_19,_16141_,30.1,30.1
cluster_19,_16342_,30.1,30.1
cluster_19,_16343_,30.1,30.1
cluster_19,_16344_,30.1,30.1
cluster_19,_16341_,30.1,30.1
cluster_19,_16340_,30.1,30.1
cluster_19,_16130_,30.1,30.1
cluster_19,_16129_,30.1,30.1
cluster_19,_16127_,30.1,30.1
cluster_19,_16126_,30.1,30.1
cluster_19,_16125_,30.1,30.1
cluster_19,_16124_,30.1,30.1
cluster_19,_16123_,30.1,30.1
cluster_19,clone42,30.1,30.1
cluster_19,_16121_,30.1,30.1
cluster_19,_16142_,30.1,30.1
cluster_19,_16120_,30.1,30.1
cluster_19,_16118_,30.1,30.1
cluster_19,_16117_,30.1,30.1
cluster_19,_16116_,30.1,30.1
cluster_19,_16115_,30.1,30.1
cluster_19,_16114_,30.1,30.1
cluster_19,_16113_,30.1,30.1
cluster_19,_16112_,30.1,30.1
cluster_19,_16119_,30.1,30.1
cluster_19,_16143_,30.1,30.1
cluster_19,_16345_,30.1,30.1
cluster_19,_16144_,30.1,30.1
cluster_19,_16360_,30.1,30.1
cluster_19,_16361_,30.1,30.1
cluster_19,_16362_,30.1,30.1
cluster_19,_16363_,30.1,30.1
cluster_19,_16145_,30.1,30.1
cluster_19,_16364_,30.1,30.1
cluster_19,_16128_,30.1,30.1
cluster_19,_16365_,30.1,30.1
cluster_19,_15335_,30.1,30.1
cluster_19,_16367_,30.1,30.1
cluster_19,_16368_,30.1,30.1
cluster_19,_29550_,30.1,30.1
cluster_19,_16369_,30.1,30.1
cluster_19,_16370_,30.1,30.1
cluster_19,_16366_,30.1,30.1
cluster_19,_16358_,30.1,30.1
cluster_19,_16359_,30.1,30.1
cluster_19,_16356_,30.1,30.1
cluster_19,_16346_,30.1,30.1
cluster_19,_16347_,30.1,30.1
cluster_19,_16348_,30.1,30.1
cluster_19,_16357_,30.1,30.1
cluster_19,_16350_,30.1,30.1
cluster_19,_16351_,30.1,30.1
cluster_19,_16349_,30.1,30.1
cluster_19,_16353_,30.1,30.1
cluster_19,_16354_,30.1,30.1
cluster_19,_16355_,30.1,30.1
cluster_19,_16352_,30.1,30.1
cluster_20,_29525_,21.857,21.857
cluster_20,_29523_,21.857,21.857
cluster_20,_29524_,21.857,21.857
cluster_20,_29526_,21.857,21.857
cluster_20,output345,21.857,21.857
cluster_20,_29522_,21.857,21.857
cluster_20,output341,21.857,21.857
cluster_20,_29521_,21.857,21.857
cluster_20,output340,21.857,21.857
cluster_20,output288,21.857,21.857
cluster_20,output338,21.857,21.857
cluster_20,output380,21.857,21.857
cluster_20,output286,21.857,21.857
cluster_20,_29539_,21.857,21.857
cluster_20,_29538_,21.857,21.857
cluster_20,output378,21.857,21.857
cluster_20,output285,21.857,21.857
cluster_20,output377,21.857,21.857
cluster_20,output376,21.857,21.857
cluster_20,_29537_,21.857,21.857
cluster_20,output282,21.857,21.857
cluster_20,output283,21.857,21.857
cluster_20,output284,21.857,21.857
cluster_20,_29535_,21.857,21.857
cluster_20,_29534_,21.857,21.857
cluster_20,_29533_,21.857,21.857
cluster_20,_29530_,21.857,21.857
cluster_20,_29529_,21.857,21.857
cluster_20,_29514_,21.857,21.857
cluster_20,_29515_,21.857,21.857
cluster_20,output374,21.857,21.857
cluster_20,_29516_,21.857,21.857
cluster_20,_29517_,21.857,21.857
cluster_20,_29518_,21.857,21.857
cluster_20,_29519_,21.857,21.857
cluster_20,_29520_,21.857,21.857
cluster_20,output339,21.857,21.857
cluster_20,output343,21.857,21.857
cluster_20,_29527_,21.857,21.857
cluster_20,_29259_,21.857,21.857
cluster_20,u0.r0.out[25]$_SDFF_PP0_,21.857,21.857
cluster_20,u0.r0.out[24]$_SDFF_PP1_,21.857,21.857
cluster_20,text_out[94]$_DFF_P_,21.857,21.857
cluster_20,text_out[92]$_DFF_P_,21.857,21.857
cluster_20,text_out[91]$_DFF_P_,21.857,21.857
cluster_20,text_out[90]$_DFF_P_,21.857,21.857
cluster_20,text_out[89]$_DFF_P_,21.857,21.857
cluster_20,text_out[62]$_DFF_P_,21.857,21.857
cluster_20,text_out[60]$_DFF_P_,21.857,21.857
cluster_20,text_out[59]$_DFF_P_,21.857,21.857
cluster_20,u0.r0.out[26]$_SDFF_PP0_,21.857,21.857
cluster_20,text_out[58]$_DFF_P_,21.857,21.857
cluster_20,text_out[56]$_DFF_P_,21.857,21.857
cluster_20,text_out[126]$_DFF_P_,21.857,21.857
cluster_20,text_out[124]$_DFF_P_,21.857,21.857
cluster_20,_15938_,21.857,21.857
cluster_20,text_out[123]$_DFF_P_,21.857,21.857
cluster_20,text_out[122]$_DFF_P_,21.857,21.857
cluster_20,text_out[121]$_DFF_P_,21.857,21.857
cluster_20,text_out[120]$_DFF_P_,21.857,21.857
cluster_20,_15943_,21.857,21.857
cluster_20,_15944_,21.857,21.857
cluster_20,text_out[57]$_DFF_P_,21.857,21.857
cluster_20,_15945_,21.857,21.857
cluster_20,u0.r0.out[27]$_SDFF_PP0_,21.857,21.857
cluster_20,u0.r0.out[30]$_SDFF_PP0_,21.857,21.857
cluster_20,u0.w[2][25]$_DFF_P_,21.857,21.857
cluster_20,u0.w[2][24]$_DFF_P_,21.857,21.857
cluster_20,u0.w[1][30]$_DFF_P_,21.857,21.857
cluster_20,u0.w[1][28]$_DFF_P_,21.857,21.857
cluster_20,_15869_,21.857,21.857
cluster_20,u0.w[1][27]$_DFF_P_,21.857,21.857
cluster_20,u0.w[1][26]$_DFF_P_,21.857,21.857
cluster_20,u0.w[1][25]$_DFF_P_,21.857,21.857
cluster_20,_29261_,21.857,21.857
cluster_20,u0.w[0][30]$_DFF_P_,21.857,21.857
cluster_20,u0.r0.out[28]$_SDFF_PP0_,21.857,21.857
cluster_20,u0.w[0][28]$_DFF_P_,21.857,21.857
cluster_20,u0.w[0][26]$_DFF_P_,21.857,21.857
cluster_20,u0.w[0][25]$_DFF_P_,21.857,21.857
cluster_20,u0.w[0][24]$_DFF_P_,21.857,21.857
cluster_20,u0.u0.d[6]$_DFF_P_,21.857,21.857
cluster_20,u0.u0.d[4]$_DFF_P_,21.857,21.857
cluster_20,u0.u0.d[0]$_DFF_P_,21.857,21.857
cluster_20,u0.r0.rcnt[3]$_SDFF_PP0_,21.857,21.857
cluster_20,u0.r0.rcnt[2]$_SDFF_PP0_,21.857,21.857
cluster_20,u0.r0.rcnt[1]$_SDFF_PP0_,21.857,21.857
cluster_20,u0.r0.rcnt[0]$_SDFF_PP0_,21.857,21.857
cluster_20,u0.w[0][27]$_DFF_P_,21.857,21.857
cluster_20,u0.w[2][26]$_DFF_P_,21.857,21.857
cluster_20,_15946_,21.857,21.857
cluster_20,_15948_,21.857,21.857
cluster_20,_16038_,21.857,21.857
cluster_20,_16039_,21.857,21.857
cluster_20,_16040_,21.857,21.857
cluster_20,_16044_,21.857,21.857
cluster_20,_16045_,21.857,21.857
cluster_20,_16096_,21.857,21.857
cluster_20,_16097_,21.857,21.857
cluster_20,_16098_,21.857,21.857
cluster_20,_16099_,21.857,21.857
cluster_20,_16100_,21.857,21.857
cluster_20,_16037_,21.857,21.857
cluster_20,_16101_,21.857,21.857
cluster_20,_16103_,21.857,21.857
cluster_20,_16104_,21.857,21.857
cluster_20,_16105_,21.857,21.857
cluster_20,_16108_,21.857,21.857
cluster_20,_16109_,21.857,21.857
cluster_20,_29822_,21.857,21.857
cluster_20,_29823_,21.857,21.857
cluster_20,_29824_,21.857,21.857
cluster_20,_29825_,21.857,21.857
cluster_20,_29826_,21.857,21.857
cluster_20,_16102_,21.857,21.857
cluster_20,_15947_,21.857,21.857
cluster_20,_16036_,21.857,21.857
cluster_20,_16034_,21.857,21.857
cluster_20,_15949_,21.857,21.857
cluster_20,_15950_,21.857,21.857
cluster_20,_15951_,21.857,21.857
cluster_20,_15952_,21.857,21.857
cluster_20,_15953_,21.857,21.857
cluster_20,_15954_,21.857,21.857
cluster_20,_15955_,21.857,21.857
cluster_20,_15956_,21.857,21.857
cluster_20,_15957_,21.857,21.857
cluster_20,_15958_,21.857,21.857
cluster_20,_16035_,21.857,21.857
cluster_20,_15959_,21.857,21.857
cluster_20,_15961_,21.857,21.857
cluster_20,_15962_,21.857,21.857
cluster_20,_15963_,21.857,21.857
cluster_20,_15964_,21.857,21.857
cluster_20,_15965_,21.857,21.857
cluster_20,_15970_,21.857,21.857
cluster_20,_15971_,21.857,21.857
cluster_20,_15972_,21.857,21.857
cluster_20,_16025_,21.857,21.857
cluster_20,_16033_,21.857,21.857
cluster_20,_15960_,21.857,21.857
cluster_20,u0.w[2][27]$_DFF_P_,21.857,21.857
cluster_20,_29528_,21.857,21.857
cluster_20,u0.w[2][30]$_DFF_P_,21.857,21.857
cluster_20,input79,21.857,21.857
cluster_20,input51,21.857,21.857
cluster_20,input30,21.857,21.857
cluster_20,input28,21.857,21.857
cluster_20,input27,21.857,21.857
cluster_20,input26,21.857,21.857
cluster_20,input25,21.857,21.857
cluster_20,input24,21.857,21.857
cluster_20,_15738_,21.857,21.857
cluster_20,input80,21.857,21.857
cluster_20,_15739_,21.857,21.857
cluster_20,_15741_,21.857,21.857
cluster_20,_15743_,21.857,21.857
cluster_20,_15744_,21.857,21.857
cluster_20,_15746_,21.857,21.857
cluster_20,_15747_,21.857,21.857
cluster_20,_15748_,21.857,21.857
cluster_20,_15755_,21.857,21.857
cluster_20,_15761_,21.857,21.857
cluster_20,_15762_,21.857,21.857
cluster_20,u0.w[2][28]$_DFF_P_,21.857,21.857
cluster_20,input81,21.857,21.857
cluster_20,input82,21.857,21.857
cluster_20,input84,21.857,21.857
cluster_20,_29258_,21.857,21.857
cluster_20,_29257_,21.857,21.857
cluster_20,_29256_,21.857,21.857
cluster_20,_29255_,21.857,21.857
cluster_20,_29253_,21.857,21.857
cluster_20,_29251_,21.857,21.857
cluster_20,_29250_,21.857,21.857
cluster_20,_29249_,21.857,21.857
cluster_20,_29248_,21.857,21.857
cluster_20,_29245_,21.857,21.857
cluster_20,_29243_,21.857,21.857
cluster_20,_29242_,21.857,21.857
cluster_20,_29241_,21.857,21.857
cluster_20,_29240_,21.857,21.857
cluster_20,_29239_,21.857,21.857
cluster_20,input121,21.857,21.857
cluster_20,input119,21.857,21.857
cluster_20,input118,21.857,21.857
cluster_20,input117,21.857,21.857
cluster_20,input115,21.857,21.857
cluster_20,input86,21.857,21.857
cluster_20,_15763_,21.857,21.857
cluster_20,_15764_,21.857,21.857
cluster_20,_15740_,21.857,21.857
cluster_20,_15772_,21.857,21.857
cluster_20,_15802_,21.857,21.857
cluster_20,_15810_,21.857,21.857
cluster_20,_15811_,21.857,21.857
cluster_20,_15812_,21.857,21.857
cluster_20,_15820_,21.857,21.857
cluster_20,_15815_,21.857,21.857
cluster_20,_15816_,21.857,21.857
cluster_20,_15847_,21.857,21.857
cluster_20,_15846_,21.857,21.857
cluster_20,_15817_,21.857,21.857
cluster_20,_15844_,21.857,21.857
cluster_20,_15818_,21.857,21.857
cluster_20,_15765_,21.857,21.857
cluster_20,_15819_,21.857,21.857
cluster_20,_15843_,21.857,21.857
cluster_20,_15848_,21.857,21.857
cluster_20,_15849_,21.857,21.857
cluster_20,_15813_,21.857,21.857
cluster_20,_15801_,21.857,21.857
cluster_20,_15852_,21.857,21.857
cluster_20,_15850_,21.857,21.857
cluster_20,_15851_,21.857,21.857
cluster_20,_15778_,21.857,21.857
cluster_20,_15779_,21.857,21.857
cluster_20,_15780_,21.857,21.857
cluster_20,_15842_,21.857,21.857
cluster_20,_15782_,21.857,21.857
cluster_20,_15792_,21.857,21.857
cluster_20,_15798_,21.857,21.857
cluster_20,_15799_,21.857,21.857
cluster_20,_15781_,21.857,21.857
cluster_20,_15800_,21.857,21.857
cluster_21,input229,20.161,20.16
cluster_21,ld_r$_DFF_P_,20.161,20.16
cluster_21,input128,20.161,20.16
cluster_21,input137,20.161,20.16
cluster_21,input146,20.161,20.16
cluster_21,input167,20.161,20.16
cluster_21,input238,20.161,20.16
cluster_21,u0.w[3][10]$_DFF_P_,20.161,20.16
cluster_21,text_in_r[106]$_DFFE_PP_,20.161,20.16
cluster_21,text_in_r[114]$_DFFE_PP_,20.161,20.16
cluster_21,input203,20.161,20.16
cluster_21,output296,20.161,20.16
cluster_21,output332,20.161,20.16
cluster_21,u0.w[1][10]$_DFF_P_,20.161,20.16
cluster_21,u0.w[2][18]$_DFF_P_,20.161,20.16
cluster_21,u0.w[2][10]$_DFF_P_,20.161,20.16
cluster_21,text_in_r[18]$_DFFE_PP_,20.161,20.16
cluster_21,output323,20.161,20.16
cluster_21,text_out[106]$_DFF_P_,20.161,20.16
cluster_21,output266,20.161,20.16
cluster_21,text_out[74]$_DFF_P_,20.161,20.16
cluster_21,text_out[82]$_DFF_P_,20.161,20.16
cluster_21,text_out[50]$_DFF_P_,20.161,20.16
cluster_21,output358,20.161,20.16
cluster_21,text_out[42]$_DFF_P_,20.161,20.16
cluster_21,output367,20.161,20.16
cluster_21,text_out[18]$_DFF_P_,20.161,20.16
cluster_21,input8,20.161,20.16
cluster_21,input12,20.161,20.16
cluster_21,input17,20.161,20.16
cluster_21,input38,20.161,20.16
cluster_21,input64,20.161,20.16
cluster_21,u0.w[3][18]$_DFF_P_,20.161,20.16
cluster_21,input73,20.161,20.16
cluster_21,u0.u2.d[2]$_DFF_P_,20.161,20.16
cluster_21,u0.w[0][10]$_DFF_P_,20.161,20.16
cluster_21,u0.w[0][18]$_DFF_P_,20.161,20.16
cluster_21,input99,20.161,20.16
cluster_21,text_out[114]$_DFF_P_,20.161,20.16
cluster_21,text_out[10]$_DFF_P_,20.161,20.16
cluster_21,input108,20.161,20.16
cluster_21,output275,20.161,20.16
cluster_21,text_in_r[82]$_DFFE_PP_,20.161,20.16
cluster_21,text_in_r[74]$_DFFE_PP_,20.161,20.16
cluster_21,text_in_r[50]$_DFFE_PP_,20.161,20.16
cluster_21,output270,20.161,20.16
cluster_21,u0.u1.d[2]$_DFF_P_,20.161,20.16
cluster_21,u0.w[1][18]$_DFF_P_,20.161,20.16
cluster_21,_15332_,20.161,20.16
cluster_21,_23917_,20.161,20.16
cluster_21,_21229_,20.161,20.16
cluster_21,_21230_,20.161,20.16
cluster_21,_21231_,20.161,20.16
cluster_21,_21232_,20.161,20.16
cluster_21,_21233_,20.161,20.16
cluster_21,_21234_,20.161,20.16
cluster_21,_21235_,20.161,20.16
cluster_21,_21236_,20.161,20.16
cluster_21,_21237_,20.161,20.16
cluster_21,_21287_,20.161,20.16
cluster_21,_21889_,20.161,20.16
cluster_21,_21890_,20.161,20.16
cluster_21,_21891_,20.161,20.16
cluster_21,_21892_,20.161,20.16
cluster_21,_21893_,20.161,20.16
cluster_21,_21894_,20.161,20.16
cluster_21,_21895_,20.161,20.16
cluster_21,_21896_,20.161,20.16
cluster_21,_21897_,20.161,20.16
cluster_21,_21898_,20.161,20.16
cluster_21,_21899_,20.161,20.16
cluster_21,_21228_,20.161,20.16
cluster_21,_21227_,20.161,20.16
cluster_21,_21226_,20.161,20.16
cluster_21,_21225_,20.161,20.16
cluster_21,_18280_,20.161,20.16
cluster_21,_29297_,20.161,20.16
cluster_21,_18281_,20.161,20.16
cluster_21,_18304_,20.161,20.16
cluster_21,_19019_,20.161,20.16
cluster_21,_15613_,20.161,20.16
cluster_21,_19029_,20.161,20.16
cluster_21,_29289_,20.161,20.16
cluster_21,_19032_,20.161,20.16
cluster_21,_15612_,20.161,20.16
cluster_21,_21900_,20.161,20.16
cluster_21,_15611_,20.161,20.16
cluster_21,_29281_,20.161,20.16
cluster_21,_15417_,20.161,20.16
cluster_21,_29273_,20.161,20.16
cluster_21,_15926_,20.161,20.16
cluster_21,_15925_,20.161,20.16
cluster_21,_15924_,20.161,20.16
cluster_21,_21221_,20.161,20.16
cluster_21,_21222_,20.161,20.16
cluster_21,_21223_,20.161,20.16
cluster_21,_21224_,20.161,20.16
cluster_21,_15421_,20.161,20.16
cluster_21,_18271_,20.161,20.16
cluster_21,_21901_,20.161,20.16
cluster_21,_21903_,20.161,20.16
cluster_21,_23922_,20.161,20.16
cluster_21,_23923_,20.161,20.16
cluster_21,_23924_,20.161,20.16
cluster_21,_23925_,20.161,20.16
cluster_21,_23926_,20.161,20.16
cluster_21,_23927_,20.161,20.16
cluster_21,_23928_,20.161,20.16
cluster_21,_24585_,20.161,20.16
cluster_21,_24586_,20.161,20.16
cluster_21,_24587_,20.161,20.16
cluster_21,_24588_,20.161,20.16
cluster_21,_24589_,20.161,20.16
cluster_21,_24590_,20.161,20.16
cluster_21,_24591_,20.161,20.16
cluster_21,_24592_,20.161,20.16
cluster_21,_24593_,20.161,20.16
cluster_21,_24594_,20.161,20.16
cluster_21,_24595_,20.161,20.16
cluster_21,_24596_,20.161,20.16
cluster_21,_24597_,20.161,20.16
cluster_21,_24598_,20.161,20.16
cluster_21,_23921_,20.161,20.16
cluster_21,_23920_,20.161,20.16
cluster_21,_23919_,20.161,20.16
cluster_21,_23918_,20.161,20.16
cluster_21,_22584_,20.161,20.16
cluster_21,_22585_,20.161,20.16
cluster_21,_22586_,20.161,20.16
cluster_21,_23248_,20.161,20.16
cluster_21,_23249_,20.161,20.16
cluster_21,_23250_,20.161,20.16
cluster_21,_23251_,20.161,20.16
cluster_21,_23252_,20.161,20.16
cluster_21,_23253_,20.161,20.16
cluster_21,_23254_,20.161,20.16
cluster_21,_21902_,20.161,20.16
cluster_21,_23255_,20.161,20.16
cluster_21,_23257_,20.161,20.16
cluster_21,_23258_,20.161,20.16
cluster_21,_23259_,20.161,20.16
cluster_21,_23260_,20.161,20.16
cluster_21,_23261_,20.161,20.16
cluster_21,_23262_,20.161,20.16
cluster_21,_23263_,20.161,20.16
cluster_21,_23914_,20.161,20.16
cluster_21,_23915_,20.161,20.16
cluster_21,_23916_,20.161,20.16
cluster_21,_23256_,20.161,20.16
cluster_21,_18260_,20.161,20.16
cluster_21,_15610_,20.161,20.16
cluster_21,_18258_,20.161,20.16
cluster_21,_15629_,20.161,20.16
cluster_21,_15628_,20.161,20.16
cluster_21,_29375_,20.161,20.16
cluster_21,_15627_,20.161,20.16
cluster_21,_15362_,20.161,20.16
cluster_21,_15427_,20.161,20.16
cluster_21,_15428_,20.161,20.16
cluster_21,_15626_,20.161,20.16
cluster_21,_15429_,20.161,20.16
cluster_21,_15625_,20.161,20.16
cluster_21,_15430_,20.161,20.16
cluster_21,_18259_,20.161,20.16
cluster_21,_15431_,20.161,20.16
cluster_21,_15432_,20.161,20.16
cluster_21,_15624_,20.161,20.16
cluster_21,_15433_,20.161,20.16
cluster_21,_15434_,20.161,20.16
cluster_21,_15623_,20.161,20.16
cluster_21,_15435_,20.161,20.16
cluster_21,_15418_,20.161,20.16
cluster_21,_15436_,20.161,20.16
cluster_21,_29385_,20.161,20.16
cluster_21,_15437_,20.161,20.16
cluster_21,_29409_,20.161,20.16
cluster_21,_16019_,20.161,20.16
cluster_21,_15899_,20.161,20.16
cluster_21,_15423_,20.161,20.16
cluster_21,_15900_,20.161,20.16
cluster_21,_15341_,20.161,20.16
cluster_21,_15342_,20.161,20.16
cluster_21,_15424_,20.161,20.16
cluster_21,_15901_,20.161,20.16
cluster_21,_15419_,20.161,20.16
cluster_21,_16001_,20.161,20.16
cluster_21,_16003_,20.161,20.16
cluster_21,_15635_,20.161,20.16
cluster_21,_15634_,20.161,20.16
cluster_21,_15425_,20.161,20.16
cluster_21,_29487_,20.161,20.16
cluster_21,_29477_,20.161,20.16
cluster_21,_15633_,20.161,20.16
cluster_21,_15416_,20.161,20.16
cluster_21,_29448_,20.161,20.16
cluster_21,_15426_,20.161,20.16
cluster_21,_15632_,20.161,20.16
cluster_21,_15631_,20.161,20.16
cluster_21,_15630_,20.161,20.16
cluster_21,_15622_,20.161,20.16
cluster_21,_15420_,20.161,20.16
cluster_21,_15621_,20.161,20.16
cluster_21,_15614_,20.161,20.16
cluster_21,_29305_,20.161,20.16
cluster_21,_15415_,20.161,20.16
cluster_21,_15615_,20.161,20.16
cluster_21,_15616_,20.161,20.16
cluster_21,_29313_,20.161,20.16
cluster_21,_16085_,20.161,20.16
cluster_21,_16084_,20.161,20.16
cluster_21,_15617_,20.161,20.16
cluster_21,_15618_,20.161,20.16
cluster_21,_15422_,20.161,20.16
cluster_21,_15438_,20.161,20.16
cluster_21,_15619_,20.161,20.16
cluster_21,_29321_,20.161,20.16
cluster_21,_15440_,20.161,20.16
cluster_21,_15620_,20.161,20.16
cluster_21,_16068_,20.161,20.16
cluster_21,_15441_,20.161,20.16
cluster_21,_15439_,20.161,20.16
cluster_21,_16069_,20.161,20.16
cluster_21,_29329_,20.161,20.16
cluster_22,_15988_,14.615,14.615
cluster_22,u0.w[2][1]$_DFF_P_,14.615,14.615
cluster_22,u0.w[2][6]$_DFF_P_,14.615,14.615
cluster_22,_16060_,14.615,14.615
cluster_22,input124,14.615,14.615
cluster_22,_15876_,14.615,14.615
cluster_22,text_out[65]$_DFF_P_,14.615,14.615
cluster_22,u0.w[2][4]$_DFF_P_,14.615,14.615
cluster_22,u0.w[0][4]$_DFF_P_,14.615,14.615
cluster_22,u0.w[0][6]$_DFF_P_,14.615,14.615
cluster_22,input89,14.615,14.615
cluster_22,input92,14.615,14.615
cluster_22,input94,14.615,14.615
cluster_22,input95,14.615,14.615
cluster_22,output313,14.615,14.615
cluster_22,output316,14.615,14.615
cluster_22,input4,14.615,14.615
cluster_22,input2,14.615,14.615
cluster_22,_15977_,14.615,14.615
cluster_22,_15980_,14.615,14.615
cluster_22,_15994_,14.615,14.615
cluster_22,_15993_,14.615,14.615
cluster_22,_15982_,14.615,14.615
cluster_22,_15990_,14.615,14.615
cluster_22,_15989_,14.615,14.615
cluster_22,output318,14.615,14.615
cluster_22,u0.w[1][1]$_DFF_P_,14.615,14.615
cluster_22,_15566_,14.615,14.615
cluster_22,_15565_,14.615,14.615
cluster_22,_15872_,14.615,14.615
cluster_22,_15871_,14.615,14.615
cluster_22,_15873_,14.615,14.615
cluster_22,_16050_,14.615,14.615
cluster_22,_16049_,14.615,14.615
cluster_22,_15868_,14.615,14.615
cluster_22,text_out[38]$_DFF_P_,14.615,14.615
cluster_22,_15561_,14.615,14.615
cluster_22,_15560_,14.615,14.615
cluster_22,_15559_,14.615,14.615
cluster_22,_15557_,14.615,14.615
cluster_22,_15556_,14.615,14.615
cluster_22,_15536_,14.615,14.615
cluster_22,_15535_,14.615,14.615
cluster_22,_15534_,14.615,14.615
cluster_22,_15562_,14.615,14.615
cluster_22,_16042_,14.615,14.615
cluster_22,_15564_,14.615,14.615
cluster_22,_15563_,14.615,14.615
cluster_22,u0.w[1][6]$_DFF_P_,14.615,14.615
cluster_22,_16059_,14.615,14.615
cluster_22,u0.w[1][4]$_DFF_P_,14.615,14.615
cluster_22,_16056_,14.615,14.615
cluster_22,_16055_,14.615,14.615
cluster_22,input54,14.615,14.615
cluster_22,text_out[100]$_DFF_P_,14.615,14.615
cluster_22,text_out[102]$_DFF_P_,14.615,14.615
cluster_22,input57,14.615,14.615
cluster_22,text_out[36]$_DFF_P_,14.615,14.615
cluster_22,_15532_,14.615,14.615
cluster_22,input59,14.615,14.615
cluster_22,text_out[33]$_DFF_P_,14.615,14.615
cluster_22,text_out[68]$_DFF_P_,14.615,14.615
cluster_22,_15983_,14.615,14.615
cluster_22,_29357_,14.615,14.615
cluster_22,_15883_,14.615,14.615
cluster_22,text_out[97]$_DFF_P_,14.615,14.615
cluster_22,u0.u3.d[1]$_DFF_P_,14.615,14.615
cluster_22,output262,14.615,14.615
cluster_22,_15463_,14.615,14.615
cluster_22,_15464_,14.615,14.615
cluster_22,u0.u3.d[4]$_DFF_P_,14.615,14.615
cluster_22,_29336_,14.615,14.615
cluster_22,_15469_,14.615,14.615
cluster_22,output351,14.615,14.615
cluster_22,_15887_,14.615,14.615
cluster_22,_15888_,14.615,14.615
cluster_22,u0.u3.d[6]$_DFF_P_,14.615,14.615
cluster_22,_29355_,14.615,14.615
cluster_22,output260,14.615,14.615
cluster_22,output348,14.615,14.615
cluster_22,output354,14.615,14.615
cluster_22,_29339_,14.615,14.615
cluster_22,_15889_,14.615,14.615
cluster_22,_15530_,14.615,14.615
cluster_22,text_out[70]$_DFF_P_,14.615,14.615
cluster_22,_15529_,14.615,14.615
cluster_22,_29352_,14.615,14.615
cluster_22,u0.w[0][1]$_DFF_P_,14.615,14.615
cluster_22,output383,14.615,14.615
cluster_22,_29349_,14.615,14.615
cluster_22,_15882_,14.615,14.615
cluster_22,_29347_,14.615,14.615
cluster_22,_29344_,14.615,14.615
cluster_22,_15881_,14.615,14.615
cluster_22,_15531_,14.615,14.615
cluster_22,_29341_,14.615,14.615
cluster_23,_21191_,13.518,13.518
cluster_23,input145,13.518,13.518
cluster_23,u0.w[2][0]$_DFF_P_,13.518,13.518
cluster_23,output347,13.518,13.518
cluster_23,text_in_r[98]$_DFFE_PP_,13.518,13.518
cluster_23,input253,13.518,13.518
cluster_23,text_in_r[96]$_DFFE_PP_,13.518,13.518
cluster_23,_16047_,13.518,13.518
cluster_23,_15870_,13.518,13.518
cluster_23,_21195_,13.518,13.518
cluster_23,input16,13.518,13.518
cluster_23,_29272_,13.518,13.518
cluster_23,_21194_,13.518,13.518
cluster_23,_21193_,13.518,13.518
cluster_23,u0.w[0][0]$_DFF_P_,13.518,13.518
cluster_23,text_out[32]$_DFF_P_,13.518,13.518
cluster_23,_15866_,13.518,13.518
cluster_23,_21183_,13.518,13.518
cluster_23,_21184_,13.518,13.518
cluster_23,_21185_,13.518,13.518
cluster_23,_21186_,13.518,13.518
cluster_23,_21188_,13.518,13.518
cluster_23,_21189_,13.518,13.518
cluster_23,_16048_,13.518,13.518
cluster_23,_21192_,13.518,13.518
cluster_23,_15867_,13.518,13.518
cluster_23,_18308_,13.518,13.518
cluster_23,input123,13.518,13.518
cluster_23,_29335_,13.518,13.518
cluster_23,_15447_,13.518,13.518
cluster_23,text_out[113]$_DFF_P_,13.518,13.518
cluster_23,_15448_,13.518,13.518
cluster_23,_29343_,13.518,13.518
cluster_23,_15449_,13.518,13.518
cluster_23,text_out[96]$_DFF_P_,13.518,13.518
cluster_23,input53,13.518,13.518
cluster_23,_15450_,13.518,13.518
cluster_23,input88,13.518,13.518
cluster_23,input255,13.518,13.518
cluster_23,_15451_,13.518,13.518
cluster_23,_16082_,13.518,13.518
cluster_23,_16083_,13.518,13.518
cluster_23,u0.u3.d[0]$_DFF_P_,13.518,13.518
cluster_23,text_in_r[113]$_DFFE_PP_,13.518,13.518
cluster_23,_15452_,13.518,13.518
cluster_23,_29384_,13.518,13.518
cluster_23,_15454_,13.518,13.518
cluster_23,_15456_,13.518,13.518
cluster_23,_29426_,13.518,13.518
cluster_23,_29351_,13.518,13.518
cluster_23,_18296_,13.518,13.518
cluster_23,output312,13.518,13.518
cluster_23,_18319_,13.518,13.518
cluster_23,text_in_r[32]$_DFFE_PP_,13.518,13.518
cluster_23,_15455_,13.518,13.518
cluster_23,_21190_,13.518,13.518
cluster_23,_23888_,13.518,13.518
cluster_23,_15978_,13.518,13.518
cluster_23,_29503_,13.518,13.518
cluster_23,_26607_,13.518,13.518
cluster_23,_26622_,13.518,13.518
cluster_23,_26606_,13.518,13.518
cluster_23,_26605_,13.518,13.518
cluster_23,_26623_,13.518,13.518
cluster_23,_15373_,13.518,13.518
cluster_23,_26624_,13.518,13.518
cluster_23,_26582_,13.518,13.518
cluster_23,_26595_,13.518,13.518
cluster_23,_26596_,13.518,13.518
cluster_23,_26604_,13.518,13.518
cluster_23,_26597_,13.518,13.518
cluster_23,_26625_,13.518,13.518
cluster_23,_26598_,13.518,13.518
cluster_23,_26603_,13.518,13.518
cluster_23,_26599_,13.518,13.518
cluster_23,_26600_,13.518,13.518
cluster_23,_26601_,13.518,13.518
cluster_23,_26602_,13.518,13.518
cluster_23,u0.w[1][0]$_DFF_P_,13.518,13.518
cluster_23,_29505_,13.518,13.518
cluster_23,_27910_,13.518,13.518
cluster_23,_27911_,13.518,13.518
cluster_23,text_out[64]$_DFF_P_,13.518,13.518
cluster_23,_26616_,13.518,13.518
cluster_23,_26615_,13.518,13.518
cluster_23,output274,13.518,13.518
cluster_23,_26614_,13.518,13.518
cluster_23,_26617_,13.518,13.518
cluster_23,_26613_,13.518,13.518
cluster_23,output382,13.518,13.518
cluster_23,_26608_,13.518,13.518
cluster_23,_26609_,13.518,13.518
cluster_23,u0.w[0][17]$_DFF_P_,13.518,13.518
cluster_23,_15981_,13.518,13.518
cluster_23,_26618_,13.518,13.518
cluster_23,_26619_,13.518,13.518
cluster_23,_27913_,13.518,13.518
cluster_23,_26620_,13.518,13.518
cluster_23,input183,13.518,13.518
cluster_23,_27912_,13.518,13.518
cluster_23,_26621_,13.518,13.518
cluster_24,_15479_,13.27,13.27
cluster_24,_15477_,13.27,13.27
cluster_24,_15480_,13.27,13.27
cluster_24,_18261_,13.27,13.27
cluster_24,output314,13.27,13.27
cluster_24,clone16,13.27,13.27
cluster_24,_15478_,13.27,13.27
cluster_24,u0.u3.d[2]$_DFF_P_,13.27,13.27
cluster_24,_27930_,13.27,13.27
cluster_24,input90,13.27,13.27
cluster_24,_15985_,13.27,13.27
cluster_24,text_in_r[34]$_DFFE_PP_,13.27,13.27
cluster_24,u0.w[0][2]$_DFF_P_,13.27,13.27
cluster_24,_29353_,13.27,13.27
cluster_24,text_in_r[2]$_DFFE_PP_,13.27,13.27
cluster_24,_16051_,13.27,13.27
cluster_24,_16052_,13.27,13.27
cluster_24,output384,13.27,13.27
cluster_24,_29345_,13.27,13.27
cluster_24,_29361_,13.27,13.27
cluster_24,_25918_,13.27,13.27
cluster_24,input180,13.27,13.27
cluster_24,_29337_,13.27,13.27
cluster_24,_24556_,13.27,13.27
cluster_24,input55,13.27,13.27
cluster_24,text_out[98]$_DFF_P_,13.27,13.27
cluster_24,u0.w[3][2]$_DFF_P_,13.27,13.27
cluster_24,input185,13.27,13.27
cluster_24,_15503_,13.27,13.27
cluster_24,_15502_,13.27,13.27
cluster_24,_15501_,13.27,13.27
cluster_24,_15500_,13.27,13.27
cluster_24,_15499_,13.27,13.27
cluster_24,_15984_,13.27,13.27
cluster_24,input220,13.27,13.27
cluster_24,input50,13.27,13.27
cluster_24,_29423_,13.27,13.27
cluster_24,u0.w[2][2]$_DFF_P_,13.27,13.27
cluster_24,_15481_,13.27,13.27
cluster_24,_15482_,13.27,13.27
cluster_24,_27281_,13.27,13.27
cluster_24,_15494_,13.27,13.27
cluster_24,_27279_,13.27,13.27
cluster_24,_27280_,13.27,13.27
cluster_24,_27282_,13.27,13.27
cluster_24,_27283_,13.27,13.27
cluster_24,_27284_,13.27,13.27
cluster_24,_27285_,13.27,13.27
cluster_24,_27286_,13.27,13.27
cluster_24,text_in_r[66]$_DFFE_PP_,13.27,13.27
cluster_24,_15495_,13.27,13.27
cluster_24,_15496_,13.27,13.27
cluster_24,_15497_,13.27,13.27
cluster_24,output349,13.27,13.27
cluster_24,_21856_,13.27,13.27
cluster_24,_27278_,13.27,13.27
cluster_24,_15874_,13.27,13.27
cluster_24,_15498_,13.27,13.27
cluster_24,_28612_,13.27,13.27
cluster_24,_28611_,13.27,13.27
cluster_24,_28610_,13.27,13.27
cluster_24,_28609_,13.27,13.27
cluster_24,_28608_,13.27,13.27
cluster_24,_28607_,13.27,13.27
cluster_24,_28606_,13.27,13.27
cluster_24,_28605_,13.27,13.27
cluster_24,_28604_,13.27,13.27
cluster_24,_28603_,13.27,13.27
cluster_24,_28602_,13.27,13.27
cluster_24,_28601_,13.27,13.27
cluster_24,_28600_,13.27,13.27
cluster_24,_27928_,13.27,13.27
cluster_24,_27277_,13.27,13.27
cluster_24,text_out[66]$_DFF_P_,13.27,13.27
cluster_24,_27274_,13.27,13.27
cluster_24,_27276_,13.27,13.27
cluster_24,_29429_,13.27,13.27
cluster_24,input125,13.27,13.27
cluster_24,_15487_,13.27,13.27
cluster_24,_27273_,13.27,13.27
cluster_24,_15489_,13.27,13.27
cluster_24,text_out[2]$_DFF_P_,13.27,13.27
cluster_24,_15486_,13.27,13.27
cluster_24,_15877_,13.27,13.27
cluster_24,_29467_,13.27,13.27
cluster_24,output309,13.27,13.27
cluster_24,_15490_,13.27,13.27
cluster_24,_15491_,13.27,13.27
cluster_24,text_out[34]$_DFF_P_,13.27,13.27
cluster_24,_15484_,13.27,13.27
cluster_24,_15875_,13.27,13.27
cluster_24,_15492_,13.27,13.27
cluster_24,_15483_,13.27,13.27
cluster_24,_15493_,13.27,13.27
cluster_24,_27929_,13.27,13.27
cluster_24,u0.w[1][2]$_DFF_P_,13.27,13.27
cluster_24,_27275_,13.27,13.27
cluster_24,_15485_,13.27,13.27
cluster_24,_15488_,13.27,13.27
cluster_25,u0.u1.d[4]$_DFF_P_,11.716,11.715
cluster_25,input19,11.716,11.715
cluster_25,_16015_,11.716,11.715
cluster_25,_16012_,11.716,11.715
cluster_25,output277,11.716,11.715
cluster_25,_15337_,11.716,11.715
cluster_25,_15644_,11.716,11.715
cluster_25,output369,11.716,11.715
cluster_25,output365,11.716,11.715
cluster_25,_16002_,11.716,11.715
cluster_25,output366,11.716,11.715
cluster_25,_16018_,11.716,11.715
cluster_25,_16004_,11.716,11.715
cluster_25,_16022_,11.716,11.715
cluster_25,_16005_,11.716,11.715
cluster_25,_15359_,11.716,11.715
cluster_25,_15979_,11.716,11.715
cluster_25,_16016_,11.716,11.715
cluster_25,_16023_,11.716,11.715
cluster_25,input18,11.716,11.715
cluster_25,_16017_,11.716,11.715
cluster_25,_29275_,11.716,11.715
cluster_25,_15930_,11.716,11.715
cluster_25,_29274_,11.716,11.715
cluster_25,_15403_,11.716,11.715
cluster_25,_15404_,11.716,11.715
cluster_25,u0.w[1][20]$_DFF_P_,11.716,11.715
cluster_25,_15406_,11.716,11.715
cluster_25,text_out[52]$_DFF_P_,11.716,11.715
cluster_25,u0.w[1][17]$_DFF_P_,11.716,11.715
cluster_25,u0.w[1][16]$_DFF_P_,11.716,11.715
cluster_25,u0.w[1][11]$_DFF_P_,11.716,11.715
cluster_25,_15374_,11.716,11.715
cluster_25,text_out[84]$_DFF_P_,11.716,11.715
cluster_25,output334,11.716,11.715
cluster_25,text_out[81]$_DFF_P_,11.716,11.715
cluster_25,text_out[80]$_DFF_P_,11.716,11.715
cluster_25,u0.w[0][19]$_DFF_P_,11.716,11.715
cluster_25,text_out[75]$_DFF_P_,11.716,11.715
cluster_25,u0.w[0][20]$_DFF_P_,11.716,11.715
cluster_25,_15407_,11.716,11.715
cluster_25,_15408_,11.716,11.715
cluster_25,_15931_,11.716,11.715
cluster_25,_15932_,11.716,11.715
cluster_25,output276,11.716,11.715
cluster_25,_15401_,11.716,11.715
cluster_25,_29314_,11.716,11.715
cluster_25,output359,11.716,11.715
cluster_25,_16086_,11.716,11.715
cluster_25,_16087_,11.716,11.715
cluster_25,_16088_,11.716,11.715
cluster_25,_15402_,11.716,11.715
cluster_25,_16089_,11.716,11.715
cluster_25,input100,11.716,11.715
cluster_25,input106,11.716,11.715
cluster_25,input107,11.716,11.715
cluster_25,input110,11.716,11.715
cluster_25,_29291_,11.716,11.715
cluster_25,u0.w[2][20]$_DFF_P_,11.716,11.715
cluster_25,_29283_,11.716,11.715
cluster_25,_29280_,11.716,11.715
cluster_25,input75,11.716,11.715
cluster_25,_29279_,11.716,11.715
cluster_25,text_out[115]$_DFF_P_,11.716,11.715
cluster_25,text_out[116]$_DFF_P_,11.716,11.715
cluster_26,u0.u2.d[0]$_DFF_P_,10.366,10.367
cluster_26,text_out[72]$_DFF_P_,10.366,10.367
cluster_26,u0.w[0][8]$_DFF_P_,10.366,10.367
cluster_26,_15893_,10.366,10.367
cluster_26,text_out[40]$_DFF_P_,10.366,10.367
cluster_26,u0.w[1][8]$_DFF_P_,10.366,10.367
cluster_26,input6,10.366,10.367
cluster_26,u0.w[2][8]$_DFF_P_,10.366,10.367
cluster_26,text_out[104]$_DFF_P_,10.366,10.367
cluster_26,_15895_,10.366,10.367
cluster_26,_25262_,10.366,10.367
cluster_26,_25267_,10.366,10.367
cluster_26,_25266_,10.366,10.367
cluster_26,_25265_,10.366,10.367
cluster_26,_25264_,10.366,10.367
cluster_26,_25263_,10.366,10.367
cluster_26,output321,10.366,10.367
cluster_26,_25261_,10.366,10.367
cluster_26,_25260_,10.366,10.367
cluster_26,_25259_,10.366,10.367
cluster_26,_25255_,10.366,10.367
cluster_26,_25254_,10.366,10.367
cluster_26,_25253_,10.366,10.367
cluster_26,_25252_,10.366,10.367
cluster_26,_25251_,10.366,10.367
cluster_26,input97,10.366,10.367
cluster_26,_25250_,10.366,10.367
cluster_26,_25249_,10.366,10.367
cluster_26,_22559_,10.366,10.367
cluster_26,_22552_,10.366,10.367
cluster_26,_15586_,10.366,10.367
cluster_26,_15581_,10.366,10.367
cluster_26,_15580_,10.366,10.367
cluster_26,_15894_,10.366,10.367
cluster_26,_25268_,10.366,10.367
cluster_26,_25270_,10.366,10.367
cluster_26,_25269_,10.366,10.367
cluster_26,_29311_,10.366,10.367
cluster_26,_15998_,10.366,10.367
cluster_26,_29437_,10.366,10.367
cluster_26,_29436_,10.366,10.367
cluster_26,output264,10.366,10.367
cluster_26,output356,10.366,10.367
cluster_26,_29319_,10.366,10.367
cluster_26,_25271_,10.366,10.367
cluster_26,_29303_,10.366,10.367
cluster_26,_15997_,10.366,10.367
cluster_26,text_in_r[41]$_DFFE_PP_,10.366,10.367
cluster_26,text_in_r[40]$_DFFE_PP_,10.366,10.367
cluster_26,input62,10.366,10.367
cluster_26,input193,10.366,10.367
cluster_26,input192,10.366,10.367
cluster_26,_16064_,10.366,10.367
cluster_26,_25273_,10.366,10.367
cluster_26,_16065_,10.366,10.367
cluster_26,_25272_,10.366,10.367
cluster_27,_21209_,9.397,9.398
cluster_27,_21187_,9.397,9.398
cluster_27,_21201_,9.397,9.398
cluster_27,_21203_,9.397,9.398
cluster_27,_21207_,9.397,9.398
cluster_27,_21204_,9.397,9.398
cluster_27,_21205_,9.397,9.398
cluster_27,_21206_,9.397,9.398
cluster_27,_21211_,9.397,9.398
cluster_27,_21208_,9.397,9.398
cluster_27,_21212_,9.397,9.398
cluster_27,_21202_,9.397,9.398
cluster_27,_21214_,9.397,9.398
cluster_27,_21215_,9.397,9.398
cluster_27,_21216_,9.397,9.398
cluster_27,_21217_,9.397,9.398
cluster_27,u0.w[0][16]$_DFF_P_,9.397,9.398
cluster_27,_29271_,9.397,9.398
cluster_27,input211,9.397,9.398
cluster_27,_29383_,9.397,9.398
cluster_27,_29457_,9.397,9.398
cluster_27,_15358_,9.397,9.398
cluster_27,output273,9.397,9.398
cluster_27,_21213_,9.397,9.398
cluster_27,_19812_,9.397,9.398
cluster_27,_21210_,9.397,9.398
cluster_27,_19810_,9.397,9.398
cluster_27,_16080_,9.397,9.398
cluster_27,_16081_,9.397,9.398
cluster_27,text_in_r[112]$_DFFE_PP_,9.397,9.398
cluster_27,_19811_,9.397,9.398
cluster_27,_18311_,9.397,9.398
cluster_27,_18316_,9.397,9.398
cluster_27,input15,9.397,9.398
cluster_27,text_out[112]$_DFF_P_,9.397,9.398
cluster_27,text_in_r[58]$_DFFE_PP_,9.397,9.398
cluster_27,input144,9.397,9.398
cluster_27,_19795_,9.397,9.398
cluster_27,_19798_,9.397,9.398
cluster_27,_19799_,9.397,9.398
cluster_27,_19794_,9.397,9.398
cluster_27,_19801_,9.397,9.398
cluster_27,_19802_,9.397,9.398
cluster_27,_19803_,9.397,9.398
cluster_27,_19804_,9.397,9.398
cluster_27,_19805_,9.397,9.398
cluster_27,_19806_,9.397,9.398
cluster_27,_19800_,9.397,9.398
cluster_27,_19807_,9.397,9.398
cluster_27,_19809_,9.397,9.398
cluster_27,_19808_,9.397,9.398
cluster_28,_15909_,9.212,9.211
cluster_28,_15910_,9.212,9.211
cluster_28,_29306_,9.212,9.211
cluster_28,_15911_,9.212,9.211
cluster_28,input67,9.212,9.211
cluster_28,input9,9.212,9.211
cluster_28,_15684_,9.212,9.211
cluster_28,_29308_,9.212,9.211
cluster_28,_16062_,9.212,9.211
cluster_28,input11,9.212,9.211
cluster_28,_16008_,9.212,9.211
cluster_28,u0.u2.d[5]$_DFF_P_,9.212,9.211
cluster_28,_16009_,9.212,9.211
cluster_28,_15683_,9.212,9.211
cluster_28,_29324_,9.212,9.211
cluster_28,output361,9.212,9.211
cluster_28,u0.w[0][11]$_DFF_P_,9.212,9.211
cluster_28,_15643_,9.212,9.211
cluster_28,_15677_,9.212,9.211
cluster_28,_15682_,9.212,9.211
cluster_28,output267,9.212,9.211
cluster_28,output269,9.212,9.211
cluster_28,_15678_,9.212,9.211
cluster_28,_29316_,9.212,9.211
cluster_28,u0.w[0][13]$_DFF_P_,9.212,9.211
cluster_28,_16075_,9.212,9.211
cluster_28,text_out[109]$_DFF_P_,9.212,9.211
cluster_28,_15680_,9.212,9.211
cluster_28,text_out[45]$_DFF_P_,9.212,9.211
cluster_28,u0.w[2][13]$_DFF_P_,9.212,9.211
cluster_28,u0.w[1][13]$_DFF_P_,9.212,9.211
cluster_28,output326,9.212,9.211
cluster_28,input102,9.212,9.211
cluster_28,text_out[107]$_DFF_P_,9.212,9.211
cluster_28,_15679_,9.212,9.211
cluster_28,_16070_,9.212,9.211
cluster_28,text_out[77]$_DFF_P_,9.212,9.211
cluster_28,_16074_,9.212,9.211
cluster_28,_16071_,9.212,9.211
cluster_29,_15830_,9.482,9.482
cluster_29,u0.w[1][29]$_DFF_P_,9.482,9.482
cluster_29,u0.w[3][29]$_DFF_P_,9.482,9.482
cluster_29,u0.u0.d[5]$_DFF_P_,9.482,9.482
cluster_29,_15828_,9.482,9.482
cluster_29,input29,9.482,9.482
cluster_29,input120,9.482,9.482
cluster_29,u0.w[2][29]$_DFF_P_,9.482,9.482
cluster_29,_15836_,9.482,9.482
cluster_29,_15835_,9.482,9.482
cluster_29,input85,9.482,9.482
cluster_29,u0.w[0][29]$_DFF_P_,9.482,9.482
cluster_29,_15833_,9.482,9.482
cluster_29,_15832_,9.482,9.482
cluster_29,_15831_,9.482,9.482
cluster_29,_15829_,9.482,9.482
cluster_29,_15834_,9.482,9.482
cluster_29,_15966_,9.482,9.482
cluster_29,_29252_,9.482,9.482
cluster_29,output308,9.482,9.482
cluster_29,text_out[93]$_DFF_P_,9.482,9.482
cluster_29,text_out[29]$_DFF_P_,9.482,9.482
cluster_29,text_out[125]$_DFF_P_,9.482,9.482
cluster_29,_16107_,9.482,9.482
cluster_29,_16106_,9.482,9.482
cluster_29,output379,9.482,9.482
cluster_29,_29268_,9.482,9.482
cluster_29,text_out[61]$_DFF_P_,9.482,9.482
cluster_29,output344,9.482,9.482
cluster_29,_29532_,9.482,9.482
cluster_29,output287,9.482,9.482
cluster_29,_16041_,9.482,9.482
cluster_29,_29244_,9.482,9.482
cluster_29,u0.r0.out[29]$_SDFF_PP0_,9.482,9.482
cluster_29,_15968_,9.482,9.482
cluster_29,_29260_,9.482,9.482
cluster_29,_15969_,9.482,9.482
cluster_29,_29531_,9.482,9.482
cluster_29,_16043_,9.482,9.482
cluster_29,_15967_,9.482,9.482
cluster_30,_15937_,9.11,9.11
cluster_30,text_out[54]$_DFF_P_,9.11,9.11
cluster_30,u0.w[2][22]$_DFF_P_,9.11,9.11
cluster_30,input21,9.11,9.11
cluster_30,u0.w[1][22]$_DFF_P_,9.11,9.11
cluster_30,output301,9.11,9.11
cluster_30,output336,9.11,9.11
cluster_30,_15936_,9.11,9.11
cluster_30,input112,9.11,9.11
cluster_30,_16027_,9.11,9.11
cluster_30,text_out[118]$_DFF_P_,9.11,9.11
cluster_30,input43,9.11,9.11
cluster_30,_16028_,9.11,9.11
cluster_30,input77,9.11,9.11
cluster_30,_15712_,9.11,9.11
cluster_30,_15713_,9.11,9.11
cluster_30,_15714_,9.11,9.11
cluster_30,_15715_,9.11,9.11
cluster_30,_15716_,9.11,9.11
cluster_30,_15717_,9.11,9.11
cluster_30,_15718_,9.11,9.11
cluster_30,_15719_,9.11,9.11
cluster_30,_15720_,9.11,9.11
cluster_30,_15721_,9.11,9.11
cluster_30,_16093_,9.11,9.11
cluster_30,u0.w[3][22]$_DFF_P_,9.11,9.11
cluster_30,_15939_,9.11,9.11
cluster_30,_16092_,9.11,9.11
cluster_30,text_out[22]$_DFF_P_,9.11,9.11
cluster_30,_29301_,9.11,9.11
cluster_30,_29293_,9.11,9.11
cluster_30,_29285_,9.11,9.11
cluster_30,output279,9.11,9.11
cluster_30,_29277_,9.11,9.11
cluster_30,output371,9.11,9.11
cluster_30,u0.w[0][22]$_DFF_P_,9.11,9.11
cluster_30,u0.u1.d[6]$_DFF_P_,9.11,9.11
cluster_30,text_out[86]$_DFF_P_,9.11,9.11
cluster_31,output364,8.888,8.889
cluster_31,_15571_,8.888,8.889
cluster_31,input60,8.888,8.889
cluster_31,text_out[7]$_DFF_P_,8.888,8.889
cluster_31,_15572_,8.888,8.889
cluster_31,_15573_,8.888,8.889
cluster_31,input105,8.888,8.889
cluster_31,u0.w[1][7]$_DFF_P_,8.888,8.889
cluster_31,_15574_,8.888,8.889
cluster_31,_15575_,8.888,8.889
cluster_31,input96,8.888,8.889
cluster_31,_29350_,8.888,8.889
cluster_31,output355,8.888,8.889
cluster_31,_16061_,8.888,8.889
cluster_31,_16063_,8.888,8.889
cluster_31,text_out[39]$_DFF_P_,8.888,8.889
cluster_31,u0.u3.d[7]$_DFF_P_,8.888,8.889
cluster_31,u0.w[3][7]$_DFF_P_,8.888,8.889
cluster_31,output263,8.888,8.889
cluster_31,_29366_,8.888,8.889
cluster_31,u0.w[2][7]$_DFF_P_,8.888,8.889
cluster_31,_29358_,8.888,8.889
cluster_31,_15570_,8.888,8.889
cluster_31,_29342_,8.888,8.889
cluster_31,_15568_,8.888,8.889
cluster_31,_15569_,8.888,8.889
cluster_31,text_out[103]$_DFF_P_,8.888,8.889
cluster_31,input5,8.888,8.889
cluster_31,_15892_,8.888,8.889
cluster_31,text_out[71]$_DFF_P_,8.888,8.889
cluster_31,_15890_,8.888,8.889
cluster_31,_15891_,8.888,8.889
cluster_31,_15995_,8.888,8.889
cluster_31,u0.w[0][7]$_DFF_P_,8.888,8.889
cluster_31,output319,8.888,8.889
cluster_31,_15996_,8.888,8.889
cluster_32,text_out[127]$_DFF_P_,8.858,8.859
cluster_32,_15858_,8.858,8.859
cluster_32,u0.w[2][31]$_DFF_P_,8.858,8.859
cluster_32,_29246_,8.858,8.859
cluster_32,text_out[95]$_DFF_P_,8.858,8.859
cluster_32,_15857_,8.858,8.859
cluster_32,_15854_,8.858,8.859
cluster_32,u0.w[0][31]$_DFF_P_,8.858,8.859
cluster_32,_15856_,8.858,8.859
cluster_32,_15853_,8.858,8.859
cluster_32,_15975_,8.858,8.859
cluster_32,text_out[63]$_DFF_P_,8.858,8.859
cluster_32,_15976_,8.858,8.859
cluster_32,_16111_,8.858,8.859
cluster_32,_29254_,8.858,8.859
cluster_32,_16110_,8.858,8.859
cluster_32,input87,8.858,8.859
cluster_32,_15859_,8.858,8.859
cluster_32,_15862_,8.858,8.859
cluster_32,_15861_,8.858,8.859
cluster_32,input31,8.858,8.859
cluster_32,u0.r0.out[31]$_SDFF_PP0_,8.858,8.859
cluster_32,_16046_,8.858,8.859
cluster_32,_15860_,8.858,8.859
cluster_32,u0.w[1][31]$_DFF_P_,8.858,8.859
cluster_32,_15973_,8.858,8.859
cluster_32,_29536_,8.858,8.859
cluster_32,input52,8.858,8.859
cluster_32,output289,8.858,8.859
cluster_32,_15863_,8.858,8.859
cluster_32,_15974_,8.858,8.859
cluster_32,u0.u0.d[7]$_DFF_P_,8.858,8.859
cluster_32,_29262_,8.858,8.859
cluster_32,output346,8.858,8.859
cluster_32,input122,8.858,8.859
cluster_32,output381,8.858,8.859
cluster_33,u0.u3.d[3]$_DFF_P_,8.768,8.768
cluster_33,input56,8.768,8.768
cluster_33,_16053_,8.768,8.768
cluster_33,input91,8.768,8.768
cluster_33,_16054_,8.768,8.768
cluster_33,_15987_,8.768,8.768
cluster_33,_29354_,8.768,8.768
cluster_33,text_out[99]$_DFF_P_,8.768,8.768
cluster_33,_29346_,8.768,8.768
cluster_33,_15878_,8.768,8.768
cluster_33,_15986_,8.768,8.768
cluster_33,_15514_,8.768,8.768
cluster_33,u0.w[1][3]$_DFF_P_,8.768,8.768
cluster_33,output350,8.768,8.768
cluster_33,_29338_,8.768,8.768
cluster_33,_15522_,8.768,8.768
cluster_33,_15521_,8.768,8.768
cluster_33,_15520_,8.768,8.768
cluster_33,_15519_,8.768,8.768
cluster_33,_15517_,8.768,8.768
cluster_33,_15516_,8.768,8.768
cluster_33,_15515_,8.768,8.768
cluster_33,text_out[35]$_DFF_P_,8.768,8.768
cluster_33,input126,8.768,8.768
cluster_33,output385,8.768,8.768
cluster_33,_15512_,8.768,8.768
cluster_33,u0.w[2][3]$_DFF_P_,8.768,8.768
cluster_33,_15879_,8.768,8.768
cluster_33,_15511_,8.768,8.768
cluster_33,u0.w[0][3]$_DFF_P_,8.768,8.768
cluster_33,_15880_,8.768,8.768
cluster_33,text_out[67]$_DFF_P_,8.768,8.768
cluster_33,_17188_,8.768,8.768
cluster_33,_17187_,8.768,8.768
cluster_33,_17186_,8.768,8.768
cluster_33,output315,8.768,8.768
cluster_33,_15513_,8.768,8.768
cluster_34,_15999_,8.522,8.521
cluster_34,_16000_,8.522,8.521
cluster_34,_15896_,8.522,8.521
cluster_34,input98,8.522,8.521
cluster_34,input63,8.522,8.521
cluster_34,_15595_,8.522,8.521
cluster_34,output357,8.522,8.521
cluster_34,_16067_,8.522,8.521
cluster_34,_29320_,8.522,8.521
cluster_34,_15606_,8.522,8.521
cluster_34,_15605_,8.522,8.521
cluster_34,_29304_,8.522,8.521
cluster_34,input127,8.522,8.521
cluster_34,_16066_,8.522,8.521
cluster_34,_15604_,8.522,8.521
cluster_34,output265,8.522,8.521
cluster_34,_15603_,8.522,8.521
cluster_34,_15601_,8.522,8.521
cluster_34,_15600_,8.522,8.521
cluster_34,_15599_,8.522,8.521
cluster_34,_15598_,8.522,8.521
cluster_34,_15597_,8.522,8.521
cluster_34,_15596_,8.522,8.521
cluster_34,output322,8.522,8.521
cluster_34,_29312_,8.522,8.521
cluster_34,_15897_,8.522,8.521
cluster_34,text_out[73]$_DFF_P_,8.522,8.521
cluster_34,u0.w[0][9]$_DFF_P_,8.522,8.521
cluster_34,_15898_,8.522,8.521
cluster_34,u0.w[2][9]$_DFF_P_,8.522,8.521
cluster_34,u0.w[1][9]$_DFF_P_,8.522,8.521
cluster_34,text_out[41]$_DFF_P_,8.522,8.521
cluster_34,u0.u2.d[1]$_DFF_P_,8.522,8.521
cluster_34,text_out[105]$_DFF_P_,8.522,8.521
cluster_34,input7,8.522,8.521
cluster_35,input58,8.316,8.316
cluster_35,_15542_,8.316,8.316
cluster_35,_15544_,8.316,8.316
cluster_35,_15545_,8.316,8.316
cluster_35,_15546_,8.316,8.316
cluster_35,_16057_,8.316,8.316
cluster_35,text_out[37]$_DFF_P_,8.316,8.316
cluster_35,u0.w[0][5]$_DFF_P_,8.316,8.316
cluster_35,_15549_,8.316,8.316
cluster_35,_15550_,8.316,8.316
cluster_35,_16058_,8.316,8.316
cluster_35,_15551_,8.316,8.316
cluster_35,_15552_,8.316,8.316
cluster_35,u0.w[1][5]$_DFF_P_,8.316,8.316
cluster_35,input83,8.316,8.316
cluster_35,u0.w[2][5]$_DFF_P_,8.316,8.316
cluster_35,_15547_,8.316,8.316
cluster_35,_15548_,8.316,8.316
cluster_35,input93,8.316,8.316
cluster_35,_15885_,8.316,8.316
cluster_35,output317,8.316,8.316
cluster_35,_15884_,8.316,8.316
cluster_35,_29356_,8.316,8.316
cluster_35,text_out[69]$_DFF_P_,8.316,8.316
cluster_35,_15886_,8.316,8.316
cluster_35,input3,8.316,8.316
cluster_35,_15991_,8.316,8.316
cluster_35,_29348_,8.316,8.316
cluster_35,u0.u3.d[5]$_DFF_P_,8.316,8.316
cluster_35,_15992_,8.316,8.316
cluster_35,_29340_,8.316,8.316
cluster_35,text_out[101]$_DFF_P_,8.316,8.316
cluster_35,output261,8.316,8.316
cluster_35,output352,8.316,8.316
cluster_36,_29287_,8.122,8.122
cluster_36,_22565_,8.122,8.122
cluster_36,_15344_,8.122,8.122
cluster_36,_15928_,8.122,8.122
cluster_36,_15929_,8.122,8.122
cluster_36,u0.w[2][16]$_DFF_P_,8.122,8.122
cluster_36,u0.w[2][17]$_DFF_P_,8.122,8.122
cluster_36,u0.w[2][19]$_DFF_P_,8.122,8.122
cluster_36,_22566_,8.122,8.122
cluster_36,_22564_,8.122,8.122
cluster_36,_15907_,8.122,8.122
cluster_36,_15364_,8.122,8.122
cluster_36,_22567_,8.122,8.122
cluster_36,output329,8.122,8.122
cluster_36,output330,8.122,8.122
cluster_36,text_out[48]$_DFF_P_,8.122,8.122
cluster_36,_29290_,8.122,8.122
cluster_36,_15923_,8.122,8.122
cluster_36,output333,8.122,8.122
cluster_36,text_out[51]$_DFF_P_,8.122,8.122
cluster_36,_15920_,8.122,8.122
cluster_36,_15919_,8.122,8.122
cluster_36,_15378_,8.122,8.122
cluster_36,_29288_,8.122,8.122
cluster_36,input200,8.122,8.122
cluster_36,_29445_,8.122,8.122
cluster_36,_15922_,8.122,8.122
cluster_36,text_out[49]$_DFF_P_,8.122,8.122
cluster_36,input70,8.122,8.122
cluster_36,text_in_r[48]$_DFFE_PP_,8.122,8.122
cluster_36,input71,8.122,8.122
cluster_36,input74,8.122,8.122
cluster_37,output325,8.171,8.171
cluster_37,_15661_,8.171,8.171
cluster_37,output360,8.171,8.171
cluster_37,_16006_,8.171,8.171
cluster_37,u0.w[1][12]$_DFF_P_,8.171,8.171
cluster_37,_29323_,8.171,8.171
cluster_37,_29315_,8.171,8.171
cluster_37,u0.w[0][12]$_DFF_P_,8.171,8.171
cluster_37,_16007_,8.171,8.171
cluster_37,text_out[44]$_DFF_P_,8.171,8.171
cluster_37,_16073_,8.171,8.171
cluster_37,input66,8.171,8.171
cluster_37,text_out[108]$_DFF_P_,8.171,8.171
cluster_37,text_out[76]$_DFF_P_,8.171,8.171
cluster_37,u0.w[2][12]$_DFF_P_,8.171,8.171
cluster_37,_16072_,8.171,8.171
cluster_37,_29307_,8.171,8.171
cluster_37,_15908_,8.171,8.171
cluster_37,_15662_,8.171,8.171
cluster_37,_15664_,8.171,8.171
cluster_37,_15905_,8.171,8.171
cluster_37,_15906_,8.171,8.171
cluster_37,output268,8.171,8.171
cluster_37,_15670_,8.171,8.171
cluster_37,input101,8.171,8.171
cluster_37,_15663_,8.171,8.171
cluster_37,input10,8.171,8.171
cluster_37,_15669_,8.171,8.171
cluster_37,_15668_,8.171,8.171
cluster_37,_15665_,8.171,8.171
cluster_37,_15666_,8.171,8.171
cluster_37,u0.u2.d[4]$_DFF_P_,8.171,8.171
cluster_38,_16091_,7.973,7.974
cluster_38,u0.w[1][21]$_DFF_P_,7.973,7.974
cluster_38,input76,7.973,7.974
cluster_38,_16024_,7.973,7.974
cluster_38,text_out[53]$_DFF_P_,7.973,7.974
cluster_38,_15391_,7.973,7.974
cluster_38,output335,7.973,7.974
cluster_38,_15388_,7.973,7.974
cluster_38,_15389_,7.973,7.974
cluster_38,_15390_,7.973,7.974
cluster_38,_15392_,7.973,7.974
cluster_38,_16026_,7.973,7.974
cluster_38,u0.w[0][21]$_DFF_P_,7.973,7.974
cluster_38,input20,7.973,7.974
cluster_38,text_out[85]$_DFF_P_,7.973,7.974
cluster_38,input111,7.973,7.974
cluster_38,output370,7.973,7.974
cluster_38,_29276_,7.973,7.974
cluster_38,u0.u1.d[5]$_DFF_P_,7.973,7.974
cluster_38,_16090_,7.973,7.974
cluster_38,_15393_,7.973,7.974
cluster_38,output278,7.973,7.974
cluster_38,u0.w[2][21]$_DFF_P_,7.973,7.974
cluster_38,_15935_,7.973,7.974
cluster_38,_29292_,7.973,7.974
cluster_38,_29284_,7.973,7.974
cluster_38,_15934_,7.973,7.974
cluster_38,_15933_,7.973,7.974
cluster_38,_15394_,7.973,7.974
cluster_38,text_out[117]$_DFF_P_,7.973,7.974
cluster_39,input22,8.007,8.006
cluster_39,u0.u1.d[7]$_DFF_P_,8.007,8.006
cluster_39,output372,8.007,8.006
cluster_39,u0.w[1][23]$_DFF_P_,8.007,8.006
cluster_39,u0.w[0][23]$_DFF_P_,8.007,8.006
cluster_39,text_out[55]$_DFF_P_,8.007,8.006
cluster_39,_16030_,8.007,8.006
cluster_39,_16029_,8.007,8.006
cluster_39,output337,8.007,8.006
cluster_39,_29286_,8.007,8.006
cluster_39,_29278_,8.007,8.006
cluster_39,text_out[87]$_DFF_P_,8.007,8.006
cluster_39,_29294_,8.007,8.006
cluster_39,_15727_,8.007,8.006
cluster_39,u0.w[2][23]$_DFF_P_,8.007,8.006
cluster_39,input113,8.007,8.006
cluster_39,_15941_,8.007,8.006
cluster_39,input78,8.007,8.006
cluster_39,_15726_,8.007,8.006
cluster_39,_15942_,8.007,8.006
cluster_39,text_out[119]$_DFF_P_,8.007,8.006
cluster_39,output280,8.007,8.006
cluster_39,_15732_,8.007,8.006
cluster_39,_15731_,8.007,8.006
cluster_39,_16095_,8.007,8.006
cluster_39,_15730_,8.007,8.006
cluster_39,_15940_,8.007,8.006
cluster_39,_15728_,8.007,8.006
cluster_39,_16094_,8.007,8.006
cluster_39,_15729_,8.007,8.006
cluster_40,_15912_,8.023,8.023
cluster_40,_29309_,8.023,8.023
cluster_40,output362,8.023,8.023
cluster_40,_29317_,8.023,8.023
cluster_40,text_out[78]$_DFF_P_,8.023,8.023
cluster_40,_16077_,8.023,8.023
cluster_40,_29325_,8.023,8.023
cluster_40,_15914_,8.023,8.023
cluster_40,_16010_,8.023,8.023
cluster_40,u0.w[2][14]$_DFF_P_,8.023,8.023
cluster_40,_16011_,8.023,8.023
cluster_40,u0.u2.d[6]$_DFF_P_,8.023,8.023
cluster_40,_16076_,8.023,8.023
cluster_40,_15694_,8.023,8.023
cluster_40,_15692_,8.023,8.023
cluster_40,_15691_,8.023,8.023
cluster_40,output327,8.023,8.023
cluster_40,input68,8.023,8.023
cluster_40,_15697_,8.023,8.023
cluster_40,_15696_,8.023,8.023
cluster_40,output271,8.023,8.023
cluster_40,_15695_,8.023,8.023
cluster_40,text_out[110]$_DFF_P_,8.023,8.023
cluster_40,u0.w[1][14]$_DFF_P_,8.023,8.023
cluster_40,input13,8.023,8.023
cluster_40,_15693_,8.023,8.023
cluster_40,text_out[46]$_DFF_P_,8.023,8.023
cluster_40,u0.w[0][14]$_DFF_P_,8.023,8.023
cluster_40,input103,8.023,8.023
cluster_40,_15913_,8.023,8.023
cluster_41,text_out[111]$_DFF_P_,7.957,7.956
cluster_41,input104,7.957,7.956
cluster_41,_29326_,7.957,7.956
cluster_41,input14,7.957,7.956
cluster_41,output363,7.957,7.956
cluster_41,output272,7.957,7.956
cluster_41,_29318_,7.957,7.956
cluster_41,_16079_,7.957,7.956
cluster_41,_29310_,7.957,7.956
cluster_41,u0.u2.d[7]$_DFF_P_,7.957,7.956
cluster_41,_15702_,7.957,7.956
cluster_41,u0.w[0][15]$_DFF_P_,7.957,7.956
cluster_41,u0.w[1][15]$_DFF_P_,7.957,7.956
cluster_41,_15707_,7.957,7.956
cluster_41,_15706_,7.957,7.956
cluster_41,_15917_,7.957,7.956
cluster_41,_15916_,7.957,7.956
cluster_41,_15705_,7.957,7.956
cluster_41,text_out[47]$_DFF_P_,7.957,7.956
cluster_41,_16014_,7.957,7.956
cluster_41,input69,7.957,7.956
cluster_41,u0.w[2][15]$_DFF_P_,7.957,7.956
cluster_41,_16013_,7.957,7.956
cluster_41,_16078_,7.957,7.956
cluster_41,text_out[79]$_DFF_P_,7.957,7.956
cluster_41,_15701_,7.957,7.956
cluster_41,_15704_,7.957,7.956
cluster_41,_15703_,7.957,7.956
cluster_41,output328,7.957,7.956
cluster_41,_15915_,7.957,7.956
cluster_42,_19056_,7.33,7.33
cluster_42,_19057_,7.33,7.33
cluster_42,_19058_,7.33,7.33
cluster_42,u0.w[1][24]$_DFF_P_,7.33,7.33
cluster_42,output373,7.33,7.33
cluster_42,_16031_,7.33,7.33
cluster_42,_16032_,7.33,7.33
cluster_42,_15745_,7.33,7.33
cluster_42,_29494_,7.33,7.33
cluster_42,_19016_,7.33,7.33
cluster_42,text_in_r[88]$_DFFE_PP_,7.33,7.33
cluster_42,_19047_,7.33,7.33
cluster_42,_19046_,7.33,7.33
cluster_42,_19050_,7.33,7.33
cluster_42,_19045_,7.33,7.33
cluster_42,_19051_,7.33,7.33
cluster_42,_19044_,7.33,7.33
cluster_42,_19052_,7.33,7.33
cluster_42,_19053_,7.33,7.33
cluster_42,_19043_,7.33,7.33
cluster_42,input244,7.33,7.33
cluster_42,_19042_,7.33,7.33
cluster_42,_19028_,7.33,7.33
cluster_42,text_out[88]$_DFF_P_,7.33,7.33
cluster_42,input114,7.33,7.33
cluster_42,_29247_,7.33,7.33
cluster_42,_19054_,7.33,7.33
cluster_42,_19048_,7.33,7.33
cluster_42,_19055_,7.33,7.33
cluster_42,_19049_,7.33,7.33
cluster_43,_29512_,6.585,6.584
cluster_43,output258,6.585,6.584
cluster_43,dcnt[2]$_SDFFE_PP0P_,6.585,6.584
cluster_43,dcnt[1]$_SDFFE_PN0P_,6.585,6.584
cluster_43,dcnt[0]$_SDFFE_PN0P_,6.585,6.584
cluster_43,_29513_,6.585,6.584
cluster_43,_29235_,6.585,6.584
cluster_43,dcnt[3]$_SDFFE_PN0P_,6.585,6.584
cluster_43,_29237_,6.585,6.584
cluster_43,_29238_,6.585,6.584
cluster_43,_29549_,6.585,6.584
cluster_43,_29548_,6.585,6.584
cluster_43,_29547_,6.585,6.584
cluster_43,_29546_,6.585,6.584
cluster_43,_29236_,6.585,6.584
cluster_43,done$_DFF_P_,6.585,6.584
cluster_43,_29545_,6.585,6.584
cluster_43,input129,6.585,6.584
cluster_43,_29509_,6.585,6.584
cluster_43,_29540_,6.585,6.584
cluster_43,_29541_,6.585,6.584
cluster_43,_29508_,6.585,6.584
cluster_43,_29510_,6.585,6.584
cluster_43,_29511_,6.585,6.584
cluster_43,_29543_,6.585,6.584
cluster_43,_29544_,6.585,6.584
cluster_43,_29542_,6.585,6.584
cluster_44,_25936_,6.958,6.958
cluster_44,_25931_,6.958,6.958
cluster_44,_25932_,6.958,6.958
cluster_44,_25933_,6.958,6.958
cluster_44,_25935_,6.958,6.958
cluster_44,_25937_,6.958,6.958
cluster_44,output375,6.958,6.958
cluster_44,_25939_,6.958,6.958
cluster_44,_25940_,6.958,6.958
cluster_44,_25941_,6.958,6.958
cluster_44,_25943_,6.958,6.958
cluster_44,_25944_,6.958,6.958
cluster_44,_25945_,6.958,6.958
cluster_44,_25946_,6.958,6.958
cluster_44,_29327_,6.958,6.958
cluster_44,_29496_,6.958,6.958
cluster_44,_25938_,6.958,6.958
cluster_44,_25942_,6.958,6.958
cluster_44,_25934_,6.958,6.958
cluster_44,text_out[8]$_DFF_P_,6.958,6.958
cluster_44,_20447_,6.958,6.958
cluster_44,_18396_,6.958,6.958
cluster_44,text_in_r[8]$_DFFE_PP_,6.958,6.958
cluster_44,input246,6.958,6.958
cluster_44,_15587_,6.958,6.958
cluster_44,_20520_,6.958,6.958
cluster_44,u0.w[3][8]$_DFF_P_,6.958,6.958
cluster_45,_29322_,4.407,4.406
cluster_45,_15904_,4.407,4.406
cluster_45,_15903_,4.407,4.406
cluster_45,u0.w[2][11]$_DFF_P_,4.407,4.406
cluster_45,text_out[43]$_DFF_P_,4.407,4.406
cluster_45,_15649_,4.407,4.406
cluster_45,input65,4.407,4.406
cluster_45,output324,4.407,4.406
cluster_46,output292,2.63,2.63
cluster_46,_29333_,2.63,2.63
cluster_46,text_out[14]$_DFF_P_,2.63,2.63
cluster_47,text_out[21]$_DFF_P_,2.63,2.63
cluster_47,output300,2.63,2.63
cluster_47,_29300_,2.63,2.63
cluster_48,text_out[16]$_DFF_P_,2.63,2.63
cluster_48,output294,2.63,2.63
cluster_48,_29295_,2.63,2.63
cluster_49,text_out[9]$_DFF_P_,2.63,2.63
cluster_49,_29328_,2.63,2.63
cluster_49,output386,2.63,2.63
cluster_50,_29302_,2.63,2.63
cluster_50,output302,2.63,2.63
cluster_50,text_out[23]$_DFF_P_,2.63,2.63
cluster_51,_29330_,2.63,2.63
cluster_51,text_out[11]$_DFF_P_,2.63,2.63
cluster_51,output281,2.63,2.63
cluster_52,text_out[15]$_DFF_P_,2.63,2.63
cluster_52,output293,2.63,2.63
cluster_52,_29334_,2.63,2.63
cluster_53,text_out[12]$_DFF_P_,2.63,2.63
cluster_53,_29331_,2.63,2.63
cluster_53,output290,2.63,2.63
cluster_54,text_out[13]$_DFF_P_,2.63,2.63
cluster_54,_29332_,2.63,2.63
cluster_54,output291,2.63,2.63
cluster_55,_29296_,2.63,2.63
cluster_55,text_out[17]$_DFF_P_,2.63,2.63
cluster_55,output295,2.63,2.63
cluster_56,_29365_,2.63,2.63
cluster_56,output353,2.63,2.63
cluster_56,text_out[6]$_DFF_P_,2.63,2.63
cluster_57,output299,2.63,2.63
cluster_57,_29299_,2.63,2.63
cluster_57,text_out[20]$_DFF_P_,2.63,2.63
cluster_58,text_out[0]$_DFF_P_,2.63,2.63
cluster_58,_29359_,2.63,2.63
cluster_58,output259,2.63,2.63
cluster_59,_29364_,2.63,2.63
cluster_59,output342,2.63,2.63
cluster_59,text_out[5]$_DFF_P_,2.63,2.63
cluster_60,text_out[3]$_DFF_P_,2.63,2.63
cluster_60,_29362_,2.63,2.63
cluster_60,output320,2.63,2.63
cluster_61,text_out[4]$_DFF_P_,2.63,2.63
cluster_61,_29363_,2.63,2.63
cluster_61,output331,2.63,2.63
