cluster_62,_20538_,1.4,1.14
cluster_63,_20925_,1.4,0.95
cluster_64,_20926_,1.4,0.95
cluster_65,_20927_,1.4,0.76
cluster_66,_20928_,1.4,0.57
cluster_67,_20929_,1.4,0.57
cluster_68,_20930_,1.4,0.76
cluster_69,_20931_,1.4,1.14
cluster_70,_20932_,1.4,0.76
cluster_71,_20933_,1.4,1.14
cluster_72,_20934_,1.4,0.76
cluster_73,_20935_,1.4,2.47
cluster_74,_20936_,1.4,0.76
cluster_75,_20937_,1.4,0.76
cluster_76,_20938_,1.4,0.76
cluster_77,_20939_,1.4,0.57
cluster_78,_20940_,1.4,1.14
cluster_79,_20941_,1.4,0.57
cluster_80,_20942_,1.4,0.76
cluster_81,_20943_,1.4,0.57
cluster_82,_20944_,1.4,0.76
cluster_83,_20945_,1.4,1.14
cluster_84,_20924_,1.4,0.76
cluster_85,_20923_,1.4,1.33
cluster_86,_20922_,1.4,0.95
cluster_87,_20921_,1.4,0.76
cluster_88,_20900_,1.4,1.14
cluster_89,_20901_,1.4,0.38
cluster_90,_20902_,1.4,0.76
cluster_91,_20903_,1.4,1.33
cluster_92,_20904_,1.4,0.57
cluster_93,_20905_,1.4,1.14
cluster_94,_20906_,1.4,0.76
cluster_95,_15855_,1.4,1.33
cluster_96,_20907_,1.4,0.76
cluster_97,_20908_,1.4,0.76
cluster_98,_20946_,1.4,0.57
cluster_99,_20909_,1.4,0.95
cluster_100,_20911_,1.4,0.57
cluster_101,_20912_,1.4,0.57
cluster_102,_20913_,1.4,0.76
cluster_103,_20914_,1.4,1.33
cluster_104,_20915_,1.4,0.57
cluster_105,_20916_,1.4,0.57
cluster_106,_20917_,1.4,0.95
cluster_107,_20918_,1.4,1.14
cluster_108,_20919_,1.4,0.76
cluster_109,_20920_,1.4,0.95
cluster_110,_20910_,1.4,0.95
cluster_111,_20899_,1.4,1.33
cluster_112,_20947_,1.4,0.57
cluster_113,_20949_,1.4,0.76
cluster_114,text_out[31]$_DFF_P_,1.4,3.23
cluster_115,text_out[30]$_DFF_P_,1.4,3.23
cluster_116,_20976_,1.4,0.76
cluster_117,text_out[28]$_DFF_P_,1.4,3.23
cluster_118,text_out[27]$_DFF_P_,1.4,3.23
cluster_119,text_out[26]$_DFF_P_,1.4,3.23
cluster_120,text_out[25]$_DFF_P_,1.4,3.23
cluster_121,text_out[24]$_DFF_P_,1.4,3.23
cluster_122,_20977_,1.4,1.14
cluster_123,_20978_,1.4,0.95
cluster_124,_20979_,1.4,0.95
cluster_125,_20980_,1.4,0.57
cluster_126,_20981_,1.4,1.33
cluster_127,_20982_,1.4,0.76
cluster_128,_20983_,1.4,0.76
cluster_129,_20984_,1.4,0.57
cluster_130,_20985_,1.4,0.76
cluster_131,_20986_,1.4,0.76
cluster_132,_20987_,1.4,0.95
cluster_133,_20988_,1.4,1.14
cluster_134,_20989_,1.4,0.95
cluster_135,_20975_,1.4,0.76
cluster_136,_20974_,1.4,0.76
cluster_137,_20973_,1.4,0.76
cluster_138,_20972_,1.4,1.14
cluster_139,_20950_,1.4,0.76
cluster_140,_20951_,1.4,1.14
cluster_141,_20952_,1.4,0.95
cluster_142,_20953_,1.4,0.76
cluster_143,_20954_,1.4,0.57
cluster_144,_20955_,1.4,1.14
cluster_145,_20956_,1.4,0.76
cluster_146,_20957_,1.4,0.76
cluster_147,_20958_,1.4,1.14
cluster_148,_20959_,1.4,0.76
cluster_149,_20948_,1.4,0.76
cluster_150,_20960_,1.4,0.57
cluster_151,_20962_,1.4,0.76
cluster_152,_20963_,1.4,1.14
cluster_153,_20964_,1.4,0.76
cluster_154,_20965_,1.4,0.95
cluster_155,_20966_,1.4,1.71
cluster_156,_20967_,1.4,1.14
cluster_157,_20968_,1.4,1.33
cluster_158,_20969_,1.4,0.57
cluster_159,_20970_,1.4,0.76
cluster_160,_20971_,1.4,0.76
cluster_161,_20961_,1.4,0.57
cluster_162,_20898_,1.4,0.95
cluster_163,_15845_,1.4,0.76
cluster_164,_20897_,1.4,0.76
cluster_165,_20827_,1.4,1.33
cluster_166,_20828_,1.4,1.33
cluster_167,_20829_,1.4,1.14
cluster_168,_20830_,1.4,0.57
cluster_169,_20831_,1.4,0.95
cluster_170,_20832_,1.4,0.76
cluster_171,_15777_,1.4,1.33
cluster_172,_20833_,1.4,0.76
cluster_173,_20834_,1.4,1.71
cluster_174,_20835_,1.4,1.33
cluster_175,_20836_,1.4,0.57
cluster_176,_20837_,1.4,0.95
cluster_177,_20838_,1.4,0.57
cluster_178,_20839_,1.4,0.57
cluster_179,_20840_,1.4,0.57
cluster_180,_20841_,1.4,0.76
cluster_181,_20842_,1.4,0.76
cluster_182,_20843_,1.4,1.14
cluster_183,_20844_,1.4,0.76
cluster_184,_20845_,1.4,0.95
cluster_185,_20846_,1.4,0.76
cluster_186,_20826_,1.4,0.76
cluster_187,_20825_,1.4,0.95
cluster_188,_20824_,1.4,0.76
cluster_189,_20823_,1.4,1.52
cluster_190,_20802_,1.4,0.57
cluster_191,_20803_,1.4,0.95
cluster_192,_20804_,1.4,0.76
cluster_193,_20805_,1.4,1.14
cluster_194,_20806_,1.4,0.95
cluster_195,_20807_,1.4,0.57
cluster_196,_20808_,1.4,1.14
cluster_197,_20809_,1.4,0.57
cluster_198,_20810_,1.4,0.76
cluster_199,_20811_,1.4,0.76
cluster_200,_20847_,1.4,0.76
cluster_201,_20812_,1.4,0.95
cluster_202,_20814_,1.4,1.71
cluster_203,_20815_,1.4,0.76
cluster_204,_20816_,1.4,0.57
cluster_205,_15760_,1.4,1.33
cluster_206,_20817_,1.4,0.57
cluster_207,_20818_,1.4,1.14
cluster_208,_20819_,1.4,0.57
cluster_209,_20820_,1.4,0.76
cluster_210,_20821_,1.4,1.14
cluster_211,_20822_,1.4,0.76
cluster_212,_20813_,1.4,0.76
cluster_213,_20848_,1.4,2.47
cluster_214,_20849_,1.4,0.76
cluster_215,_20850_,1.4,1.33
cluster_216,_20875_,1.4,0.95
cluster_217,_20876_,1.4,0.95
cluster_218,_20877_,1.4,0.57
cluster_219,_20878_,1.4,0.95
cluster_220,_20879_,1.4,0.76
cluster_221,_20880_,1.4,0.95
cluster_222,_20881_,1.4,1.14
cluster_223,_20882_,1.4,1.14
cluster_224,_20883_,1.4,1.71
cluster_225,_20884_,1.4,0.76
cluster_226,_20874_,1.4,0.76
cluster_227,_20885_,1.4,1.71
cluster_228,_20887_,1.4,0.57
cluster_229,_20888_,1.4,1.33
cluster_230,_20889_,1.4,1.14
cluster_231,_20890_,1.4,1.33
cluster_232,_20891_,1.4,0.57
cluster_233,_20892_,1.4,0.57
cluster_234,_20893_,1.4,1.14
cluster_235,_20894_,1.4,0.76
cluster_236,_20895_,1.4,0.38
cluster_237,_20896_,1.4,1.14
cluster_238,_20886_,1.4,0.76
cluster_239,_20990_,1.4,0.76
cluster_240,_20873_,1.4,0.76
cluster_241,_20871_,1.4,0.76
cluster_242,_20851_,1.4,0.57
cluster_243,_15797_,1.4,1.33
cluster_244,_20852_,1.4,0.57
cluster_245,_20853_,1.4,0.76
cluster_246,_20854_,1.4,0.76
cluster_247,_20855_,1.4,0.76
cluster_248,_20856_,1.4,0.76
cluster_249,_20857_,1.4,0.57
cluster_250,_20858_,1.4,0.76
cluster_251,_20859_,1.4,0.76
cluster_252,_20872_,1.4,0.57
cluster_253,_20860_,1.4,0.76
cluster_254,_20862_,1.4,0.95
cluster_255,_20863_,1.4,0.76
cluster_256,_20864_,1.4,0.76
cluster_257,_20865_,1.4,0.76
cluster_258,_20866_,1.4,1.71
cluster_259,_20867_,1.4,0.76
cluster_260,_15814_,1.4,1.33
cluster_261,_20868_,1.4,0.57
cluster_262,_20869_,1.4,1.14
cluster_263,_20870_,1.4,1.33
cluster_264,_20861_,1.4,0.76
cluster_265,_20991_,1.4,1.33
cluster_266,_20992_,1.4,1.14
cluster_267,_20993_,1.4,0.76
cluster_268,_21116_,1.4,0.76
cluster_269,_21117_,1.4,0.76
cluster_270,_21118_,1.4,1.33
cluster_271,_21119_,1.4,0.57
cluster_272,_21120_,1.4,1.14
cluster_273,_21121_,1.4,1.33
cluster_274,_21122_,1.4,0.76
cluster_275,_21123_,1.4,0.95
cluster_276,_21124_,1.4,1.14
cluster_277,_21125_,1.4,0.57
cluster_278,_21126_,1.4,0.76
cluster_279,_21127_,1.4,0.76
cluster_280,_21128_,1.4,0.76
cluster_281,_21129_,1.4,0.95
cluster_282,_21130_,1.4,0.76
cluster_283,_21131_,1.4,1.14
cluster_284,_21132_,1.4,0.57
cluster_285,_21133_,1.4,0.76
cluster_286,_21134_,1.4,0.76
cluster_287,_21135_,1.4,0.57
cluster_288,_21136_,1.4,0.76
cluster_289,_21115_,1.4,0.76
cluster_290,_21114_,1.4,0.76
cluster_291,_21113_,1.4,0.76
cluster_292,_21112_,1.4,1.14
cluster_293,_21089_,1.4,0.95
cluster_294,_21090_,1.4,0.76
cluster_295,_21091_,1.4,0.76
cluster_296,_21092_,1.4,0.76
cluster_297,_21093_,1.4,1.33
cluster_298,_21094_,1.4,0.76
cluster_299,_21095_,1.4,0.57
cluster_300,_21096_,1.4,0.76
cluster_301,_21097_,1.4,1.14
cluster_302,_21098_,1.4,0.57
cluster_303,_21137_,1.4,0.95
cluster_304,_21099_,1.4,0.38
cluster_305,_21102_,1.4,1.14
cluster_306,_21103_,1.4,0.76
cluster_307,_21104_,1.4,0.95
cluster_308,_21105_,1.4,0.76
cluster_309,_21106_,1.4,0.76
cluster_310,_21107_,1.4,0.76
cluster_311,_21108_,1.4,0.76
cluster_312,_21109_,1.4,1.14
cluster_313,_21110_,1.4,0.76
cluster_314,_21111_,1.4,0.57
cluster_315,_21100_,1.4,0.76
cluster_316,_21138_,1.4,0.76
cluster_317,_21139_,1.4,1.14
cluster_318,_21140_,1.4,0.57
cluster_319,_21167_,1.4,1.14
cluster_320,_21168_,1.4,0.76
cluster_321,_21169_,1.4,0.76
cluster_322,_21170_,1.4,0.95
cluster_323,_21171_,1.4,1.14
cluster_324,_21172_,1.4,0.95
cluster_325,_21173_,1.4,0.95
cluster_326,_21174_,1.4,0.76
cluster_327,_21175_,1.4,0.57
cluster_328,_21176_,1.4,0.76
cluster_329,_21166_,1.4,0.76
cluster_330,_21177_,1.4,0.76
cluster_331,_21179_,1.4,0.57
cluster_332,_21180_,1.4,0.95
cluster_333,_21181_,1.4,0.76
cluster_334,_21182_,1.4,0.95
cluster_335,clone162,1.4,0.76
cluster_336,clone196,1.4,0.76
cluster_337,clone197,1.4,1.33
cluster_338,_18429_,1.4,2.47
cluster_339,_18392_,1.4,2.47
cluster_340,clone161,1.4,0.57
cluster_341,_21178_,1.4,0.76
cluster_342,_21088_,1.4,1.14
cluster_343,_21165_,1.4,0.76
cluster_344,_21163_,1.4,0.57
cluster_345,_21141_,1.4,0.76
cluster_346,_21142_,1.4,0.95
cluster_347,_21143_,1.4,1.33
cluster_348,_21144_,1.4,0.57
cluster_349,_21145_,1.4,1.33
cluster_350,_21146_,1.4,1.14
cluster_351,_21147_,1.4,0.95
cluster_352,_21148_,1.4,0.76
cluster_353,_21149_,1.4,0.57
cluster_354,_21150_,1.4,0.76
cluster_355,_21164_,1.4,1.71
cluster_356,_21151_,1.4,1.33
cluster_357,_21153_,1.4,0.57
cluster_358,_21154_,1.4,0.57
cluster_359,_21155_,1.4,1.14
cluster_360,_21156_,1.4,0.95
cluster_361,_21157_,1.4,0.76
cluster_362,_21158_,1.4,0.76
cluster_363,_21159_,1.4,0.76
cluster_364,_21160_,1.4,0.76
cluster_365,_21161_,1.4,0.76
cluster_366,_21162_,1.4,1.14
cluster_367,_21152_,1.4,1.33
cluster_368,_20801_,1.4,0.76
cluster_369,_21087_,1.4,0.57
cluster_370,text_in_r[24]$_DFFE_PP_,1.4,3.23
cluster_371,_21020_,1.4,0.76
cluster_372,_21021_,1.4,0.95
cluster_373,_21022_,1.4,0.57
cluster_374,_21023_,1.4,0.76
cluster_375,_21024_,1.4,1.14
cluster_376,_21025_,1.4,0.57
cluster_377,_21026_,1.4,0.76
cluster_378,_21027_,1.4,1.14
cluster_379,_21028_,1.4,0.76
cluster_380,_21029_,1.4,1.14
cluster_381,_21030_,1.4,0.76
cluster_382,_21031_,1.4,0.76
cluster_383,_21032_,1.4,0.95
cluster_384,_21033_,1.4,1.14
cluster_385,_21034_,1.4,0.57
cluster_386,_21035_,1.4,0.76
cluster_387,_21036_,1.4,0.95
cluster_388,_21037_,1.4,0.76
cluster_389,_21038_,1.4,0.57
cluster_390,_21039_,1.4,1.14
cluster_391,_21040_,1.4,0.76
cluster_392,_21019_,1.4,1.14
cluster_393,_21018_,1.4,0.76
cluster_394,_21017_,1.4,0.57
cluster_395,_21016_,1.4,0.76
cluster_396,_20994_,1.4,1.14
cluster_397,_20995_,1.4,0.57
cluster_398,_20996_,1.4,0.76
cluster_399,_20997_,1.4,0.76
cluster_400,_20998_,1.4,0.76
cluster_401,_20999_,1.4,1.14
cluster_402,_21000_,1.4,1.14
cluster_403,_21001_,1.4,0.76
cluster_404,_21002_,1.4,0.76
cluster_405,_21003_,1.4,0.57
cluster_406,_21041_,1.4,0.76
cluster_407,_21004_,1.4,1.14
cluster_408,_21006_,1.4,0.57
cluster_409,_21007_,1.4,0.95
cluster_410,_21008_,1.4,0.76
cluster_411,_21009_,1.4,0.57
cluster_412,_21010_,1.4,0.76
cluster_413,_21011_,1.4,0.76
cluster_414,_21012_,1.4,0.76
cluster_415,_21013_,1.4,0.76
cluster_416,_21014_,1.4,0.95
cluster_417,_21015_,1.4,0.57
cluster_418,_21005_,1.4,0.76
cluster_419,_21042_,1.4,1.14
cluster_420,_21043_,1.4,0.57
cluster_421,_21044_,1.4,1.14
cluster_422,_21071_,1.4,1.14
cluster_423,_21072_,1.4,0.57
cluster_424,_21073_,1.4,1.14
cluster_425,_21074_,1.4,0.95
cluster_426,_21075_,1.4,0.76
cluster_427,_21076_,1.4,0.76
cluster_428,_21077_,1.4,0.57
cluster_429,_21078_,1.4,0.95
cluster_430,_21079_,1.4,0.76
cluster_431,_21080_,1.4,0.57
cluster_432,_21070_,1.4,0.57
cluster_433,_21081_,1.4,0.76
cluster_434,_21083_,1.4,0.76
cluster_435,_21084_,1.4,1.14
cluster_436,_21085_,1.4,0.76
cluster_437,text_in_r[31]$_DFFE_PP_,1.4,3.23
cluster_438,text_in_r[30]$_DFFE_PP_,1.4,3.23
cluster_439,text_in_r[29]$_DFFE_PP_,1.4,3.23
cluster_440,text_in_r[28]$_DFFE_PP_,1.4,3.23
cluster_441,text_in_r[27]$_DFFE_PP_,1.4,3.23
cluster_442,text_in_r[26]$_DFFE_PP_,1.4,3.23
cluster_443,text_in_r[25]$_DFFE_PP_,1.4,3.23
cluster_444,_21082_,1.4,1.14
cluster_445,_21086_,1.4,0.76
cluster_446,_21069_,1.4,0.57
cluster_447,_21067_,1.4,0.95
cluster_448,_21045_,1.4,0.76
cluster_449,_21046_,1.4,0.57
cluster_450,_21047_,1.4,1.14
cluster_451,_21048_,1.4,0.76
cluster_452,_21049_,1.4,1.14
cluster_453,_21050_,1.4,0.76
cluster_454,_21051_,1.4,0.76
cluster_455,_21052_,1.4,0.95
cluster_456,_21053_,1.4,1.14
cluster_457,_21054_,1.4,0.76
cluster_458,_21068_,1.4,1.14
cluster_459,_21055_,1.4,0.57
cluster_460,_21057_,1.4,0.76
cluster_461,_21058_,1.4,0.76
cluster_462,_21059_,1.4,1.14
cluster_463,_21060_,1.4,0.57
cluster_464,_21061_,1.4,0.95
cluster_465,_21062_,1.4,0.76
cluster_466,_21063_,1.4,1.14
cluster_467,_21064_,1.4,0.76
cluster_468,_21065_,1.4,0.76
cluster_469,_21066_,1.4,0.76
cluster_470,_21056_,1.4,0.76
cluster_471,_20800_,1.4,0.76
cluster_472,_21101_,1.4,1.14
cluster_473,_20799_,1.4,1.14
cluster_474,_20561_,1.4,1.14
cluster_475,_29269_,1.4,1.14
cluster_476,_29267_,1.4,1.14
cluster_477,_29266_,1.4,1.14
cluster_478,_29265_,1.4,1.14
cluster_479,_29264_,1.4,1.14
cluster_480,_29263_,1.4,1.14
cluster_481,sa03_sr[0]$_DFF_P_,1.4,3.23
cluster_482,sa03_sr[1]$_DFF_P_,1.4,3.23
cluster_483,_29270_,1.4,1.14
cluster_484,_20562_,1.4,1.14
cluster_485,_20564_,1.4,1.71
cluster_486,_20565_,1.4,2.47
cluster_487,_20566_,1.4,2.47
cluster_488,sa03_sr[2]$_DFF_P_,1.4,3.23
cluster_489,sa03_sr[3]$_DFF_P_,1.4,3.23
cluster_490,sa03_sr[4]$_DFF_P_,1.4,3.23
cluster_491,sa03_sr[5]$_DFF_P_,1.4,3.23
cluster_492,sa03_sr[6]$_DFF_P_,1.4,3.23
cluster_493,_20567_,1.4,2.09
cluster_494,_20563_,1.4,1.14
cluster_495,_20568_,1.4,1.33
cluster_496,_29657_,1.4,1.9
cluster_497,_29655_,1.4,1.9
cluster_498,_20443_,1.4,0.57
cluster_499,_20442_,1.4,0.57
cluster_500,_20441_,1.4,0.38
cluster_501,_20549_,1.4,1.33
cluster_502,_20550_,1.4,2.47
cluster_503,_20551_,1.4,0.57
cluster_504,_20552_,1.4,0.57
cluster_505,_20553_,1.4,0.57
cluster_506,_20554_,1.4,1.33
cluster_507,_29656_,1.4,1.9
cluster_508,_29645_,1.4,1.9
cluster_509,_29647_,1.4,1.9
cluster_510,_29648_,1.4,1.9
cluster_511,_29649_,1.4,1.9
cluster_512,_29650_,1.4,1.9
cluster_513,_29651_,1.4,1.9
cluster_514,_29652_,1.4,1.9
cluster_515,_20559_,1.4,1.14
cluster_516,_29653_,1.4,1.9
cluster_517,_29654_,1.4,1.9
cluster_518,_29646_,1.4,1.9
cluster_519,_20547_,1.4,0.38
cluster_520,sa03_sr[7]$_DFF_P_,1.4,3.23
cluster_521,_20570_,1.4,2.47
cluster_522,_20595_,1.4,0.76
cluster_523,input178,1.4,0.57
cluster_524,input177,1.4,0.57
cluster_525,input176,1.4,0.57
cluster_526,input175,1.4,0.76
cluster_527,input174,1.4,0.76
cluster_528,_20600_,1.4,1.33
cluster_529,_20601_,1.4,1.14
cluster_530,_20602_,1.4,1.14
cluster_531,_20594_,1.4,1.71
cluster_532,_20603_,1.4,1.33
cluster_533,_20605_,1.4,0.95
cluster_534,_20606_,1.4,0.76
cluster_535,_20607_,1.4,0.57
cluster_536,_20608_,1.4,1.71
cluster_537,_20609_,1.4,2.47
cluster_538,_20610_,1.4,0.57
cluster_539,_20611_,1.4,0.57
cluster_540,_20612_,1.4,1.71
cluster_541,_20613_,1.4,2.47
cluster_542,_20604_,1.4,1.71
cluster_543,_20569_,1.4,1.71
cluster_544,_20593_,1.4,0.57
cluster_545,_20591_,1.4,0.95
cluster_546,_20571_,1.4,2.47
cluster_547,_20572_,1.4,1.33
cluster_548,_20573_,1.4,0.95
cluster_549,_20574_,1.4,1.71
cluster_550,_20575_,1.4,0.57
cluster_551,_20576_,1.4,0.95
cluster_552,_20577_,1.4,0.38
cluster_553,_20578_,1.4,0.57
cluster_554,_20579_,1.4,0.57
cluster_555,_20592_,1.4,2.47
cluster_556,_20580_,1.4,0.76
cluster_557,_20583_,1.4,1.14
cluster_558,_20586_,1.4,1.14
cluster_559,_20587_,1.4,1.14
cluster_560,_20588_,1.4,1.14
cluster_561,_20589_,1.4,1.71
cluster_562,_20590_,1.4,0.76
cluster_563,input182,1.4,0.76
cluster_564,input181,1.4,0.57
cluster_565,input179,1.4,0.57
cluster_566,_20582_,1.4,1.14
cluster_567,_20614_,1.4,1.71
cluster_568,_20546_,1.4,0.95
cluster_569,_20448_,1.4,1.14
cluster_570,_20507_,1.4,0.95
cluster_571,_20506_,1.4,1.71
cluster_572,_20505_,1.4,0.57
cluster_573,_20504_,1.4,0.57
cluster_574,_20503_,1.4,1.33
cluster_575,_20502_,1.4,0.57
cluster_576,_20501_,1.4,0.57
cluster_577,_20500_,1.4,1.33
cluster_578,_20499_,1.4,1.9
cluster_579,_20508_,1.4,2.47
cluster_580,_20498_,1.4,1.14
cluster_581,_29424_,1.4,1.33
cluster_582,_29422_,1.4,1.33
cluster_583,_29421_,1.4,1.33
cluster_584,_29420_,1.4,1.33
cluster_585,_29419_,1.4,1.33
cluster_586,_29418_,1.4,1.33
cluster_587,_20497_,1.4,0.76
cluster_588,_29417_,1.4,1.33
cluster_589,_29416_,1.4,2.47
cluster_590,_29425_,1.4,1.33
cluster_591,_20495_,1.4,0.76
cluster_592,_20509_,1.4,1.33
cluster_593,_20511_,1.4,1.33
cluster_594,_20539_,1.4,1.14
cluster_595,_20532_,1.4,0.57
cluster_596,_20531_,1.4,0.57
cluster_597,_20530_,1.4,0.57
cluster_598,_15742_,1.4,1.33
cluster_599,_20529_,1.4,1.71
cluster_600,_20528_,1.4,1.71
cluster_601,_20527_,1.4,2.47
cluster_602,_20525_,1.4,1.14
cluster_603,_20510_,1.4,1.33
cluster_604,_20524_,1.4,1.14
cluster_605,_20522_,1.4,0.76
cluster_606,_20540_,1.4,1.14
cluster_607,_20541_,1.4,1.71
cluster_608,_20517_,1.4,2.47
cluster_609,_20516_,1.4,1.33
cluster_610,_20515_,1.4,1.33
cluster_611,_20514_,1.4,2.47
cluster_612,_20513_,1.4,2.47
cluster_613,_20512_,1.4,2.47
cluster_614,_20523_,1.4,1.14
cluster_615,_20545_,1.4,2.66
cluster_616,_20494_,1.4,1.71
cluster_617,output311,1.4,0.57
cluster_618,_20472_,1.4,0.57
cluster_619,_20471_,1.4,0.76
cluster_620,_20470_,1.4,1.14
cluster_621,_20469_,1.4,1.14
cluster_622,_20465_,1.4,2.47
cluster_623,_20464_,1.4,1.33
cluster_624,_20463_,1.4,1.33
cluster_625,_20462_,1.4,1.33
cluster_626,_20461_,1.4,0.57
cluster_627,_20473_,1.4,0.57
cluster_628,_20460_,1.4,1.71
cluster_629,_20458_,1.4,0.57
cluster_630,_20457_,1.4,0.76
cluster_631,_20456_,1.4,1.71
cluster_632,_20455_,1.4,1.14
cluster_633,_20454_,1.4,1.14
cluster_634,_20543_,1.4,1.33
cluster_635,_20451_,1.4,1.9
cluster_636,_20544_,1.4,2.09
cluster_637,_20449_,1.4,1.33
cluster_638,_20459_,1.4,2.47
cluster_639,_20493_,1.4,0.76
cluster_640,_20474_,1.4,0.76
cluster_641,_20477_,1.4,0.57
cluster_642,output310,1.4,0.57
cluster_643,_20492_,1.4,1.9
cluster_644,_20542_,1.4,2.47
cluster_645,_20489_,1.4,0.76
cluster_646,_20488_,1.4,0.95
cluster_647,_20487_,1.4,2.47
cluster_648,output307,1.4,0.57
cluster_649,output306,1.4,0.57
cluster_650,output305,1.4,0.57
cluster_651,_20476_,1.4,1.14
cluster_652,output304,1.4,0.57
cluster_653,output303,1.4,0.57
cluster_654,_20485_,1.4,0.57
cluster_655,_20484_,1.4,2.09
cluster_656,_20483_,1.4,0.76
cluster_657,_20482_,1.4,0.57
cluster_658,_20481_,1.4,0.76
cluster_659,_20480_,1.4,0.38
cluster_660,_20479_,1.4,0.76
cluster_661,_20478_,1.4,0.76
cluster_662,_20486_,1.4,2.47
cluster_663,_20615_,1.4,1.14
cluster_664,_20537_,1.4,1.33
cluster_665,_20617_,1.4,0.57
cluster_666,_20735_,1.4,2.66
cluster_667,_20736_,1.4,0.95
cluster_668,_20737_,1.4,0.95
cluster_669,_20738_,1.4,1.14
cluster_670,_20739_,1.4,0.95
cluster_671,_20740_,1.4,1.33
cluster_672,_20741_,1.4,1.33
cluster_673,_20742_,1.4,0.76
cluster_674,_20743_,1.4,0.57
cluster_675,_20744_,1.4,0.95
cluster_676,_20745_,1.4,1.52
cluster_677,_20746_,1.4,0.57
cluster_678,_20747_,1.4,0.76
cluster_679,_20748_,1.4,1.33
cluster_680,_20749_,1.4,1.33
cluster_681,_20750_,1.4,0.76
cluster_682,_20751_,1.4,0.57
cluster_683,_20752_,1.4,0.95
cluster_684,_20753_,1.4,1.14
cluster_685,_20754_,1.4,1.14
cluster_686,_20755_,1.4,0.95
cluster_687,_20734_,1.4,0.76
cluster_688,_20733_,1.4,0.76
cluster_689,_20732_,1.4,0.95
cluster_690,_20731_,1.4,0.95
cluster_691,_20709_,1.4,1.33
cluster_692,_20710_,1.4,2.47
cluster_693,_20711_,1.4,0.76
cluster_694,_20712_,1.4,1.14
cluster_695,_20713_,1.4,2.47
cluster_696,_20714_,1.4,0.57
cluster_697,_20715_,1.4,0.95
cluster_698,_20716_,1.4,0.57
cluster_699,_20717_,1.4,2.47
cluster_700,_20718_,1.4,1.14
cluster_701,_20756_,1.4,1.33
cluster_702,_20719_,1.4,0.57
cluster_703,_20721_,1.4,0.95
cluster_704,_20722_,1.4,0.76
cluster_705,_20723_,1.4,1.9
cluster_706,_20724_,1.4,0.57
cluster_707,_20725_,1.4,1.33
cluster_708,_20726_,1.4,1.33
cluster_709,_20727_,1.4,0.57
cluster_710,_20728_,1.4,0.57
cluster_711,_20729_,1.4,0.76
cluster_712,_20730_,1.4,0.57
cluster_713,_20720_,1.4,0.95
cluster_714,_20708_,1.4,2.47
cluster_715,_20757_,1.4,0.76
cluster_716,_20759_,1.4,0.76
cluster_717,u0.w[3][30]$_DFF_P_,1.4,3.23
cluster_718,_20785_,1.4,0.38
cluster_719,_20786_,1.4,0.57
cluster_720,_20787_,1.4,0.57
cluster_721,_20788_,1.4,1.71
cluster_722,u0.w[3][28]$_DFF_P_,1.4,3.23
cluster_723,u0.w[3][27]$_DFF_P_,1.4,3.23
cluster_724,u0.w[3][26]$_DFF_P_,1.4,3.23
cluster_725,u0.w[3][25]$_DFF_P_,1.4,3.23
cluster_726,u0.w[3][24]$_DFF_P_,1.4,3.23
cluster_727,_20789_,1.4,2.47
cluster_728,_20790_,1.4,0.57
cluster_729,_20798_,1.4,0.76
cluster_730,_20791_,1.4,2.66
cluster_731,_20792_,1.4,0.76
cluster_732,_20793_,1.4,1.14
cluster_733,_20797_,1.4,0.76
cluster_734,_20616_,1.4,0.95
cluster_735,_20796_,1.4,0.76
cluster_736,_20795_,1.4,0.76
cluster_737,_20794_,1.4,0.76
cluster_738,u0.w[3][31]$_DFF_P_,1.4,3.23
cluster_739,_20784_,1.4,0.57
cluster_740,_20783_,1.4,2.47
cluster_741,_20782_,1.4,0.95
cluster_742,_20760_,1.4,1.33
cluster_743,max_cap1,1.4,1.33
cluster_744,_20761_,1.4,0.76
cluster_745,_20762_,1.4,0.76
cluster_746,_20763_,1.4,0.76
cluster_747,_20764_,1.4,0.57
cluster_748,_20765_,1.4,0.95
cluster_749,_20766_,1.4,0.76
cluster_750,_20767_,1.4,0.76
cluster_751,_20768_,1.4,0.95
cluster_752,_20758_,1.4,1.14
cluster_753,_20769_,1.4,0.76
cluster_754,_20771_,1.4,0.76
cluster_755,_20773_,1.4,1.33
cluster_756,_20774_,1.4,2.47
cluster_757,_20775_,1.4,2.47
cluster_758,_20776_,1.4,0.76
cluster_759,_20777_,1.4,1.14
cluster_760,_20778_,1.4,0.57
cluster_761,_20779_,1.4,0.57
cluster_762,_20780_,1.4,0.76
cluster_763,_20781_,1.4,1.14
cluster_764,_20770_,1.4,0.57
cluster_765,_20707_,1.4,0.76
cluster_766,_20772_,1.4,1.14
cluster_767,_20643_,1.4,0.76
cluster_768,_20649_,1.4,0.76
cluster_769,_20650_,1.4,1.14
cluster_770,_20651_,1.4,1.33
cluster_771,_20652_,1.4,1.33
cluster_772,_20653_,1.4,1.33
cluster_773,_20654_,1.4,1.33
cluster_774,_20655_,1.4,0.76
cluster_775,_20656_,1.4,0.76
cluster_776,_20657_,1.4,1.33
cluster_777,_20648_,1.4,1.14
cluster_778,_20658_,1.4,2.47
cluster_779,_20660_,1.4,1.71
cluster_780,_20661_,1.4,1.33
cluster_781,_20662_,1.4,1.33
cluster_782,_20664_,1.4,1.33
cluster_783,_20665_,1.4,1.33
cluster_784,_20666_,1.4,1.33
cluster_785,_20667_,1.4,1.33
cluster_786,_20668_,1.4,1.33
cluster_787,_20669_,1.4,1.33
cluster_788,_20659_,1.4,1.33
cluster_789,_20670_,1.4,0.57
cluster_790,_20647_,1.4,1.33
cluster_791,_20644_,1.4,1.71
cluster_792,_20626_,1.4,1.33
cluster_793,_20624_,1.4,1.9
cluster_794,_20620_,1.4,1.71
cluster_795,_20619_,1.4,0.76
cluster_796,_20706_,1.4,0.57
cluster_797,_20627_,1.4,1.33
cluster_798,_20628_,1.4,0.57
cluster_799,_20629_,1.4,0.57
cluster_800,_20630_,1.4,1.71
cluster_801,_20645_,1.4,2.47
cluster_802,_20631_,1.4,1.71
cluster_803,_20633_,1.4,1.33
cluster_804,_20634_,1.4,1.33
cluster_805,_20635_,1.4,1.33
cluster_806,_20636_,1.4,0.57
cluster_807,_20638_,1.4,1.33
cluster_808,_20639_,1.4,1.33
cluster_809,_20640_,1.4,1.33
cluster_810,_20641_,1.4,1.14
cluster_811,_20642_,1.4,2.66
cluster_812,_20632_,1.4,1.33
cluster_813,_20618_,1.4,1.33
cluster_814,_20663_,1.4,0.95
cluster_815,_20625_,1.4,1.33
cluster_816,_20685_,1.4,1.14
cluster_817,_20702_,1.4,0.76
cluster_818,_20687_,1.4,0.95
cluster_819,_20688_,1.4,0.76
cluster_820,_20689_,1.4,1.33
cluster_821,_20690_,1.4,1.14
cluster_822,_20691_,1.4,1.14
cluster_823,_20692_,1.4,2.09
cluster_824,_20693_,1.4,1.33
cluster_825,_20671_,1.4,1.33
cluster_826,_20694_,1.4,0.57
cluster_827,_20701_,1.4,2.47
cluster_828,_20695_,1.4,1.33
cluster_829,_20696_,1.4,1.33
cluster_830,_20700_,1.4,0.76
cluster_831,_20697_,1.4,0.95
cluster_832,_20698_,1.4,1.33
cluster_833,_20699_,1.4,0.57
cluster_834,_20622_,1.4,1.33
cluster_835,_20703_,1.4,1.33
cluster_836,_20704_,1.4,1.33
cluster_837,_20686_,1.4,1.33
cluster_838,_20705_,1.4,0.76
cluster_839,_20621_,1.4,1.33
cluster_840,_20623_,1.4,0.76
cluster_841,_20672_,1.4,0.57
cluster_842,_20673_,1.4,0.95
cluster_843,_20674_,1.4,0.38
cluster_844,_20675_,1.4,1.14
cluster_845,_20684_,1.4,0.76
cluster_846,_20677_,1.4,0.57
cluster_847,_20676_,1.4,1.33
cluster_848,_20682_,1.4,2.47
cluster_849,_20679_,1.4,1.33
cluster_850,_20680_,1.4,0.57
cluster_851,_20683_,1.4,0.76
cluster_852,_20681_,1.4,2.47
cluster_853,_20678_,1.4,1.33
cluster_854,_25198_,1.4,0.95
cluster_855,_25170_,1.4,1.33
cluster_856,_25199_,1.4,1.14
cluster_857,_25171_,1.4,0.57
cluster_858,_25200_,1.4,0.76
cluster_859,_25205_,1.4,0.57
cluster_860,_25172_,1.4,0.76
cluster_861,_25197_,1.4,0.57
cluster_862,_25203_,1.4,1.14
cluster_863,_25204_,1.4,0.57
cluster_864,_25202_,1.4,0.76
cluster_865,_25173_,1.4,0.57
cluster_866,_25201_,1.4,1.14
cluster_867,_25196_,1.4,0.95
cluster_868,_25179_,1.4,0.76
cluster_869,_25194_,1.4,1.14
cluster_870,_25178_,1.4,0.76
cluster_871,_25180_,1.4,0.76
cluster_872,_25181_,1.4,0.76
cluster_873,_25182_,1.4,0.76
cluster_874,_25183_,1.4,0.57
cluster_875,_25206_,1.4,0.76
cluster_876,_25177_,1.4,0.95
cluster_877,_25176_,1.4,0.57
cluster_878,_25184_,1.4,0.95
cluster_879,_25185_,1.4,1.71
cluster_880,_25186_,1.4,0.95
cluster_881,_25187_,1.4,0.95
cluster_882,_25188_,1.4,0.76
cluster_883,_25190_,1.4,0.95
cluster_884,_25175_,1.4,0.76
cluster_885,_25191_,1.4,0.76
cluster_886,_25174_,1.4,1.14
cluster_887,_25192_,1.4,0.95
cluster_888,_25193_,1.4,0.76
cluster_889,_25195_,1.4,0.57
cluster_890,_25189_,1.4,0.76
cluster_891,_25096_,1.4,1.33
cluster_892,_25208_,1.4,0.76
cluster_893,_25231_,1.4,0.76
cluster_894,_25232_,1.4,0.76
cluster_895,_25233_,1.4,1.14
cluster_896,_25234_,1.4,0.76
cluster_897,_25235_,1.4,1.14
cluster_898,_25236_,1.4,0.76
cluster_899,_25237_,1.4,0.76
cluster_900,_25238_,1.4,0.76
cluster_901,_25230_,1.4,1.14
cluster_902,_25239_,1.4,0.95
cluster_903,_25241_,1.4,1.33
cluster_904,_25242_,1.4,0.76
cluster_905,_25243_,1.4,0.76
cluster_906,_25244_,1.4,0.76
cluster_907,_25245_,1.4,1.71
cluster_908,_25246_,1.4,0.57
cluster_909,_25247_,1.4,1.52
cluster_910,_25248_,1.4,1.33
cluster_911,_25240_,1.4,0.57
cluster_912,_25229_,1.4,0.76
cluster_913,_25228_,1.4,0.76
cluster_914,_25169_,1.4,0.76
cluster_915,_25209_,1.4,0.76
cluster_916,_25210_,1.4,0.76
cluster_917,_25211_,1.4,0.76
cluster_918,_25212_,1.4,0.76
cluster_919,_25213_,1.4,0.57
cluster_920,_25214_,1.4,1.14
cluster_921,_25215_,1.4,0.76
cluster_922,_25216_,1.4,0.76
cluster_923,_25217_,1.4,0.76
cluster_924,_25218_,1.4,0.95
cluster_925,_25219_,1.4,1.71
cluster_926,_25220_,1.4,0.76
cluster_927,_25221_,1.4,0.76
cluster_928,_25222_,1.4,0.76
cluster_929,_25223_,1.4,1.14
cluster_930,_25224_,1.4,0.57
cluster_931,_25225_,1.4,0.57
cluster_932,_25226_,1.4,1.14
cluster_933,_25227_,1.4,0.57
cluster_934,_25207_,1.4,0.76
cluster_935,_25168_,1.4,0.95
cluster_936,_25128_,1.4,0.95
cluster_937,_25166_,1.4,0.57
cluster_938,_25106_,1.4,1.14
cluster_939,_25107_,1.4,0.57
cluster_940,_25086_,1.4,1.14
cluster_941,_25108_,1.4,0.76
cluster_942,_25109_,1.4,0.95
cluster_943,_25110_,1.4,0.76
cluster_944,_25111_,1.4,1.14
cluster_945,_25112_,1.4,0.95
cluster_946,_25113_,1.4,0.57
cluster_947,_25114_,1.4,1.14
cluster_948,_25085_,1.4,0.76
cluster_949,_25115_,1.4,0.76
cluster_950,_25116_,1.4,0.76
cluster_951,_25117_,1.4,0.76
cluster_952,_25118_,1.4,0.57
cluster_953,_25119_,1.4,0.76
cluster_954,_25120_,1.4,0.57
cluster_955,_24728_,1.4,0.76
cluster_956,_25087_,1.4,0.57
cluster_957,_25088_,1.4,1.14
cluster_958,_25105_,1.4,0.76
cluster_959,_25095_,1.4,0.57
cluster_960,_25097_,1.4,1.14
cluster_961,_25098_,1.4,0.76
cluster_962,_25099_,1.4,0.57
cluster_963,_25100_,1.4,0.76
cluster_964,_25094_,1.4,0.76
cluster_965,_25093_,1.4,0.76
cluster_966,_25101_,1.4,1.14
cluster_967,_25121_,1.4,0.57
cluster_968,_25102_,1.4,0.57
cluster_969,_25092_,1.4,0.76
cluster_970,_25091_,1.4,0.76
cluster_971,_24729_,1.4,0.57
cluster_972,_24730_,1.4,0.76
cluster_973,_24731_,1.4,1.71
cluster_974,_25090_,1.4,1.33
cluster_975,_25089_,1.4,1.33
cluster_976,_25104_,1.4,0.76
cluster_977,_25103_,1.4,0.76
cluster_978,_25122_,1.4,0.57
cluster_979,_25123_,1.4,0.76
cluster_980,_25124_,1.4,0.76
cluster_981,_25148_,1.4,0.76
cluster_982,_25149_,1.4,0.57
cluster_983,_25150_,1.4,0.38
cluster_984,_25151_,1.4,0.76
cluster_985,_25152_,1.4,1.33
cluster_986,_25153_,1.4,0.76
cluster_987,_25154_,1.4,1.14
cluster_988,_25155_,1.4,0.76
cluster_989,_25147_,1.4,1.33
cluster_990,_25156_,1.4,0.76
cluster_991,_25158_,1.4,1.33
cluster_992,_25159_,1.4,0.95
cluster_993,_25160_,1.4,0.57
cluster_994,_25161_,1.4,0.76
cluster_995,_25162_,1.4,1.14
cluster_996,_25163_,1.4,0.57
cluster_997,_25164_,1.4,0.76
cluster_998,_25165_,1.4,0.57
cluster_999,_25157_,1.4,1.33
cluster_1000,_25167_,1.4,0.76
cluster_1001,_25146_,1.4,1.33
cluster_1002,_25144_,1.4,0.57
cluster_1003,_25125_,1.4,0.95
cluster_1004,_25126_,1.4,0.95
cluster_1005,_25127_,1.4,0.57
cluster_1006,_25129_,1.4,0.57
cluster_1007,_25130_,1.4,0.76
cluster_1008,_25131_,1.4,1.14
cluster_1009,_25132_,1.4,0.95
cluster_1010,_25133_,1.4,1.33
cluster_1011,_25145_,1.4,1.14
cluster_1012,_25134_,1.4,1.14
cluster_1013,_25136_,1.4,0.76
cluster_1014,_25137_,1.4,1.33
cluster_1015,_25138_,1.4,0.57
cluster_1016,_25139_,1.4,1.14
cluster_1017,_25140_,1.4,0.95
cluster_1018,_25141_,1.4,0.57
cluster_1019,_25142_,1.4,0.76
cluster_1020,_25143_,1.4,1.14
cluster_1021,_25135_,1.4,0.76
cluster_1022,_24727_,1.4,1.33
cluster_1023,_24651_,1.4,1.71
cluster_1024,_29739_,1.4,1.9
cluster_1025,_24628_,1.4,1.71
cluster_1026,_24627_,1.4,1.14
cluster_1027,_24625_,1.4,1.14
cluster_1028,_24624_,1.4,1.71
cluster_1029,_24623_,1.4,1.71
cluster_1030,_24622_,1.4,1.14
cluster_1031,_24621_,1.4,1.14
cluster_1032,_24620_,1.4,1.33
cluster_1033,_24619_,1.4,2.47
cluster_1034,_24618_,1.4,0.95
cluster_1035,_24617_,1.4,2.47
cluster_1036,_24616_,1.4,0.57
cluster_1037,_24735_,1.4,0.76
cluster_1038,_24615_,1.4,0.76
cluster_1039,_24614_,1.4,1.71
cluster_1040,_24613_,1.4,1.14
cluster_1041,_24612_,1.4,1.14
cluster_1042,_24629_,1.4,1.9
cluster_1043,_24630_,1.4,0.95
cluster_1044,_24631_,1.4,0.57
cluster_1045,_24632_,1.4,0.57
cluster_1046,_24653_,1.4,2.47
cluster_1047,_24652_,1.4,2.47
cluster_1048,_25084_,1.4,0.57
cluster_1049,_24650_,1.4,1.14
cluster_1050,_24649_,1.4,1.14
cluster_1051,_24645_,1.4,0.57
cluster_1052,_24644_,1.4,0.57
cluster_1053,_24643_,1.4,0.57
cluster_1054,_24611_,1.4,0.57
cluster_1055,_24642_,1.4,1.71
cluster_1056,_24640_,1.4,0.38
cluster_1057,_24639_,1.4,0.95
cluster_1058,_24638_,1.4,1.71
cluster_1059,_24637_,1.4,1.71
cluster_1060,_24636_,1.4,1.9
cluster_1061,_24635_,1.4,1.14
cluster_1062,_24634_,1.4,1.14
cluster_1063,_24633_,1.4,0.57
cluster_1064,_24641_,1.4,1.9
cluster_1065,_24654_,1.4,2.09
cluster_1066,_24610_,1.4,0.38
cluster_1067,_24608_,1.4,2.47
cluster_1068,_24571_,1.4,0.76
cluster_1069,_24570_,1.4,1.14
cluster_1070,_24569_,1.4,2.47
cluster_1071,_24568_,1.4,1.33
cluster_1072,_24567_,1.4,0.95
cluster_1073,_24566_,1.4,1.71
cluster_1074,_24565_,1.4,2.47
cluster_1075,_24564_,1.4,0.57
cluster_1076,_24563_,1.4,0.76
cluster_1077,_24562_,1.4,1.71
cluster_1078,_24561_,1.4,1.14
cluster_1079,_24560_,1.4,1.14
cluster_1080,_24559_,1.4,1.14
cluster_1081,_24558_,1.4,1.14
cluster_1082,_24557_,1.4,1.14
cluster_1083,_24555_,1.4,0.57
cluster_1084,_24554_,1.4,0.57
cluster_1085,_24572_,1.4,0.57
cluster_1086,_24573_,1.4,0.57
cluster_1087,_24574_,1.4,0.76
cluster_1088,_24575_,1.4,1.14
cluster_1089,_24607_,1.4,2.47
cluster_1090,_24606_,1.4,2.47
cluster_1091,_24605_,1.4,2.47
cluster_1092,_24604_,1.4,1.33
cluster_1093,_24603_,1.4,2.47
cluster_1094,_24602_,1.4,1.33
cluster_1095,_24601_,1.4,1.33
cluster_1096,_24600_,1.4,2.47
cluster_1097,_24609_,1.4,0.57
cluster_1098,_24599_,1.4,0.95
cluster_1099,_24583_,1.4,2.09
cluster_1100,_24582_,1.4,0.76
cluster_1101,_24581_,1.4,0.57
cluster_1102,_24580_,1.4,0.76
cluster_1103,_24579_,1.4,0.38
cluster_1104,_24578_,1.4,0.76
cluster_1105,_24577_,1.4,0.76
cluster_1106,_24576_,1.4,0.57
cluster_1107,_24584_,1.4,1.71
cluster_1108,_24726_,1.4,2.47
cluster_1109,_24655_,1.4,1.33
cluster_1110,_24657_,1.4,2.47
cluster_1111,_24717_,1.4,0.57
cluster_1112,_24716_,1.4,0.95
cluster_1113,_24715_,1.4,0.57
cluster_1114,_24714_,1.4,1.33
cluster_1115,_24713_,1.4,0.95
cluster_1116,_24712_,1.4,1.71
cluster_1117,_24711_,1.4,2.47
cluster_1118,_24710_,1.4,0.76
cluster_1119,_24709_,1.4,1.33
cluster_1120,_24708_,1.4,1.33
cluster_1121,_24707_,1.4,1.33
cluster_1122,_24706_,1.4,0.57
cluster_1123,_24705_,1.4,0.57
cluster_1124,_24704_,1.4,1.71
cluster_1125,_24703_,1.4,1.33
cluster_1126,_24702_,1.4,1.33
cluster_1127,_24701_,1.4,1.14
cluster_1128,_29725_,1.4,1.9
cluster_1129,_29726_,1.4,1.9
cluster_1130,_29727_,1.4,1.9
cluster_1131,_29728_,1.4,1.9
cluster_1132,_29738_,1.4,1.9
cluster_1133,_29737_,1.4,1.9
cluster_1134,_29736_,1.4,1.9
cluster_1135,_24725_,1.4,1.14
cluster_1136,_24724_,1.4,0.76
cluster_1137,_24723_,1.4,1.33
cluster_1138,_24722_,1.4,1.33
cluster_1139,_24721_,1.4,0.95
cluster_1140,_24700_,1.4,1.33
cluster_1141,_24720_,1.4,1.33
cluster_1142,_24718_,1.4,1.33
cluster_1143,_29735_,1.4,1.9
cluster_1144,_29734_,1.4,1.9
cluster_1145,_29733_,1.4,1.9
cluster_1146,_29732_,1.4,1.9
cluster_1147,_29731_,1.4,1.9
cluster_1148,_29730_,1.4,1.9
cluster_1149,_29729_,1.4,1.9
cluster_1150,_24719_,1.4,1.33
cluster_1151,_24656_,1.4,1.71
cluster_1152,_24699_,1.4,0.57
cluster_1153,_24697_,1.4,1.33
cluster_1154,_24674_,1.4,1.33
cluster_1155,_24673_,1.4,1.33
cluster_1156,_24672_,1.4,1.33
cluster_1157,_24671_,1.4,1.33
cluster_1158,_24670_,1.4,0.57
cluster_1159,_24669_,1.4,1.33
cluster_1160,_24668_,1.4,1.33
cluster_1161,_24667_,1.4,1.33
cluster_1162,_24666_,1.4,0.95
cluster_1163,_24665_,1.4,1.71
cluster_1164,_24664_,1.4,2.47
cluster_1165,_24663_,1.4,1.71
cluster_1166,_24662_,1.4,0.57
cluster_1167,_24661_,1.4,0.57
cluster_1168,_24660_,1.4,0.76
cluster_1169,_24659_,1.4,1.71
cluster_1170,_24658_,1.4,2.47
cluster_1171,_24675_,1.4,0.57
cluster_1172,_24676_,1.4,0.95
cluster_1173,_24677_,1.4,0.57
cluster_1174,_24678_,1.4,0.95
cluster_1175,_24696_,1.4,2.47
cluster_1176,_24695_,1.4,0.95
cluster_1177,_24694_,1.4,0.76
cluster_1178,_24693_,1.4,1.33
cluster_1179,_24692_,1.4,1.33
cluster_1180,_24691_,1.4,2.47
cluster_1181,_24690_,1.4,1.33
cluster_1182,_24689_,1.4,1.33
cluster_1183,_24698_,1.4,0.95
cluster_1184,_24688_,1.4,2.47
cluster_1185,_24686_,1.4,1.33
cluster_1186,_24685_,1.4,0.57
cluster_1187,_24684_,1.4,0.57
cluster_1188,_24683_,1.4,1.71
cluster_1189,_24682_,1.4,0.57
cluster_1190,_24681_,1.4,1.71
cluster_1191,_24680_,1.4,3.23
cluster_1192,_24679_,1.4,3.23
cluster_1193,_24687_,1.4,2.47
cluster_1194,_25083_,1.4,0.57
cluster_1195,_24991_,1.4,0.76
cluster_1196,_25081_,1.4,1.33
cluster_1197,_24845_,1.4,1.33
cluster_1198,_24846_,1.4,1.14
cluster_1199,_24847_,1.4,0.76
cluster_1200,_24848_,1.4,0.95
cluster_1201,_24849_,1.4,0.57
cluster_1202,_24850_,1.4,0.38
cluster_1203,_24851_,1.4,0.57
cluster_1204,_24852_,1.4,0.57
cluster_1205,_24853_,1.4,1.71
cluster_1206,_24854_,1.4,0.76
cluster_1207,_24855_,1.4,0.95
cluster_1208,_24856_,1.4,0.76
cluster_1209,_24857_,1.4,0.57
cluster_1210,_24858_,1.4,0.57
cluster_1211,_24859_,1.4,1.14
cluster_1212,_24860_,1.4,0.95
cluster_1213,_24861_,1.4,0.76
cluster_1214,_24844_,1.4,0.76
cluster_1215,_24843_,1.4,0.76
cluster_1216,_24842_,1.4,2.47
cluster_1217,_24841_,1.4,1.33
cluster_1218,_24823_,1.4,0.95
cluster_1219,_24824_,1.4,0.57
cluster_1220,_24825_,1.4,1.33
cluster_1221,_24826_,1.4,0.76
cluster_1222,_24827_,1.4,0.95
cluster_1223,_24828_,1.4,1.71
cluster_1224,_24829_,1.4,1.33
cluster_1225,_24830_,1.4,2.47
cluster_1226,_24862_,1.4,2.66
cluster_1227,_24831_,1.4,0.95
cluster_1228,_24833_,1.4,0.76
cluster_1229,_24834_,1.4,1.14
cluster_1230,_24835_,1.4,1.33
cluster_1231,_24836_,1.4,0.95
cluster_1232,_24837_,1.4,0.76
cluster_1233,_24838_,1.4,1.14
cluster_1234,_24839_,1.4,1.33
cluster_1235,_24840_,1.4,0.76
cluster_1236,_24832_,1.4,2.47
cluster_1237,_24863_,1.4,0.76
cluster_1238,_24864_,1.4,0.57
cluster_1239,_24865_,1.4,0.57
cluster_1240,_24888_,1.4,0.95
cluster_1241,_24889_,1.4,0.76
cluster_1242,_24890_,1.4,0.76
cluster_1243,_24891_,1.4,0.95
cluster_1244,_24892_,1.4,1.71
cluster_1245,_24893_,1.4,0.57
cluster_1246,_24894_,1.4,0.76
cluster_1247,_24896_,1.4,0.95
cluster_1248,_24887_,1.4,0.95
cluster_1249,_24897_,1.4,1.14
cluster_1250,_24899_,1.4,0.76
cluster_1251,_24900_,1.4,0.57
cluster_1252,_24901_,1.4,0.76
cluster_1253,_24902_,1.4,0.76
cluster_1254,_24903_,1.4,1.14
cluster_1255,_24904_,1.4,0.76
cluster_1256,_24905_,1.4,0.57
cluster_1257,_24906_,1.4,1.33
cluster_1258,_24898_,1.4,0.95
cluster_1259,_24822_,1.4,1.33
cluster_1260,_24886_,1.4,0.76
cluster_1261,_24884_,1.4,1.33
cluster_1262,_24866_,1.4,0.76
cluster_1263,_24867_,1.4,1.33
cluster_1264,_24868_,1.4,0.95
cluster_1265,_24869_,1.4,1.14
cluster_1266,_24870_,1.4,0.95
cluster_1267,_24871_,1.4,1.33
cluster_1268,_24872_,1.4,0.76
cluster_1269,_24873_,1.4,0.76
cluster_1270,_24885_,1.4,0.57
cluster_1271,_24874_,1.4,0.76
cluster_1272,_24876_,1.4,0.76
cluster_1273,_24877_,1.4,1.14
cluster_1274,_24878_,1.4,0.76
cluster_1275,_24879_,1.4,0.76
cluster_1276,_24880_,1.4,0.76
cluster_1277,_24881_,1.4,0.76
cluster_1278,_24882_,1.4,0.76
cluster_1279,_24883_,1.4,0.76
cluster_1280,_24875_,1.4,0.76
cluster_1281,_24907_,1.4,1.14
cluster_1282,_24821_,1.4,3.42
cluster_1283,_24819_,1.4,0.76
cluster_1284,_24749_,1.4,2.47
cluster_1285,_24764_,1.4,1.33
cluster_1286,_24748_,1.4,0.95
cluster_1287,_24747_,1.4,0.57
cluster_1288,_24746_,1.4,0.95
cluster_1289,_24745_,1.4,0.76
cluster_1290,_24744_,1.4,0.76
cluster_1291,_24743_,1.4,0.57
cluster_1292,_24742_,1.4,1.33
cluster_1293,_24741_,1.4,0.57
cluster_1294,_24740_,1.4,1.33
cluster_1295,_24739_,1.4,1.33
cluster_1296,clone126,1.4,1.33
cluster_1297,_24737_,1.4,1.33
cluster_1298,_24772_,1.4,1.33
cluster_1299,_24736_,1.4,1.33
cluster_1300,_24773_,1.4,1.14
cluster_1301,_24553_,1.4,0.38
cluster_1302,_24750_,1.4,2.66
cluster_1303,_24751_,1.4,1.71
cluster_1304,_24752_,1.4,0.38
cluster_1305,_24763_,1.4,0.76
cluster_1306,_24762_,1.4,0.57
cluster_1307,_24761_,1.4,1.33
cluster_1308,_24760_,1.4,1.33
cluster_1309,_24765_,1.4,2.47
cluster_1310,_24766_,1.4,1.33
cluster_1311,_24767_,1.4,1.33
cluster_1312,_24768_,1.4,0.95
cluster_1313,_24774_,1.4,1.14
cluster_1314,_24769_,1.4,1.33
cluster_1315,_24771_,1.4,1.71
cluster_1316,_24759_,1.4,1.33
cluster_1317,_24758_,1.4,0.57
cluster_1318,_24757_,1.4,1.33
cluster_1319,_24756_,1.4,0.76
cluster_1320,_24755_,1.4,2.47
cluster_1321,_24754_,1.4,2.47
cluster_1322,_24753_,1.4,0.76
cluster_1323,_24770_,1.4,2.47
cluster_1324,_24775_,1.4,1.33
cluster_1325,_24776_,1.4,1.33
cluster_1326,_24777_,1.4,1.33
cluster_1327,_24800_,1.4,0.76
cluster_1328,_24801_,1.4,0.57
cluster_1329,_24802_,1.4,0.57
cluster_1330,_24803_,1.4,0.76
cluster_1331,_24804_,1.4,0.95
cluster_1332,_24805_,1.4,0.95
cluster_1333,_24806_,1.4,1.33
cluster_1334,_24807_,1.4,2.47
cluster_1335,_24799_,1.4,0.76
cluster_1336,_24808_,1.4,1.33
cluster_1337,_24810_,1.4,1.33
cluster_1338,_24812_,1.4,0.95
cluster_1339,_24813_,1.4,0.76
cluster_1340,_24814_,1.4,0.76
cluster_1341,_24815_,1.4,0.76
cluster_1342,_24816_,1.4,0.57
cluster_1343,_24817_,1.4,0.57
cluster_1344,_24818_,1.4,1.33
cluster_1345,_24809_,1.4,0.76
cluster_1346,_24820_,1.4,0.76
cluster_1347,_24798_,1.4,1.33
cluster_1348,_24796_,1.4,0.76
cluster_1349,_24778_,1.4,0.95
cluster_1350,_24779_,1.4,1.33
cluster_1351,_24780_,1.4,0.76
cluster_1352,_24781_,1.4,1.33
cluster_1353,_24782_,1.4,0.57
cluster_1354,_24783_,1.4,0.95
cluster_1355,_24784_,1.4,1.33
cluster_1356,_24785_,1.4,0.57
cluster_1357,_24797_,1.4,1.14
cluster_1358,_24786_,1.4,0.76
cluster_1359,_24788_,1.4,2.47
cluster_1360,_24789_,1.4,0.76
cluster_1361,_24790_,1.4,0.76
cluster_1362,_24791_,1.4,1.33
cluster_1363,_24792_,1.4,0.95
cluster_1364,_24793_,1.4,0.76
cluster_1365,_24794_,1.4,1.33
cluster_1366,_24795_,1.4,0.76
cluster_1367,_24787_,1.4,1.71
cluster_1368,_25082_,1.4,0.76
cluster_1369,_24908_,1.4,0.57
cluster_1370,_24910_,1.4,0.76
cluster_1371,_25021_,1.4,0.38
cluster_1372,_25022_,1.4,0.76
cluster_1373,_25023_,1.4,0.95
cluster_1374,_25024_,1.4,0.76
cluster_1375,_25025_,1.4,0.57
cluster_1376,_25026_,1.4,0.57
cluster_1377,_25027_,1.4,0.76
cluster_1378,_25028_,1.4,0.76
cluster_1379,_25029_,1.4,0.76
cluster_1380,_25030_,1.4,1.14
cluster_1381,_25031_,1.4,0.76
cluster_1382,_25032_,1.4,1.33
cluster_1383,_25033_,1.4,1.71
cluster_1384,_25034_,1.4,0.57
cluster_1385,_25035_,1.4,0.76
cluster_1386,_25036_,1.4,1.14
cluster_1387,_25037_,1.4,1.14
cluster_1388,_25020_,1.4,0.95
cluster_1389,_25019_,1.4,0.76
cluster_1390,_25018_,1.4,0.76
cluster_1391,_25017_,1.4,0.76
cluster_1392,_24999_,1.4,1.14
cluster_1393,_25000_,1.4,1.33
cluster_1394,_25001_,1.4,1.33
cluster_1395,_25002_,1.4,0.76
cluster_1396,_25003_,1.4,0.76
cluster_1397,_25004_,1.4,1.14
cluster_1398,_25005_,1.4,0.76
cluster_1399,_25006_,1.4,0.76
cluster_1400,_25038_,1.4,0.57
cluster_1401,_25007_,1.4,0.76
cluster_1402,_25009_,1.4,0.95
cluster_1403,_25010_,1.4,0.95
cluster_1404,_25011_,1.4,0.76
cluster_1405,_25012_,1.4,0.76
cluster_1406,_25013_,1.4,0.76
cluster_1407,_25014_,1.4,0.76
cluster_1408,_25015_,1.4,0.76
cluster_1409,_25016_,1.4,0.76
cluster_1410,_25008_,1.4,0.76
cluster_1411,_25039_,1.4,0.76
cluster_1412,_25040_,1.4,0.76
cluster_1413,_25041_,1.4,0.76
cluster_1414,_25064_,1.4,0.95
cluster_1415,_25065_,1.4,1.14
cluster_1416,_25066_,1.4,0.76
cluster_1417,_25067_,1.4,0.76
cluster_1418,_25068_,1.4,0.76
cluster_1419,_25069_,1.4,0.57
cluster_1420,_25070_,1.4,0.76
cluster_1421,_25071_,1.4,0.76
cluster_1422,_25063_,1.4,0.95
cluster_1423,_25072_,1.4,0.95
cluster_1424,_25074_,1.4,0.76
cluster_1425,_25075_,1.4,0.76
cluster_1426,_25076_,1.4,0.76
cluster_1427,_25077_,1.4,0.76
cluster_1428,_25078_,1.4,0.57
cluster_1429,_24732_,1.4,0.95
cluster_1430,_25079_,1.4,0.76
cluster_1431,_25080_,1.4,0.76
cluster_1432,_25073_,1.4,0.76
cluster_1433,_24998_,1.4,0.57
cluster_1434,_25062_,1.4,0.95
cluster_1435,_25060_,1.4,0.76
cluster_1436,_25042_,1.4,1.14
cluster_1437,_25043_,1.4,0.57
cluster_1438,_25044_,1.4,1.14
cluster_1439,_25045_,1.4,1.71
cluster_1440,_25046_,1.4,0.76
cluster_1441,_25047_,1.4,0.76
cluster_1442,_25048_,1.4,0.76
cluster_1443,_25049_,1.4,0.57
cluster_1444,_25061_,1.4,0.76
cluster_1445,_25050_,1.4,0.76
cluster_1446,_25052_,1.4,0.76
cluster_1447,_25053_,1.4,1.14
cluster_1448,_25054_,1.4,0.76
cluster_1449,_25055_,1.4,0.76
cluster_1450,_25056_,1.4,0.76
cluster_1451,_25057_,1.4,1.14
cluster_1452,_25058_,1.4,1.33
cluster_1453,_25059_,1.4,1.14
cluster_1454,_25051_,1.4,0.76
cluster_1455,_24909_,1.4,0.76
cluster_1456,_24997_,1.4,0.95
cluster_1457,_24995_,1.4,1.14
cluster_1458,_24933_,1.4,1.33
cluster_1459,_24934_,1.4,0.76
cluster_1460,_24935_,1.4,0.95
cluster_1461,_24936_,1.4,1.33
cluster_1462,_24937_,1.4,0.57
cluster_1463,_24938_,1.4,1.14
cluster_1464,_24939_,1.4,0.76
cluster_1465,_24940_,1.4,2.66
cluster_1466,_24941_,1.4,0.95
cluster_1467,_24942_,1.4,1.33
cluster_1468,_24943_,1.4,0.95
cluster_1469,_24944_,1.4,0.57
cluster_1470,_24945_,1.4,0.76
cluster_1471,_24946_,1.4,1.14
cluster_1472,_24947_,1.4,1.14
cluster_1473,_24948_,1.4,1.33
cluster_1474,_24949_,1.4,0.57
cluster_1475,_24932_,1.4,0.76
cluster_1476,_24931_,1.4,1.33
cluster_1477,_24930_,1.4,0.76
cluster_1478,_24929_,1.4,0.76
cluster_1479,_24911_,1.4,0.76
cluster_1480,_24912_,1.4,0.38
cluster_1481,_24913_,1.4,1.33
cluster_1482,_24914_,1.4,1.33
cluster_1483,_24915_,1.4,0.76
cluster_1484,_24916_,1.4,1.33
cluster_1485,_24917_,1.4,1.14
cluster_1486,_24918_,1.4,1.33
cluster_1487,_24950_,1.4,0.57
cluster_1488,_24919_,1.4,1.14
cluster_1489,_24921_,1.4,2.47
cluster_1490,_24922_,1.4,0.76
cluster_1491,_24923_,1.4,1.33
cluster_1492,_24924_,1.4,0.76
cluster_1493,_24925_,1.4,0.76
cluster_1494,_24926_,1.4,1.33
cluster_1495,_24927_,1.4,0.95
cluster_1496,_24928_,1.4,1.33
cluster_1497,_24920_,1.4,0.76
cluster_1498,_24951_,1.4,0.76
cluster_1499,_24952_,1.4,0.76
cluster_1500,_24953_,1.4,0.76
cluster_1501,_24976_,1.4,0.76
cluster_1502,_24977_,1.4,0.57
cluster_1503,_24978_,1.4,0.76
cluster_1504,_24979_,1.4,1.33
cluster_1505,_24980_,1.4,0.57
cluster_1506,_24981_,1.4,0.76
cluster_1507,_24982_,1.4,0.76
cluster_1508,_24983_,1.4,0.76
cluster_1509,_24975_,1.4,0.57
cluster_1510,_24984_,1.4,0.76
cluster_1511,_24986_,1.4,0.76
cluster_1512,_24987_,1.4,0.95
cluster_1513,_24988_,1.4,0.76
cluster_1514,_24989_,1.4,0.76
cluster_1515,_24990_,1.4,1.14
cluster_1516,_24992_,1.4,0.76
cluster_1517,_24993_,1.4,1.14
cluster_1518,_24994_,1.4,2.47
cluster_1519,_24985_,1.4,0.76
cluster_1520,_24996_,1.4,0.76
cluster_1521,_24974_,1.4,0.76
cluster_1522,_24972_,1.4,0.95
cluster_1523,_24954_,1.4,0.76
cluster_1524,_24955_,1.4,1.33
cluster_1525,_24956_,1.4,1.33
cluster_1526,_24957_,1.4,0.76
cluster_1527,_24958_,1.4,0.76
cluster_1528,_24959_,1.4,0.76
cluster_1529,_24960_,1.4,1.14
cluster_1530,_24961_,1.4,0.57
cluster_1531,_24973_,1.4,0.76
cluster_1532,_24962_,1.4,0.76
cluster_1533,_24964_,1.4,1.14
cluster_1534,_24965_,1.4,0.76
cluster_1535,_24966_,1.4,0.76
cluster_1536,_24967_,1.4,0.76
cluster_1537,_24968_,1.4,0.76
cluster_1538,_24969_,1.4,0.76
cluster_1539,_24970_,1.4,1.14
cluster_1540,_24971_,1.4,0.57
cluster_1541,_24963_,1.4,1.14
cluster_1542,_24895_,1.4,0.76
cluster_1543,_24733_,1.4,0.95
cluster_1544,sa23_sr[3]$_DFF_P_,1.4,3.23
cluster_1545,_20581_,1.4,1.33
cluster_1546,_20596_,1.4,0.76
cluster_1547,clone125,1.4,1.71
cluster_1548,text_in_r[79]$_DFFE_PP_,1.4,3.23
cluster_1549,text_in_r[78]$_DFFE_PP_,1.4,3.23
cluster_1550,text_in_r[77]$_DFFE_PP_,1.4,3.23
cluster_1551,text_in_r[76]$_DFFE_PP_,1.4,3.23
cluster_1552,text_in_r[75]$_DFFE_PP_,1.4,3.23
cluster_1553,text_in_r[73]$_DFFE_PP_,1.4,3.23
cluster_1554,text_in_r[72]$_DFFE_PP_,1.4,3.23
cluster_1555,_19110_,1.4,2.47
cluster_1556,sa23_sr[0]$_DFF_P_,1.4,3.23
cluster_1557,sa23_sr[1]$_DFF_P_,1.4,3.23
cluster_1558,sa23_sr[2]$_DFF_P_,1.4,3.23
cluster_1559,sa23_sr[4]$_DFF_P_,1.4,3.23
cluster_1560,sa23_sr[5]$_DFF_P_,1.4,3.23
cluster_1561,sa23_sr[6]$_DFF_P_,1.4,3.23
cluster_1562,sa23_sr[7]$_DFF_P_,1.4,3.23
cluster_1563,_18451_,1.4,2.47
cluster_1564,_18468_,1.4,2.47
cluster_1565,_18409_,1.4,2.47
cluster_1566,_20555_,1.4,0.76
cluster_1567,input227,1.4,0.76
cluster_1568,_24734_,1.4,0.57
cluster_1569,input230,1.4,0.76
cluster_1570,_20534_,1.4,0.76
cluster_1571,_21876_,1.4,1.14
cluster_1572,input228,1.4,0.76
cluster_1573,_20518_,1.4,1.33
cluster_1574,_29483_,1.4,1.33
cluster_1575,_29481_,1.4,1.33
cluster_1576,_29480_,1.4,1.33
cluster_1577,_29479_,1.4,1.33
cluster_1578,_29478_,1.4,1.33
cluster_1579,_29476_,1.4,1.33
cluster_1580,_29475_,1.4,1.33
cluster_1581,_21869_,1.4,1.14
cluster_1582,_21919_,1.4,1.14
cluster_1583,_21920_,1.4,1.9
cluster_1584,_20491_,1.4,1.33
cluster_1585,_20467_,1.4,0.76
cluster_1586,input231,1.4,0.57
cluster_1587,_20452_,1.4,1.33
cluster_1588,input234,1.4,0.57
cluster_1589,input233,1.4,0.76
cluster_1590,_29471_,1.4,2.47
cluster_1591,input232,1.4,0.76
cluster_1592,_18798_,1.4,1.14
cluster_1593,_18799_,1.4,1.14
cluster_1594,_18800_,1.4,0.95
cluster_1595,_18801_,1.4,0.95
cluster_1596,_18802_,1.4,0.57
cluster_1597,_18803_,1.4,1.14
cluster_1598,_18806_,1.4,0.57
cluster_1599,_18805_,1.4,0.76
cluster_1600,_18778_,1.4,0.76
cluster_1601,_18807_,1.4,0.95
cluster_1602,_18808_,1.4,0.95
cluster_1603,_18809_,1.4,0.57
cluster_1604,_18810_,1.4,0.76
cluster_1605,_18811_,1.4,0.76
cluster_1606,_18812_,1.4,0.95
cluster_1607,_18804_,1.4,0.76
cluster_1608,_18797_,1.4,0.57
cluster_1609,_18793_,1.4,0.76
cluster_1610,_18795_,1.4,1.52
cluster_1611,_18813_,1.4,1.33
cluster_1612,_18779_,1.4,1.14
cluster_1613,_18780_,1.4,0.95
cluster_1614,_18781_,1.4,1.33
cluster_1615,_18782_,1.4,0.76
cluster_1616,_18783_,1.4,0.76
cluster_1617,_18784_,1.4,0.95
cluster_1618,_18796_,1.4,1.14
cluster_1619,_18785_,1.4,1.52
cluster_1620,_18787_,1.4,1.14
cluster_1621,_18788_,1.4,0.95
cluster_1622,_18789_,1.4,0.57
cluster_1623,_18790_,1.4,0.57
cluster_1624,_18791_,1.4,0.76
cluster_1625,_18792_,1.4,0.76
cluster_1626,_18794_,1.4,0.76
cluster_1627,_18786_,1.4,0.57
cluster_1628,_18323_,1.4,1.71
cluster_1629,_18835_,1.4,0.57
cluster_1630,_18815_,1.4,0.95
cluster_1631,_18837_,1.4,1.14
cluster_1632,_18838_,1.4,0.76
cluster_1633,_18839_,1.4,0.76
cluster_1634,_18840_,1.4,0.76
cluster_1635,_18841_,1.4,1.14
cluster_1636,_18842_,1.4,0.76
cluster_1637,_18843_,1.4,0.76
cluster_1638,_18836_,1.4,0.57
cluster_1639,_18844_,1.4,1.14
cluster_1640,_18846_,1.4,1.14
cluster_1641,_18847_,1.4,0.57
cluster_1642,_18848_,1.4,0.76
cluster_1643,_18849_,1.4,1.14
cluster_1644,_18850_,1.4,0.57
cluster_1645,_18851_,1.4,0.76
cluster_1646,_18852_,1.4,0.57
cluster_1647,_18845_,1.4,0.57
cluster_1648,_18777_,1.4,0.95
cluster_1649,_18834_,1.4,1.14
cluster_1650,_18833_,1.4,0.76
cluster_1651,_18816_,1.4,0.57
cluster_1652,_18817_,1.4,0.57
cluster_1653,_18818_,1.4,0.76
cluster_1654,_18819_,1.4,0.57
cluster_1655,_18820_,1.4,0.76
cluster_1656,_18821_,1.4,0.76
cluster_1657,_18822_,1.4,0.76
cluster_1658,_18823_,1.4,0.57
cluster_1659,_18824_,1.4,1.33
cluster_1660,_18825_,1.4,1.14
cluster_1661,_18826_,1.4,0.57
cluster_1662,_18827_,1.4,0.57
cluster_1663,_18828_,1.4,0.57
cluster_1664,_18829_,1.4,0.95
cluster_1665,_18830_,1.4,0.76
cluster_1666,_18831_,1.4,1.14
cluster_1667,_18832_,1.4,0.57
cluster_1668,_18814_,1.4,0.76
cluster_1669,_18776_,1.4,0.76
cluster_1670,_18753_,1.4,0.76
cluster_1671,_18774_,1.4,1.33
cluster_1672,_18716_,1.4,0.76
cluster_1673,_18717_,1.4,0.38
cluster_1674,_18718_,1.4,1.14
cluster_1675,_18719_,1.4,0.57
cluster_1676,_18720_,1.4,0.95
cluster_1677,_18721_,1.4,0.76
cluster_1678,_18722_,1.4,0.76
cluster_1679,_18715_,1.4,0.76
cluster_1680,_18723_,1.4,0.76
cluster_1681,_18725_,1.4,0.76
cluster_1682,_18726_,1.4,0.76
cluster_1683,_18727_,1.4,0.76
cluster_1684,_18728_,1.4,1.14
cluster_1685,_18729_,1.4,0.95
cluster_1686,_18730_,1.4,0.76
cluster_1687,_18731_,1.4,0.76
cluster_1688,_18724_,1.4,0.76
cluster_1689,_18732_,1.4,0.76
cluster_1690,_18714_,1.4,0.95
cluster_1691,_18712_,1.4,0.95
cluster_1692,_18696_,1.4,0.95
cluster_1693,_18697_,1.4,0.57
cluster_1694,_18698_,1.4,0.57
cluster_1695,_18699_,1.4,2.47
cluster_1696,_18700_,1.4,0.95
cluster_1697,_18701_,1.4,1.14
cluster_1698,_18702_,1.4,0.57
cluster_1699,_18713_,1.4,0.57
cluster_1700,_18703_,1.4,1.14
cluster_1701,_18705_,1.4,1.33
cluster_1702,_18706_,1.4,0.57
cluster_1703,_18707_,1.4,0.76
cluster_1704,_18708_,1.4,0.57
cluster_1705,_18709_,1.4,1.33
cluster_1706,_18710_,1.4,1.14
cluster_1707,_18711_,1.4,0.57
cluster_1708,_18704_,1.4,0.76
cluster_1709,_18733_,1.4,0.57
cluster_1710,_18734_,1.4,1.14
cluster_1711,_18736_,1.4,0.76
cluster_1712,_18758_,1.4,0.95
cluster_1713,_18759_,1.4,0.76
cluster_1714,_18760_,1.4,0.76
cluster_1715,_18761_,1.4,0.76
cluster_1716,_18762_,1.4,1.33
cluster_1717,_18763_,1.4,0.76
cluster_1718,_18764_,1.4,1.71
cluster_1719,_18757_,1.4,1.14
cluster_1720,_18765_,1.4,0.76
cluster_1721,_18767_,1.4,1.52
cluster_1722,_18768_,1.4,1.71
cluster_1723,_18769_,1.4,0.95
cluster_1724,_18770_,1.4,0.76
cluster_1725,_18771_,1.4,1.14
cluster_1726,_18772_,1.4,0.76
cluster_1727,_18773_,1.4,0.95
cluster_1728,_18766_,1.4,1.33
cluster_1729,_18756_,1.4,1.33
cluster_1730,_18755_,1.4,0.57
cluster_1731,_18754_,1.4,0.95
cluster_1732,_18737_,1.4,0.76
cluster_1733,_18738_,1.4,0.76
cluster_1734,_18739_,1.4,1.33
cluster_1735,_18740_,1.4,1.71
cluster_1736,_18741_,1.4,1.33
cluster_1737,_18742_,1.4,0.76
cluster_1738,_18743_,1.4,0.76
cluster_1739,_18744_,1.4,0.76
cluster_1740,_18745_,1.4,1.71
cluster_1741,_18746_,1.4,0.76
cluster_1742,_18747_,1.4,0.76
cluster_1743,_18748_,1.4,1.71
cluster_1744,_18749_,1.4,0.76
cluster_1745,_18750_,1.4,1.71
cluster_1746,_18751_,1.4,0.76
cluster_1747,_18752_,1.4,0.76
cluster_1748,_18853_,1.4,0.95
cluster_1749,_18775_,1.4,0.76
cluster_1750,_18854_,1.4,0.57
cluster_1751,_18878_,1.4,0.95
cluster_1752,_18856_,1.4,0.57
cluster_1753,_18958_,1.4,0.76
cluster_1754,_18959_,1.4,0.76
cluster_1755,_18960_,1.4,0.76
cluster_1756,_18961_,1.4,0.57
cluster_1757,_18962_,1.4,0.76
cluster_1758,_18963_,1.4,0.57
cluster_1759,_18964_,1.4,1.14
cluster_1760,_18957_,1.4,0.76
cluster_1761,_18965_,1.4,0.95
cluster_1762,_18967_,1.4,1.14
cluster_1763,_18968_,1.4,1.14
cluster_1764,_18969_,1.4,0.76
cluster_1765,_18970_,1.4,1.14
cluster_1766,_18971_,1.4,0.76
cluster_1767,_18972_,1.4,0.95
cluster_1768,_18973_,1.4,1.14
cluster_1769,_18966_,1.4,0.76
cluster_1770,_18974_,1.4,0.95
cluster_1771,_18956_,1.4,0.76
cluster_1772,_18954_,1.4,0.76
cluster_1773,_18938_,1.4,0.57
cluster_1774,_18939_,1.4,0.76
cluster_1775,_18940_,1.4,0.95
cluster_1776,_18941_,1.4,1.14
cluster_1777,_18942_,1.4,0.76
cluster_1778,_18943_,1.4,0.76
cluster_1779,_18944_,1.4,0.76
cluster_1780,_18955_,1.4,0.76
cluster_1781,_18945_,1.4,0.76
cluster_1782,_18947_,1.4,0.57
cluster_1783,_18948_,1.4,1.14
cluster_1784,_18949_,1.4,0.76
cluster_1785,_18950_,1.4,0.76
cluster_1786,_18951_,1.4,0.95
cluster_1787,_18952_,1.4,0.76
cluster_1788,_18953_,1.4,1.14
cluster_1789,_18946_,1.4,0.57
cluster_1790,_18937_,1.4,0.76
cluster_1791,_18975_,1.4,0.76
cluster_1792,_18977_,1.4,1.14
cluster_1793,_18998_,1.4,0.76
cluster_1794,_18999_,1.4,0.95
cluster_1795,_19000_,1.4,0.76
cluster_1796,_19001_,1.4,1.33
cluster_1797,_19002_,1.4,1.33
cluster_1798,_19003_,1.4,0.95
cluster_1799,_19004_,1.4,1.14
cluster_1800,_18997_,1.4,0.76
cluster_1801,_19005_,1.4,0.95
cluster_1802,_19007_,1.4,0.76
cluster_1803,_19008_,1.4,0.76
cluster_1804,_19009_,1.4,1.14
cluster_1805,_19010_,1.4,1.33
cluster_1806,clone7,1.4,0.76
cluster_1807,sa00_sr[1]$_DFF_P_,1.4,3.23
cluster_1808,sa00_sr[0]$_DFF_P_,1.4,3.23
cluster_1809,_19006_,1.4,0.95
cluster_1810,_18976_,1.4,0.76
cluster_1811,_18996_,1.4,1.71
cluster_1812,_18994_,1.4,0.95
cluster_1813,_18978_,1.4,0.76
cluster_1814,_18979_,1.4,0.76
cluster_1815,_18980_,1.4,0.76
cluster_1816,_18981_,1.4,0.76
cluster_1817,_18982_,1.4,0.76
cluster_1818,_18983_,1.4,0.95
cluster_1819,_18984_,1.4,0.76
cluster_1820,_18995_,1.4,0.95
cluster_1821,_18985_,1.4,1.14
cluster_1822,_18987_,1.4,1.14
cluster_1823,_18988_,1.4,0.76
cluster_1824,_18989_,1.4,1.14
cluster_1825,_18990_,1.4,1.14
cluster_1826,_18991_,1.4,0.95
cluster_1827,_18992_,1.4,1.14
cluster_1828,_18993_,1.4,0.76
cluster_1829,_18986_,1.4,1.14
cluster_1830,_18936_,1.4,0.76
cluster_1831,_18935_,1.4,0.76
cluster_1832,_18934_,1.4,0.76
cluster_1833,_18877_,1.4,0.57
cluster_1834,_18695_,1.4,0.76
cluster_1835,_18879_,1.4,0.57
cluster_1836,_18880_,1.4,1.14
cluster_1837,_18881_,1.4,0.76
cluster_1838,_18882_,1.4,0.76
cluster_1839,_18883_,1.4,0.76
cluster_1840,_18876_,1.4,0.76
cluster_1841,_18884_,1.4,0.76
cluster_1842,_18886_,1.4,0.76
cluster_1843,_18887_,1.4,0.76
cluster_1844,_18888_,1.4,1.33
cluster_1845,_18889_,1.4,0.57
cluster_1846,_18890_,1.4,0.76
cluster_1847,_18891_,1.4,0.76
cluster_1848,_18892_,1.4,0.76
cluster_1849,_18885_,1.4,0.57
cluster_1850,_18893_,1.4,1.14
cluster_1851,_18875_,1.4,0.57
cluster_1852,_18873_,1.4,0.76
cluster_1853,_18857_,1.4,1.14
cluster_1854,_18858_,1.4,1.14
cluster_1855,_18859_,1.4,1.14
cluster_1856,_18860_,1.4,0.76
cluster_1857,_18861_,1.4,1.14
cluster_1858,_18862_,1.4,0.57
cluster_1859,_18863_,1.4,1.14
cluster_1860,_18874_,1.4,0.95
cluster_1861,_18864_,1.4,0.76
cluster_1862,_18866_,1.4,0.76
cluster_1863,_18867_,1.4,0.95
cluster_1864,_18868_,1.4,0.57
cluster_1865,_18869_,1.4,1.14
cluster_1866,_18870_,1.4,0.57
cluster_1867,_18871_,1.4,0.57
cluster_1868,_18872_,1.4,1.33
cluster_1869,_18865_,1.4,1.14
cluster_1870,_18894_,1.4,1.14
cluster_1871,_18895_,1.4,0.95
cluster_1872,_18896_,1.4,0.57
cluster_1873,_18918_,1.4,0.76
cluster_1874,_18919_,1.4,0.76
cluster_1875,_18920_,1.4,0.76
cluster_1876,_18921_,1.4,0.57
cluster_1877,_18922_,1.4,0.76
cluster_1878,_18923_,1.4,1.14
cluster_1879,_18924_,1.4,0.76
cluster_1880,_18917_,1.4,1.14
cluster_1881,_18925_,1.4,0.76
cluster_1882,_18927_,1.4,0.76
cluster_1883,_18928_,1.4,0.76
cluster_1884,_18929_,1.4,0.76
cluster_1885,_18930_,1.4,1.52
cluster_1886,_18931_,1.4,0.95
cluster_1887,_18932_,1.4,0.57
cluster_1888,_18933_,1.4,1.14
cluster_1889,_18926_,1.4,0.76
cluster_1890,_18916_,1.4,0.57
cluster_1891,_18915_,1.4,0.38
cluster_1892,_18914_,1.4,0.76
cluster_1893,_18897_,1.4,0.76
cluster_1894,_18898_,1.4,0.57
cluster_1895,_18899_,1.4,0.76
cluster_1896,_18900_,1.4,0.57
cluster_1897,_18901_,1.4,0.76
cluster_1898,_18902_,1.4,0.57
cluster_1899,_18903_,1.4,1.14
cluster_1900,_18904_,1.4,0.95
cluster_1901,_18905_,1.4,0.57
cluster_1902,_18906_,1.4,1.14
cluster_1903,_18907_,1.4,0.76
cluster_1904,_18908_,1.4,0.76
cluster_1905,_18909_,1.4,0.76
cluster_1906,_18910_,1.4,1.14
cluster_1907,_18911_,1.4,0.95
cluster_1908,_18912_,1.4,0.76
cluster_1909,_18913_,1.4,1.14
cluster_1910,_18855_,1.4,1.14
cluster_1911,_18694_,1.4,1.14
cluster_1912,_18692_,1.4,0.76
cluster_1913,_18324_,1.4,2.47
cluster_1914,_18426_,1.4,1.33
cluster_1915,_18427_,1.4,1.33
cluster_1916,_18430_,1.4,2.47
cluster_1917,_18431_,1.4,2.47
cluster_1918,_18432_,1.4,0.57
cluster_1919,_18433_,1.4,0.57
cluster_1920,_18434_,1.4,1.71
cluster_1921,_18435_,1.4,2.47
cluster_1922,_18425_,1.4,0.76
cluster_1923,_18436_,1.4,0.95
cluster_1924,_18438_,1.4,2.47
cluster_1925,_18439_,1.4,2.47
cluster_1926,_18440_,1.4,0.76
cluster_1927,_18441_,1.4,0.76
cluster_1928,_18442_,1.4,0.76
cluster_1929,_18443_,1.4,0.76
cluster_1930,_18447_,1.4,0.76
cluster_1931,_18448_,1.4,1.14
cluster_1932,split122,1.4,0.76
cluster_1933,_18424_,1.4,1.33
cluster_1934,_18423_,1.4,2.47
cluster_1935,_18422_,1.4,1.33
cluster_1936,_18401_,1.4,4.75
cluster_1937,_18402_,1.4,2.47
cluster_1938,_18403_,1.4,1.33
cluster_1939,_18404_,1.4,1.14
cluster_1940,_18405_,1.4,1.33
cluster_1941,_18406_,1.4,1.33
cluster_1942,_18407_,1.4,1.33
cluster_1943,_18408_,1.4,0.95
cluster_1944,_18410_,1.4,0.57
cluster_1945,_18412_,1.4,0.57
cluster_1946,_18413_,1.4,1.71
cluster_1947,_18414_,1.4,2.47
cluster_1948,_18415_,1.4,2.47
cluster_1949,_18416_,1.4,2.47
cluster_1950,_18417_,1.4,1.71
cluster_1951,_18418_,1.4,2.47
cluster_1952,_18419_,1.4,2.47
cluster_1953,_18420_,1.4,2.47
cluster_1954,_18421_,1.4,1.33
cluster_1955,_18449_,1.4,1.14
cluster_1956,_18450_,1.4,1.14
cluster_1957,_18452_,1.4,1.71
cluster_1958,_18453_,1.4,1.9
cluster_1959,_18489_,1.4,1.71
cluster_1960,_18490_,1.4,1.9
cluster_1961,_18491_,1.4,1.33
cluster_1962,_18492_,1.4,1.33
cluster_1963,_18493_,1.4,0.95
cluster_1964,_18494_,1.4,1.9
cluster_1965,_18495_,1.4,1.33
cluster_1966,_18496_,1.4,1.33
cluster_1967,_18497_,1.4,1.33
cluster_1968,_18498_,1.4,0.95
cluster_1969,_18499_,1.4,1.33
cluster_1970,_18500_,1.4,1.33
cluster_1971,_18501_,1.4,1.33
cluster_1972,_18502_,1.4,0.76
cluster_1973,_18503_,1.4,1.33
cluster_1974,_18504_,1.4,0.76
cluster_1975,_18505_,1.4,0.76
cluster_1976,_18506_,1.4,1.71
cluster_1977,_18507_,1.4,2.47
cluster_1978,_18486_,1.4,1.14
cluster_1979,_18400_,1.4,0.95
cluster_1980,_18485_,1.4,1.14
cluster_1981,_18482_,1.4,1.9
cluster_1982,_18455_,1.4,1.33
cluster_1983,_18456_,1.4,1.9
cluster_1984,_18457_,1.4,1.14
cluster_1985,_18461_,1.4,0.76
cluster_1986,_18463_,1.4,0.57
cluster_1987,_18464_,1.4,0.57
cluster_1988,_18465_,1.4,1.33
cluster_1989,_18466_,1.4,1.14
cluster_1990,_18467_,1.4,0.57
cluster_1991,_18469_,1.4,0.76
cluster_1992,_18470_,1.4,1.33
cluster_1993,_18471_,1.4,0.95
cluster_1994,_18474_,1.4,0.76
cluster_1995,_18475_,1.4,0.95
cluster_1996,_18476_,1.4,2.66
cluster_1997,_18477_,1.4,2.47
cluster_1998,_18478_,1.4,1.33
cluster_1999,_18479_,1.4,0.76
cluster_2000,_18481_,1.4,1.14
cluster_2001,_18484_,1.4,1.14
cluster_2002,_18399_,1.4,1.71
cluster_2003,_18398_,1.4,1.71
cluster_2004,_18397_,1.4,1.33
cluster_2005,_18287_,1.4,1.71
cluster_2006,_18286_,1.4,0.57
cluster_2007,_18285_,1.4,0.95
cluster_2008,_18279_,1.4,1.71
cluster_2009,_18278_,1.4,1.14
cluster_2010,_18277_,1.4,1.14
cluster_2011,_18276_,1.4,1.14
cluster_2012,clone36,1.4,0.76
cluster_2013,_18272_,1.4,1.14
cluster_2014,_18268_,1.4,1.14
cluster_2015,_18266_,1.4,1.33
cluster_2016,_18265_,1.4,0.57
cluster_2017,_18264_,1.4,0.57
cluster_2018,_18257_,1.4,0.38
cluster_2019,_18325_,1.4,2.47
cluster_2020,_18328_,1.4,1.14
cluster_2021,_18329_,1.4,1.14
cluster_2022,_18332_,1.4,1.71
cluster_2023,_18333_,1.4,0.76
cluster_2024,_18288_,1.4,0.57
cluster_2025,_18334_,1.4,1.14
cluster_2026,_18289_,1.4,1.71
cluster_2027,_18291_,1.4,0.95
cluster_2028,_18322_,1.4,2.09
cluster_2029,_18321_,1.4,0.76
cluster_2030,_18320_,1.4,0.57
cluster_2031,_18318_,1.4,0.76
cluster_2032,_18315_,1.4,0.38
cluster_2033,_18314_,1.4,0.76
cluster_2034,_18313_,1.4,0.76
cluster_2035,_18310_,1.4,0.57
cluster_2036,_18309_,1.4,1.14
cluster_2037,_18307_,1.4,0.76
cluster_2038,_18306_,1.4,0.57
cluster_2039,_18305_,1.4,0.57
cluster_2040,_18303_,1.4,1.14
cluster_2041,_18302_,1.4,0.76
cluster_2042,sa00_sr[2]$_DFF_P_,1.4,3.23
cluster_2043,_18297_,1.4,1.14
cluster_2044,clone37,1.4,0.76
cluster_2045,_18293_,1.4,2.47
cluster_2046,_18292_,1.4,1.33
cluster_2047,_18290_,1.4,1.71
cluster_2048,_18508_,1.4,1.33
cluster_2049,_18335_,1.4,0.57
cluster_2050,_18337_,1.4,0.76
cluster_2051,_18366_,1.4,1.14
cluster_2052,_18370_,1.4,1.71
cluster_2053,_18371_,1.4,1.71
cluster_2054,_18372_,1.4,1.33
cluster_2055,_18373_,1.4,1.33
cluster_2056,_18374_,1.4,2.47
cluster_2057,_18375_,1.4,1.33
cluster_2058,_18376_,1.4,1.33
cluster_2059,_18377_,1.4,0.57
cluster_2060,_18378_,1.4,0.57
cluster_2061,_18379_,1.4,0.57
cluster_2062,_18380_,1.4,0.57
cluster_2063,_18381_,1.4,1.33
cluster_2064,_18386_,1.4,1.14
cluster_2065,_18388_,1.4,1.14
cluster_2066,_18389_,1.4,1.14
cluster_2067,_18390_,1.4,1.14
cluster_2068,_18391_,1.4,1.71
cluster_2069,_18394_,1.4,2.09
cluster_2070,_18365_,1.4,1.14
cluster_2071,_18336_,1.4,0.57
cluster_2072,_18362_,1.4,1.14
cluster_2073,_18357_,1.4,1.33
cluster_2074,_18338_,1.4,1.14
cluster_2075,_18339_,1.4,0.57
cluster_2076,_18340_,1.4,0.76
cluster_2077,_18341_,1.4,0.76
cluster_2078,_18342_,1.4,0.38
cluster_2079,_18343_,1.4,0.76
cluster_2080,_18344_,1.4,0.57
cluster_2081,_18345_,1.4,0.76
cluster_2082,_18346_,1.4,2.66
cluster_2083,_18347_,1.4,0.95
cluster_2084,_18348_,1.4,2.47
cluster_2085,_18349_,1.4,1.33
cluster_2086,_18350_,1.4,2.47
cluster_2087,_18351_,1.4,2.47
cluster_2088,_18352_,1.4,2.47
cluster_2089,_18353_,1.4,2.47
cluster_2090,_18354_,1.4,2.47
cluster_2091,_18355_,1.4,1.33
cluster_2092,_18356_,1.4,1.33
cluster_2093,_18358_,1.4,0.76
cluster_2094,_18693_,1.4,0.57
cluster_2095,_18509_,1.4,2.47
cluster_2096,_18511_,1.4,1.33
cluster_2097,_18628_,1.4,0.76
cluster_2098,_18629_,1.4,0.76
cluster_2099,_18630_,1.4,0.95
cluster_2100,_18631_,1.4,0.57
cluster_2101,_18632_,1.4,0.95
cluster_2102,_18633_,1.4,0.57
cluster_2103,_18634_,1.4,0.76
cluster_2104,_18635_,1.4,1.14
cluster_2105,_18627_,1.4,2.66
cluster_2106,_18636_,1.4,0.76
cluster_2107,_18638_,1.4,0.95
cluster_2108,_18639_,1.4,0.57
cluster_2109,_18640_,1.4,1.33
cluster_2110,_18641_,1.4,0.76
cluster_2111,_18642_,1.4,1.71
cluster_2112,_18643_,1.4,0.57
cluster_2113,_18644_,1.4,0.76
cluster_2114,_18645_,1.4,0.76
cluster_2115,_18637_,1.4,0.95
cluster_2116,_18626_,1.4,0.76
cluster_2117,_18625_,1.4,0.76
cluster_2118,_18624_,1.4,1.14
cluster_2119,_18604_,1.4,1.14
cluster_2120,_18606_,1.4,0.76
cluster_2121,_18607_,1.4,0.76
cluster_2122,_18608_,1.4,0.95
cluster_2123,_18609_,1.4,0.76
cluster_2124,_18610_,1.4,0.95
cluster_2125,_18611_,1.4,1.52
cluster_2126,_18612_,1.4,1.14
cluster_2127,_18613_,1.4,1.33
cluster_2128,_18614_,1.4,1.33
cluster_2129,_18615_,1.4,0.76
cluster_2130,_18616_,1.4,1.14
cluster_2131,_18617_,1.4,1.71
cluster_2132,_18618_,1.4,0.95
cluster_2133,_18619_,1.4,1.33
cluster_2134,_18620_,1.4,0.95
cluster_2135,_18621_,1.4,1.33
cluster_2136,_18622_,1.4,0.95
cluster_2137,_18623_,1.4,1.33
cluster_2138,_18646_,1.4,0.57
cluster_2139,_18647_,1.4,0.57
cluster_2140,_18648_,1.4,1.33
cluster_2141,_18649_,1.4,1.33
cluster_2142,_18673_,1.4,0.76
cluster_2143,_18674_,1.4,0.57
cluster_2144,_18675_,1.4,0.95
cluster_2145,_18676_,1.4,0.76
cluster_2146,_18677_,1.4,0.95
cluster_2147,_18678_,1.4,0.95
cluster_2148,_18679_,1.4,1.33
cluster_2149,_18680_,1.4,0.95
cluster_2150,_18681_,1.4,0.76
cluster_2151,_18682_,1.4,1.71
cluster_2152,_18683_,1.4,1.14
cluster_2153,_18684_,1.4,2.47
cluster_2154,_18685_,1.4,0.76
cluster_2155,_18686_,1.4,0.95
cluster_2156,_18687_,1.4,0.76
cluster_2157,_18688_,1.4,0.95
cluster_2158,_18689_,1.4,0.95
cluster_2159,_18690_,1.4,0.57
cluster_2160,_18691_,1.4,0.57
cluster_2161,_18672_,1.4,0.76
cluster_2162,_18603_,1.4,0.57
cluster_2163,_18671_,1.4,1.33
cluster_2164,_18669_,1.4,0.76
cluster_2165,_18650_,1.4,0.76
cluster_2166,_18651_,1.4,0.57
cluster_2167,_18652_,1.4,0.76
cluster_2168,_18653_,1.4,0.57
cluster_2169,_18654_,1.4,0.57
cluster_2170,_18655_,1.4,0.76
cluster_2171,_18656_,1.4,0.76
cluster_2172,_18657_,1.4,0.76
cluster_2173,_18658_,1.4,0.57
cluster_2174,_18659_,1.4,0.57
cluster_2175,_18660_,1.4,0.57
cluster_2176,_18661_,1.4,2.66
cluster_2177,_18662_,1.4,0.76
cluster_2178,_18663_,1.4,1.14
cluster_2179,_18664_,1.4,0.57
cluster_2180,_18665_,1.4,0.76
cluster_2181,_18666_,1.4,0.76
cluster_2182,_18667_,1.4,0.57
cluster_2183,_18668_,1.4,1.33
cluster_2184,_18670_,1.4,0.95
cluster_2185,_18602_,1.4,0.95
cluster_2186,_18601_,1.4,0.57
cluster_2187,_18600_,1.4,1.33
cluster_2188,_18535_,1.4,0.57
cluster_2189,_18536_,1.4,0.76
cluster_2190,_18537_,1.4,1.14
cluster_2191,_18538_,1.4,0.95
cluster_2192,_18539_,1.4,1.71
cluster_2193,_18540_,1.4,1.33
cluster_2194,_18541_,1.4,1.71
cluster_2195,_18542_,1.4,0.95
cluster_2196,_18543_,1.4,0.57
cluster_2197,_18544_,1.4,1.33
cluster_2198,_18545_,1.4,0.76
cluster_2199,_18546_,1.4,2.47
cluster_2200,_18547_,1.4,0.76
cluster_2201,_18548_,1.4,0.76
cluster_2202,_18549_,1.4,1.33
cluster_2203,_18550_,1.4,0.57
cluster_2204,_18551_,1.4,0.76
cluster_2205,_18552_,1.4,1.33
cluster_2206,_18553_,1.4,0.76
cluster_2207,_18534_,1.4,1.71
cluster_2208,_18554_,1.4,1.33
cluster_2209,_18533_,1.4,1.33
cluster_2210,_18531_,1.4,1.71
cluster_2211,_18512_,1.4,0.76
cluster_2212,_18513_,1.4,0.38
cluster_2213,_18514_,1.4,0.57
cluster_2214,_18515_,1.4,1.33
cluster_2215,_18516_,1.4,0.95
cluster_2216,_18517_,1.4,1.14
cluster_2217,_18518_,1.4,1.14
cluster_2218,_18519_,1.4,2.47
cluster_2219,_18520_,1.4,1.33
cluster_2220,_18521_,1.4,1.33
cluster_2221,_18522_,1.4,0.76
cluster_2222,_18523_,1.4,0.76
cluster_2223,_18524_,1.4,2.66
cluster_2224,_18525_,1.4,0.57
cluster_2225,_18526_,1.4,0.76
cluster_2226,_18527_,1.4,1.33
cluster_2227,_18528_,1.4,1.33
cluster_2228,_18529_,1.4,0.57
cluster_2229,_18530_,1.4,0.76
cluster_2230,_18532_,1.4,0.76
cluster_2231,_18510_,1.4,0.76
cluster_2232,_18555_,1.4,1.14
cluster_2233,_18557_,1.4,2.47
cluster_2234,_18581_,1.4,0.76
cluster_2235,_18582_,1.4,1.14
cluster_2236,_18583_,1.4,0.76
cluster_2237,_18584_,1.4,2.47
cluster_2238,_18585_,1.4,0.76
cluster_2239,_18586_,1.4,0.57
cluster_2240,_18587_,1.4,0.95
cluster_2241,_18588_,1.4,0.95
cluster_2242,_18589_,1.4,2.47
cluster_2243,split93,1.4,0.76
cluster_2244,_18591_,1.4,0.57
cluster_2245,_18592_,1.4,1.33
cluster_2246,_18593_,1.4,0.76
cluster_2247,_18594_,1.4,1.14
cluster_2248,_18595_,1.4,1.71
cluster_2249,_18596_,1.4,0.76
cluster_2250,_18597_,1.4,1.14
cluster_2251,_18598_,1.4,1.33
cluster_2252,_18599_,1.4,0.95
cluster_2253,_18580_,1.4,0.95
cluster_2254,_18556_,1.4,1.14
cluster_2255,_18579_,1.4,1.33
cluster_2256,_18577_,1.4,0.95
cluster_2257,_18558_,1.4,1.33
cluster_2258,_18559_,1.4,1.33
cluster_2259,_18560_,1.4,1.33
cluster_2260,_18561_,1.4,1.33
cluster_2261,_18562_,1.4,2.47
cluster_2262,_18563_,1.4,0.76
cluster_2263,_18564_,1.4,0.95
cluster_2264,_18565_,1.4,2.47
cluster_2265,_18566_,1.4,0.76
cluster_2266,_18567_,1.4,1.33
cluster_2267,_18568_,1.4,0.57
cluster_2268,_18569_,1.4,0.57
cluster_2269,_18570_,1.4,2.47
cluster_2270,_18571_,1.4,0.57
cluster_2271,_18572_,1.4,1.33
cluster_2272,_18573_,1.4,0.76
cluster_2273,_18574_,1.4,1.14
cluster_2274,_18575_,1.4,0.76
cluster_2275,_18576_,1.4,1.33
cluster_2276,_18578_,1.4,2.47
cluster_2277,_18735_,1.4,0.95
cluster_2278,_18605_,1.4,0.57
cluster_2279,_29617_,1.4,1.9
cluster_2280,_29616_,1.4,1.9
cluster_2281,_29618_,1.4,1.9
cluster_2282,_29401_,1.4,1.33
cluster_2283,_29400_,1.4,1.33
cluster_2284,sa00_sr[3]$_DFF_P_,1.4,3.23
cluster_2285,_29399_,1.4,1.33
cluster_2286,_29398_,1.4,1.33
cluster_2287,_29397_,1.4,1.33
cluster_2288,_29396_,1.4,1.33
cluster_2289,input160,1.4,0.57
cluster_2290,_29394_,1.4,2.47
cluster_2291,input159,1.4,0.57
cluster_2292,input158,1.4,0.57
cluster_2293,input157,1.4,0.57
cluster_2294,input156,1.4,0.57
cluster_2295,input155,1.4,0.57
cluster_2296,input154,1.4,0.76
cluster_2297,input153,1.4,0.57
cluster_2298,_29606_,1.4,1.9
cluster_2299,_29615_,1.4,1.9
cluster_2300,_29392_,1.4,1.33
cluster_2301,_29614_,1.4,1.9
cluster_2302,_29612_,1.4,1.9
cluster_2303,_29607_,1.4,1.9
cluster_2304,_29608_,1.4,1.9
cluster_2305,_29609_,1.4,1.9
cluster_2306,clone123,1.4,0.57
cluster_2307,text_in_r[127]$_DFFE_PP_,1.4,3.23
cluster_2308,text_in_r[126]$_DFFE_PP_,1.4,3.23
cluster_2309,text_in_r[125]$_DFFE_PP_,1.4,3.23
cluster_2310,text_in_r[124]$_DFFE_PP_,1.4,3.23
cluster_2311,text_in_r[123]$_DFFE_PP_,1.4,3.23
cluster_2312,_29613_,1.4,1.9
cluster_2313,text_in_r[122]$_DFFE_PP_,1.4,3.23
cluster_2314,sa00_sr[6]$_DFF_P_,1.4,3.23
cluster_2315,sa00_sr[5]$_DFF_P_,1.4,3.23
cluster_2316,sa00_sr[4]$_DFF_P_,1.4,3.23
cluster_2317,text_in_r[121]$_DFFE_PP_,1.4,3.23
cluster_2318,text_in_r[120]$_DFFE_PP_,1.4,3.23
cluster_2319,_29610_,1.4,1.9
cluster_2320,clone124,1.4,0.95
cluster_2321,_29611_,1.4,1.9
cluster_2322,sa00_sr[7]$_DFF_P_,1.4,3.23
cluster_2323,_29395_,1.4,1.33
cluster_2324,_28199_,1.4,0.95
cluster_2325,sa33_sr[4]$_DFF_P_,1.4,3.23
cluster_2326,_28197_,1.4,0.76
cluster_2327,_28196_,1.4,1.14
cluster_2328,_28200_,1.4,0.57
cluster_2329,_28198_,1.4,0.76
cluster_2330,_28201_,1.4,0.95
cluster_2331,_28212_,1.4,0.76
cluster_2332,_28203_,1.4,0.95
cluster_2333,_28204_,1.4,0.95
cluster_2334,_28205_,1.4,0.95
cluster_2335,_28206_,1.4,0.95
cluster_2336,_28207_,1.4,0.76
cluster_2337,_28208_,1.4,1.14
cluster_2338,_28209_,1.4,0.76
cluster_2339,_28210_,1.4,0.95
cluster_2340,_28211_,1.4,1.14
cluster_2341,_28195_,1.4,0.76
cluster_2342,_28213_,1.4,0.57
cluster_2343,_28202_,1.4,0.76
cluster_2344,_28194_,1.4,0.76
cluster_2345,_28181_,1.4,1.14
cluster_2346,_28192_,1.4,0.57
cluster_2347,_28173_,1.4,0.76
cluster_2348,_28172_,1.4,0.76
cluster_2349,_28171_,1.4,2.47
cluster_2350,_28170_,1.4,0.76
cluster_2351,_28169_,1.4,0.57
cluster_2352,_28168_,1.4,0.76
cluster_2353,_28174_,1.4,0.76
cluster_2354,_28167_,1.4,0.76
cluster_2355,_28165_,1.4,0.95
cluster_2356,_28164_,1.4,0.76
cluster_2357,_28163_,1.4,0.76
cluster_2358,_28162_,1.4,0.76
cluster_2359,_28161_,1.4,0.76
cluster_2360,_28160_,1.4,0.95
cluster_2361,_28166_,1.4,1.33
cluster_2362,_28193_,1.4,1.71
cluster_2363,_28175_,1.4,0.57
cluster_2364,_28177_,1.4,0.76
cluster_2365,_28191_,1.4,0.76
cluster_2366,_28190_,1.4,0.57
cluster_2367,_28189_,1.4,1.33
cluster_2368,_28188_,1.4,0.76
cluster_2369,_28187_,1.4,0.95
cluster_2370,_28186_,1.4,0.57
cluster_2371,_28176_,1.4,0.76
cluster_2372,_28185_,1.4,0.76
cluster_2373,_28183_,1.4,2.09
cluster_2374,_28182_,1.4,1.33
cluster_2375,_28214_,1.4,1.14
cluster_2376,_28180_,1.4,0.76
cluster_2377,_28179_,1.4,0.95
cluster_2378,_28178_,1.4,0.57
cluster_2379,_28184_,1.4,0.57
cluster_2380,_28215_,1.4,2.09
cluster_2381,_28222_,1.4,0.57
cluster_2382,_28217_,1.4,2.66
cluster_2383,_28254_,1.4,0.76
cluster_2384,_28255_,1.4,0.76
cluster_2385,_28256_,1.4,0.38
cluster_2386,_28257_,1.4,1.33
cluster_2387,_28258_,1.4,1.33
cluster_2388,_28259_,1.4,1.14
cluster_2389,_28260_,1.4,0.57
cluster_2390,_28261_,1.4,1.33
cluster_2391,_28262_,1.4,0.95
cluster_2392,_28263_,1.4,1.71
cluster_2393,_28264_,1.4,0.76
cluster_2394,_28265_,1.4,1.33
cluster_2395,_28266_,1.4,0.57
cluster_2396,_28267_,1.4,0.95
cluster_2397,_28268_,1.4,0.76
cluster_2398,_28269_,1.4,0.95
cluster_2399,_28270_,1.4,0.76
cluster_2400,_28284_,1.4,0.57
cluster_2401,_28283_,1.4,0.76
cluster_2402,_28282_,1.4,0.38
cluster_2403,_28281_,1.4,1.14
cluster_2404,_28280_,1.4,0.76
cluster_2405,_28279_,1.4,0.95
cluster_2406,_28253_,1.4,0.76
cluster_2407,_28278_,1.4,0.76
cluster_2408,_28276_,1.4,0.76
cluster_2409,_28275_,1.4,0.95
cluster_2410,_28274_,1.4,0.76
cluster_2411,_28273_,1.4,0.76
cluster_2412,_28272_,1.4,1.33
cluster_2413,_28271_,1.4,1.14
cluster_2414,_28277_,1.4,0.76
cluster_2415,_28216_,1.4,0.57
cluster_2416,_28252_,1.4,0.76
cluster_2417,_28250_,1.4,0.76
cluster_2418,_28218_,1.4,0.76
cluster_2419,_28219_,1.4,0.76
cluster_2420,_28220_,1.4,0.95
cluster_2421,_28221_,1.4,0.76
cluster_2422,_28223_,1.4,0.76
cluster_2423,_28224_,1.4,1.33
cluster_2424,_28225_,1.4,0.76
cluster_2425,_28226_,1.4,0.57
cluster_2426,_28227_,1.4,0.76
cluster_2427,_28228_,1.4,0.95
cluster_2428,_28229_,1.4,0.76
cluster_2429,_28230_,1.4,0.76
cluster_2430,_28231_,1.4,0.76
cluster_2431,_28232_,1.4,2.47
cluster_2432,_28233_,1.4,0.76
cluster_2433,_28234_,1.4,0.76
cluster_2434,_28235_,1.4,0.76
cluster_2435,_28249_,1.4,0.76
cluster_2436,_28248_,1.4,0.76
cluster_2437,_28247_,1.4,0.76
cluster_2438,_28246_,1.4,1.14
cluster_2439,_28245_,1.4,0.57
cluster_2440,_28244_,1.4,0.76
cluster_2441,_28251_,1.4,1.33
cluster_2442,_28243_,1.4,1.14
cluster_2443,_28241_,1.4,1.33
cluster_2444,_28240_,1.4,0.95
cluster_2445,_28239_,1.4,0.95
cluster_2446,_28238_,1.4,0.76
cluster_2447,_28237_,1.4,0.57
cluster_2448,_28236_,1.4,0.76
cluster_2449,_28242_,1.4,0.57
cluster_2450,_28159_,1.4,0.76
cluster_2451,_28148_,1.4,1.14
cluster_2452,_28157_,1.4,0.76
cluster_2453,_28061_,1.4,0.57
cluster_2454,_28059_,1.4,0.76
cluster_2455,sa33_sr[7]$_DFF_P_,1.4,3.23
cluster_2456,_28058_,1.4,0.95
cluster_2457,_28057_,1.4,1.33
cluster_2458,_28056_,1.4,2.47
cluster_2459,_28062_,1.4,0.57
cluster_2460,_28055_,1.4,1.71
cluster_2461,_28053_,1.4,0.76
cluster_2462,_28052_,1.4,1.33
cluster_2463,_28051_,1.4,1.33
cluster_2464,_28050_,1.4,0.76
cluster_2465,_28049_,1.4,1.33
cluster_2466,_28048_,1.4,0.76
cluster_2467,_28054_,1.4,0.76
cluster_2468,_28063_,1.4,0.95
cluster_2469,_28064_,1.4,1.33
cluster_2470,_28065_,1.4,0.95
cluster_2471,_28080_,1.4,2.47
cluster_2472,_28079_,1.4,2.47
cluster_2473,_28078_,1.4,0.95
cluster_2474,_28077_,1.4,1.33
cluster_2475,_28076_,1.4,1.33
cluster_2476,_28075_,1.4,0.95
cluster_2477,_28074_,1.4,0.95
cluster_2478,_28073_,1.4,1.14
cluster_2479,_28072_,1.4,0.95
cluster_2480,_28071_,1.4,0.76
cluster_2481,_28070_,1.4,0.57
cluster_2482,clone159,1.4,0.76
cluster_2483,_28068_,1.4,1.71
cluster_2484,_28067_,1.4,0.76
cluster_2485,_28066_,1.4,2.47
cluster_2486,_28047_,1.4,0.38
cluster_2487,_28046_,1.4,1.33
cluster_2488,_28045_,1.4,0.76
cluster_2489,_28044_,1.4,0.95
cluster_2490,_28023_,1.4,1.71
cluster_2491,_28022_,1.4,0.76
cluster_2492,_28021_,1.4,1.33
cluster_2493,_28020_,1.4,1.33
cluster_2494,_28019_,1.4,2.47
cluster_2495,sa33_sr[0]$_DFF_P_,1.4,3.23
cluster_2496,sa33_sr[1]$_DFF_P_,1.4,3.23
cluster_2497,sa33_sr[2]$_DFF_P_,1.4,3.23
cluster_2498,sa33_sr[3]$_DFF_P_,1.4,3.23
cluster_2499,_28018_,1.4,1.33
cluster_2500,_19873_,1.4,1.14
cluster_2501,text_in_r[33]$_DFFE_PP_,1.4,3.23
cluster_2502,text_in_r[35]$_DFFE_PP_,1.4,3.23
cluster_2503,text_in_r[36]$_DFFE_PP_,1.4,3.23
cluster_2504,text_in_r[37]$_DFFE_PP_,1.4,3.23
cluster_2505,_28024_,1.4,1.33
cluster_2506,_28081_,1.4,1.33
cluster_2507,_28025_,1.4,0.76
cluster_2508,_28027_,1.4,0.76
cluster_2509,_28043_,1.4,1.71
cluster_2510,_28042_,1.4,1.33
cluster_2511,_28041_,1.4,1.14
cluster_2512,_28040_,1.4,0.57
cluster_2513,_28039_,1.4,0.76
cluster_2514,_28038_,1.4,0.57
cluster_2515,_28036_,1.4,1.33
cluster_2516,_28035_,1.4,1.33
cluster_2517,_28034_,1.4,1.33
cluster_2518,_28033_,1.4,0.76
cluster_2519,_28032_,1.4,2.09
cluster_2520,_28031_,1.4,1.71
cluster_2521,_28030_,1.4,1.33
cluster_2522,_28029_,1.4,1.33
cluster_2523,_28028_,1.4,0.76
cluster_2524,_28026_,1.4,1.33
cluster_2525,_28082_,1.4,2.47
cluster_2526,_28083_,1.4,0.95
cluster_2527,_28084_,1.4,0.57
cluster_2528,_28137_,1.4,0.76
cluster_2529,_28136_,1.4,1.14
cluster_2530,_28135_,1.4,0.76
cluster_2531,_28134_,1.4,1.71
cluster_2532,_28133_,1.4,0.76
cluster_2533,_28132_,1.4,1.14
cluster_2534,_28131_,1.4,0.76
cluster_2535,_28130_,1.4,0.95
cluster_2536,_28129_,1.4,0.57
cluster_2537,_28128_,1.4,0.57
cluster_2538,_28127_,1.4,0.57
cluster_2539,_28126_,1.4,0.57
cluster_2540,_28125_,1.4,1.33
cluster_2541,_28124_,1.4,0.76
cluster_2542,_28123_,1.4,1.14
cluster_2543,_28138_,1.4,0.95
cluster_2544,_28122_,1.4,0.57
cluster_2545,_28139_,1.4,0.76
cluster_2546,_28141_,1.4,0.57
cluster_2547,_28156_,1.4,0.76
cluster_2548,_28155_,1.4,1.33
cluster_2549,_28154_,1.4,2.47
cluster_2550,_28153_,1.4,1.71
cluster_2551,_28152_,1.4,0.76
cluster_2552,_28151_,1.4,1.14
cluster_2553,_28150_,1.4,0.95
cluster_2554,_28149_,1.4,0.76
cluster_2555,_28285_,1.4,0.57
cluster_2556,_28147_,1.4,0.76
cluster_2557,_28146_,1.4,0.76
cluster_2558,_28145_,1.4,2.47
cluster_2559,_28144_,1.4,1.33
cluster_2560,_28143_,1.4,0.76
cluster_2561,_28142_,1.4,0.95
cluster_2562,_28140_,1.4,1.33
cluster_2563,_28158_,1.4,0.76
cluster_2564,_28121_,1.4,2.47
cluster_2565,_28119_,1.4,1.14
cluster_2566,_28099_,1.4,1.33
cluster_2567,_28098_,1.4,1.33
cluster_2568,_28097_,1.4,2.47
cluster_2569,_28096_,1.4,0.95
cluster_2570,_28095_,1.4,0.95
cluster_2571,_28094_,1.4,1.33
cluster_2572,_28093_,1.4,0.57
cluster_2573,_28092_,1.4,1.14
cluster_2574,_28091_,1.4,0.57
cluster_2575,_28090_,1.4,0.76
cluster_2576,_28089_,1.4,1.33
cluster_2577,_28088_,1.4,0.76
cluster_2578,_28087_,1.4,2.47
cluster_2579,_28086_,1.4,1.33
cluster_2580,_28085_,1.4,0.76
cluster_2581,_28100_,1.4,1.14
cluster_2582,_28120_,1.4,0.57
cluster_2583,_28101_,1.4,1.9
cluster_2584,_28103_,1.4,1.33
cluster_2585,_28118_,1.4,0.76
cluster_2586,_28117_,1.4,1.33
cluster_2587,_28116_,1.4,1.33
cluster_2588,_28115_,1.4,0.76
cluster_2589,_28114_,1.4,1.33
cluster_2590,_28113_,1.4,1.33
cluster_2591,_28112_,1.4,1.14
cluster_2592,_28111_,1.4,0.76
cluster_2593,_28110_,1.4,0.76
cluster_2594,_28109_,1.4,0.57
cluster_2595,_28108_,1.4,0.76
cluster_2596,_28107_,1.4,0.57
cluster_2597,_28106_,1.4,1.33
cluster_2598,_28105_,1.4,1.33
cluster_2599,_28104_,1.4,0.76
cluster_2600,_28102_,1.4,1.33
cluster_2601,_28286_,1.4,0.95
cluster_2602,_28304_,1.4,1.33
cluster_2603,_28288_,1.4,1.33
cluster_2604,_28483_,1.4,1.14
cluster_2605,_28482_,1.4,0.76
cluster_2606,_28481_,1.4,1.14
cluster_2607,_28480_,1.4,0.76
cluster_2608,_28479_,1.4,0.57
cluster_2609,_28478_,1.4,0.76
cluster_2610,_28484_,1.4,0.76
cluster_2611,_28477_,1.4,0.76
cluster_2612,_28475_,1.4,0.76
cluster_2613,_28474_,1.4,0.57
cluster_2614,_28473_,1.4,0.95
cluster_2615,_28472_,1.4,0.95
cluster_2616,_28471_,1.4,0.76
cluster_2617,_28470_,1.4,0.76
cluster_2618,_28476_,1.4,1.14
cluster_2619,_28469_,1.4,0.95
cluster_2620,_28485_,1.4,0.76
cluster_2621,_28487_,1.4,1.14
cluster_2622,_28501_,1.4,0.76
cluster_2623,_28500_,1.4,0.76
cluster_2624,_28499_,1.4,0.76
cluster_2625,_28498_,1.4,0.57
cluster_2626,_28497_,1.4,0.57
cluster_2627,_28496_,1.4,0.95
cluster_2628,_28486_,1.4,0.57
cluster_2629,_28495_,1.4,0.76
cluster_2630,_28493_,1.4,1.33
cluster_2631,_28492_,1.4,1.33
cluster_2632,_28491_,1.4,0.57
cluster_2633,_28490_,1.4,0.76
cluster_2634,_28489_,1.4,0.57
cluster_2635,_28488_,1.4,0.76
cluster_2636,_28494_,1.4,1.14
cluster_2637,_28502_,1.4,0.76
cluster_2638,_28468_,1.4,1.33
cluster_2639,_28466_,1.4,0.76
cluster_2640,_28447_,1.4,0.57
cluster_2641,_28446_,1.4,0.95
cluster_2642,_28445_,1.4,0.57
cluster_2643,_28444_,1.4,1.14
cluster_2644,_28443_,1.4,0.76
cluster_2645,_28442_,1.4,1.33
cluster_2646,_28448_,1.4,0.76
cluster_2647,_28441_,1.4,1.14
cluster_2648,_28439_,1.4,0.76
cluster_2649,_28438_,1.4,0.76
cluster_2650,_28437_,1.4,0.76
cluster_2651,_28436_,1.4,0.76
cluster_2652,_28435_,1.4,0.76
cluster_2653,_28434_,1.4,0.95
cluster_2654,_28440_,1.4,0.76
cluster_2655,_28467_,1.4,0.76
cluster_2656,_28449_,1.4,0.95
cluster_2657,_28451_,1.4,0.76
cluster_2658,_28465_,1.4,0.57
cluster_2659,_28464_,1.4,0.76
cluster_2660,_28463_,1.4,1.14
cluster_2661,_28462_,1.4,1.14
cluster_2662,_28461_,1.4,0.95
cluster_2663,_28460_,1.4,0.57
cluster_2664,_28450_,1.4,0.76
cluster_2665,_28459_,1.4,0.76
cluster_2666,_28457_,1.4,0.76
cluster_2667,_28456_,1.4,0.76
cluster_2668,_28455_,1.4,1.33
cluster_2669,_28454_,1.4,0.76
cluster_2670,_28453_,1.4,0.76
cluster_2671,_28452_,1.4,0.95
cluster_2672,_28458_,1.4,1.33
cluster_2673,_28433_,1.4,1.14
cluster_2674,_28503_,1.4,0.95
cluster_2675,_28505_,1.4,0.76
cluster_2676,_28555_,1.4,0.95
cluster_2677,_28554_,1.4,0.95
cluster_2678,_28553_,1.4,0.57
cluster_2679,_28552_,1.4,1.14
cluster_2680,_28551_,1.4,0.76
cluster_2681,_28550_,1.4,0.76
cluster_2682,_28556_,1.4,0.95
cluster_2683,_28549_,1.4,0.76
cluster_2684,_28547_,1.4,0.76
cluster_2685,_28546_,1.4,1.14
cluster_2686,_28545_,1.4,1.14
cluster_2687,_28544_,1.4,0.76
cluster_2688,_28543_,1.4,0.76
cluster_2689,_28542_,1.4,0.76
cluster_2690,_28548_,1.4,0.76
cluster_2691,_28541_,1.4,0.95
cluster_2692,_28557_,1.4,0.76
cluster_2693,_28559_,1.4,0.76
cluster_2694,clone94,1.4,0.76
cluster_2695,split160,1.4,0.57
cluster_2696,clone95,1.4,0.76
cluster_2697,clone96,1.4,1.33
cluster_2698,_29806_,1.4,1.9
cluster_2699,_29807_,1.4,1.9
cluster_2700,_28558_,1.4,0.95
cluster_2701,_29808_,1.4,1.9
cluster_2702,_28565_,1.4,0.95
cluster_2703,_28564_,1.4,1.14
cluster_2704,_28563_,1.4,0.76
cluster_2705,_28562_,1.4,0.76
cluster_2706,_28561_,1.4,0.76
cluster_2707,_28560_,1.4,0.57
cluster_2708,_28566_,1.4,1.71
cluster_2709,_28504_,1.4,0.76
cluster_2710,_28540_,1.4,1.14
cluster_2711,_28538_,1.4,0.76
cluster_2712,_28519_,1.4,0.76
cluster_2713,_28518_,1.4,1.33
cluster_2714,_28517_,1.4,1.14
cluster_2715,_28516_,1.4,1.14
cluster_2716,_28515_,1.4,0.76
cluster_2717,_28514_,1.4,0.76
cluster_2718,_28520_,1.4,0.76
cluster_2719,_28513_,1.4,0.76
cluster_2720,_28511_,1.4,0.76
cluster_2721,_28510_,1.4,0.76
cluster_2722,_28509_,1.4,0.57
cluster_2723,_28508_,1.4,0.76
cluster_2724,_28507_,1.4,0.76
cluster_2725,_28506_,1.4,0.57
cluster_2726,_28512_,1.4,1.14
cluster_2727,_28539_,1.4,0.76
cluster_2728,_28521_,1.4,1.14
cluster_2729,_28523_,1.4,0.76
cluster_2730,_28537_,1.4,0.76
cluster_2731,_28536_,1.4,0.57
cluster_2732,_28535_,1.4,1.14
cluster_2733,_28534_,1.4,0.76
cluster_2734,_28533_,1.4,0.76
cluster_2735,_28532_,1.4,0.76
cluster_2736,_28522_,1.4,1.14
cluster_2737,_28531_,1.4,0.76
cluster_2738,_28529_,1.4,0.76
cluster_2739,_28528_,1.4,0.95
cluster_2740,_28527_,1.4,0.76
cluster_2741,_28526_,1.4,0.76
cluster_2742,_28525_,1.4,0.76
cluster_2743,_28524_,1.4,0.76
cluster_2744,_28530_,1.4,0.76
cluster_2745,_28432_,1.4,1.33
cluster_2746,_28431_,1.4,0.76
cluster_2747,_28430_,1.4,0.76
cluster_2748,_28338_,1.4,0.76
cluster_2749,_28337_,1.4,0.57
cluster_2750,_28336_,1.4,0.57
cluster_2751,_28335_,1.4,0.76
cluster_2752,_28334_,1.4,1.14
cluster_2753,_28333_,1.4,0.95
cluster_2754,_28339_,1.4,1.33
cluster_2755,_28332_,1.4,0.76
cluster_2756,_28330_,1.4,0.76
cluster_2757,_28329_,1.4,0.57
cluster_2758,_28328_,1.4,0.76
cluster_2759,_28327_,1.4,0.95
cluster_2760,_28326_,1.4,0.57
cluster_2761,_28325_,1.4,0.95
cluster_2762,_28331_,1.4,0.76
cluster_2763,_28324_,1.4,0.95
cluster_2764,_28340_,1.4,0.76
cluster_2765,_28342_,1.4,0.57
cluster_2766,_28356_,1.4,1.14
cluster_2767,_28355_,1.4,1.71
cluster_2768,_28354_,1.4,1.33
cluster_2769,_28353_,1.4,1.14
cluster_2770,_28352_,1.4,0.57
cluster_2771,_28351_,1.4,0.57
cluster_2772,_28341_,1.4,0.76
cluster_2773,_28350_,1.4,0.76
cluster_2774,_28348_,1.4,0.57
cluster_2775,_28347_,1.4,1.33
cluster_2776,_28346_,1.4,0.76
cluster_2777,_28345_,1.4,1.33
cluster_2778,_28344_,1.4,1.14
cluster_2779,_28343_,1.4,0.76
cluster_2780,_28349_,1.4,1.14
cluster_2781,_28357_,1.4,0.95
cluster_2782,_28323_,1.4,0.57
cluster_2783,_28321_,1.4,0.57
cluster_2784,_28302_,1.4,0.76
cluster_2785,_28301_,1.4,0.76
cluster_2786,_28300_,1.4,0.76
cluster_2787,_28299_,1.4,0.76
cluster_2788,_28298_,1.4,1.14
cluster_2789,_28297_,1.4,0.95
cluster_2790,_28303_,1.4,0.76
cluster_2791,_28296_,1.4,0.57
cluster_2792,_28294_,1.4,0.76
cluster_2793,_28293_,1.4,0.57
cluster_2794,_28292_,1.4,0.57
cluster_2795,_28291_,1.4,1.33
cluster_2796,_28290_,1.4,0.95
cluster_2797,_28289_,1.4,0.76
cluster_2798,_28295_,1.4,0.76
cluster_2799,_28322_,1.4,0.76
cluster_2800,text_in_r[38]$_DFFE_PP_,1.4,3.23
cluster_2801,_28306_,1.4,1.71
cluster_2802,_28320_,1.4,0.76
cluster_2803,_28319_,1.4,0.95
cluster_2804,_28318_,1.4,1.33
cluster_2805,_28317_,1.4,0.95
cluster_2806,_28316_,1.4,0.95
cluster_2807,_28315_,1.4,0.76
cluster_2808,_28305_,1.4,1.33
cluster_2809,_28314_,1.4,0.57
cluster_2810,_28312_,1.4,0.57
cluster_2811,_28311_,1.4,1.33
cluster_2812,_28310_,1.4,0.57
cluster_2813,_28309_,1.4,1.14
cluster_2814,_28308_,1.4,0.76
cluster_2815,_28307_,1.4,0.57
cluster_2816,_28313_,1.4,1.14
cluster_2817,_28358_,1.4,0.76
cluster_2818,_28359_,1.4,0.57
cluster_2819,_28360_,1.4,1.14
cluster_2820,_28411_,1.4,0.76
cluster_2821,_28410_,1.4,1.14
cluster_2822,_28409_,1.4,0.76
cluster_2823,_28408_,1.4,0.95
cluster_2824,_28407_,1.4,0.57
cluster_2825,_28406_,1.4,0.76
cluster_2826,_28412_,1.4,0.95
cluster_2827,_28405_,1.4,1.33
cluster_2828,_28403_,1.4,0.95
cluster_2829,_28402_,1.4,0.76
cluster_2830,_28401_,1.4,0.95
cluster_2831,_28400_,1.4,0.76
cluster_2832,_28399_,1.4,1.14
cluster_2833,_28398_,1.4,0.76
cluster_2834,_28404_,1.4,0.57
cluster_2835,_28397_,1.4,1.33
cluster_2836,_28413_,1.4,0.57
cluster_2837,_28415_,1.4,0.76
cluster_2838,_28429_,1.4,0.57
cluster_2839,_28428_,1.4,0.76
cluster_2840,_28427_,1.4,0.76
cluster_2841,_28426_,1.4,0.76
cluster_2842,_28425_,1.4,0.95
cluster_2843,_28424_,1.4,0.57
cluster_2844,_28414_,1.4,0.76
cluster_2845,_28423_,1.4,0.76
cluster_2846,_28421_,1.4,0.95
cluster_2847,_28420_,1.4,1.14
cluster_2848,_28419_,1.4,0.76
cluster_2849,_28418_,1.4,0.76
cluster_2850,_28417_,1.4,0.76
cluster_2851,_28416_,1.4,0.57
cluster_2852,_28422_,1.4,0.57
cluster_2853,_28396_,1.4,0.95
cluster_2854,_28395_,1.4,1.33
cluster_2855,_28394_,1.4,0.38
cluster_2856,_28374_,1.4,0.57
cluster_2857,_28373_,1.4,0.57
cluster_2858,_28372_,1.4,0.57
cluster_2859,_28371_,1.4,0.76
cluster_2860,_28370_,1.4,1.14
cluster_2861,_28369_,1.4,0.57
cluster_2862,_28375_,1.4,0.76
cluster_2863,_28368_,1.4,0.76
cluster_2864,_28366_,1.4,0.76
cluster_2865,_28365_,1.4,0.57
cluster_2866,_28364_,1.4,0.76
cluster_2867,_28363_,1.4,0.76
cluster_2868,_28362_,1.4,0.76
cluster_2869,_28361_,1.4,0.76
cluster_2870,_28367_,1.4,0.95
cluster_2871,_28376_,1.4,0.57
cluster_2872,_28377_,1.4,1.14
cluster_2873,_28378_,1.4,0.76
cluster_2874,_28393_,1.4,1.14
cluster_2875,_28392_,1.4,0.76
cluster_2876,_28391_,1.4,0.76
cluster_2877,_28390_,1.4,0.76
cluster_2878,_28389_,1.4,0.76
cluster_2879,_28388_,1.4,1.14
cluster_2880,_28387_,1.4,0.57
cluster_2881,_28386_,1.4,0.57
cluster_2882,_28385_,1.4,0.57
cluster_2883,_28384_,1.4,0.76
cluster_2884,_28383_,1.4,0.76
cluster_2885,_28382_,1.4,0.76
cluster_2886,_28381_,1.4,1.14
cluster_2887,_28380_,1.4,0.76
cluster_2888,_28379_,1.4,0.95
cluster_2889,_28287_,1.4,1.14
cluster_2890,text_in_r[39]$_DFFE_PP_,1.4,3.23
cluster_2891,_19874_,1.4,1.14
cluster_2892,_27987_,1.4,0.38
cluster_2893,_27946_,1.4,1.71
cluster_2894,_27947_,1.4,1.71
cluster_2895,_27948_,1.4,1.14
cluster_2896,_27949_,1.4,1.14
cluster_2897,_27950_,1.4,1.14
cluster_2898,_27951_,1.4,1.71
cluster_2899,_27952_,1.4,1.14
cluster_2900,_27953_,1.4,1.33
cluster_2901,_27954_,1.4,0.95
cluster_2902,_27955_,1.4,1.14
cluster_2903,_27956_,1.4,1.14
cluster_2904,_27957_,1.4,1.71
cluster_2905,_27958_,1.4,1.71
cluster_2906,_27959_,1.4,1.33
cluster_2907,_27960_,1.4,0.38
cluster_2908,_27961_,1.4,0.57
cluster_2909,_27962_,1.4,1.14
cluster_2910,_27963_,1.4,1.71
cluster_2911,_27964_,1.4,0.76
cluster_2912,_27965_,1.4,1.14
cluster_2913,_27966_,1.4,1.71
cluster_2914,_27967_,1.4,0.76
cluster_2915,_27968_,1.4,1.33
cluster_2916,_27969_,1.4,1.33
cluster_2917,_27970_,1.4,1.33
cluster_2918,_27971_,1.4,0.95
cluster_2919,_27973_,1.4,1.33
cluster_2920,_27945_,1.4,1.14
cluster_2921,_27974_,1.4,0.76
cluster_2922,_27944_,1.4,1.14
cluster_2923,_27942_,1.4,1.33
cluster_2924,_27907_,1.4,0.57
cluster_2925,_27908_,1.4,0.76
cluster_2926,_27909_,1.4,0.76
cluster_2927,_27914_,1.4,2.09
cluster_2928,_27915_,1.4,3.23
cluster_2929,_27917_,1.4,2.47
cluster_2930,_27918_,1.4,1.14
cluster_2931,_27919_,1.4,1.14
cluster_2932,_27920_,1.4,0.76
cluster_2933,_27921_,1.4,0.57
cluster_2934,_27922_,1.4,0.57
cluster_2935,_20585_,1.4,1.33
cluster_2936,_27924_,1.4,1.14
cluster_2937,_27925_,1.4,0.57
cluster_2938,_27926_,1.4,0.76
cluster_2939,_27927_,1.4,1.33
cluster_2940,_27931_,1.4,2.66
cluster_2941,_27932_,1.4,1.71
cluster_2942,_27933_,1.4,2.47
cluster_2943,_27934_,1.4,1.33
cluster_2944,_27935_,1.4,1.33
cluster_2945,_27936_,1.4,1.33
cluster_2946,_27937_,1.4,2.47
cluster_2947,_27938_,1.4,2.47
cluster_2948,_27939_,1.4,1.33
cluster_2949,_27940_,1.4,1.33
cluster_2950,_27941_,1.4,1.33
cluster_2951,_27943_,1.4,1.33
cluster_2952,_27975_,1.4,0.57
cluster_2953,_27976_,1.4,1.9
cluster_2954,_27977_,1.4,1.71
cluster_2955,_28011_,1.4,1.33
cluster_2956,_28012_,1.4,0.76
cluster_2957,_28013_,1.4,1.33
cluster_2958,_28014_,1.4,1.14
cluster_2959,_28015_,1.4,1.71
cluster_2960,_28016_,1.4,1.71
cluster_2961,split188,1.4,0.76
cluster_2962,_29796_,1.4,1.9
cluster_2963,_29797_,1.4,1.9
cluster_2964,_29798_,1.4,1.9
cluster_2965,_29799_,1.4,1.9
cluster_2966,_29800_,1.4,1.9
cluster_2967,_29801_,1.4,1.9
cluster_2968,_29802_,1.4,1.9
cluster_2969,_29803_,1.4,1.9
cluster_2970,_29804_,1.4,1.9
cluster_2971,_29805_,1.4,1.9
cluster_2972,_29360_,1.4,1.14
cluster_2973,_20466_,1.4,1.33
cluster_2974,_20560_,1.4,0.76
cluster_2975,_22601_,1.4,1.14
cluster_2976,_20597_,1.4,1.33
cluster_2977,input184,1.4,0.76
cluster_2978,input186,1.4,0.76
cluster_2979,input187,1.4,0.57
cluster_2980,input190,1.4,0.76
cluster_2981,input189,1.4,0.76
cluster_2982,_28010_,1.4,1.33
cluster_2983,_28009_,1.4,1.33
cluster_2984,_28008_,1.4,1.33
cluster_2985,_28007_,1.4,0.57
cluster_2986,_27978_,1.4,2.47
cluster_2987,_27979_,1.4,0.76
cluster_2988,_27980_,1.4,0.95
cluster_2989,_27981_,1.4,0.57
cluster_2990,_27982_,1.4,0.57
cluster_2991,_27983_,1.4,1.33
cluster_2992,_27984_,1.4,2.47
cluster_2993,_27985_,1.4,2.47
cluster_2994,_27986_,1.4,0.57
cluster_2995,_27988_,1.4,0.38
cluster_2996,_27989_,1.4,1.71
cluster_2997,_27990_,1.4,2.47
cluster_2998,_27991_,1.4,0.57
cluster_2999,_27906_,1.4,1.14
cluster_3000,_27992_,1.4,2.47
cluster_3001,_27994_,1.4,1.71
cluster_3002,_27995_,1.4,0.95
cluster_3003,_27996_,1.4,2.47
cluster_3004,_27997_,1.4,2.47
cluster_3005,_27998_,1.4,2.66
cluster_3006,_27999_,1.4,0.57
cluster_3007,_28000_,1.4,0.57
cluster_3008,_28001_,1.4,1.71
cluster_3009,_28002_,1.4,1.71
cluster_3010,_28003_,1.4,0.95
cluster_3011,_28004_,1.4,1.33
cluster_3012,split97,1.4,0.76
cluster_3013,_28006_,1.4,1.33
cluster_3014,_27993_,1.4,2.47
cluster_3015,_27905_,1.4,0.76
cluster_3016,_27923_,1.4,1.33
cluster_3017,_27903_,1.4,0.57
cluster_3018,_29428_,1.4,1.33
cluster_3019,_29430_,1.4,1.33
cluster_3020,_29431_,1.4,1.33
cluster_3021,_29432_,1.4,1.33
cluster_3022,_29433_,1.4,1.33
cluster_3023,_29434_,1.4,1.33
cluster_3024,_20519_,1.4,1.33
cluster_3025,_20526_,1.4,2.47
cluster_3026,_20533_,1.4,1.33
cluster_3027,_25340_,1.4,1.9
cluster_3028,_25339_,1.4,1.14
cluster_3029,sa33_sr[6]$_DFF_P_,1.4,3.23
cluster_3030,split189,1.4,0.76
cluster_3031,sa33_sr[5]$_DFF_P_,1.4,3.23
cluster_3032,_27904_,1.4,0.57
cluster_3033,_22539_,1.4,1.9
cluster_3034,_28017_,1.4,1.14
cluster_3035,_29427_,1.4,2.47
cluster_3036,_20496_,1.4,1.33
cluster_3037,input188,1.4,0.57
cluster_3038,_27895_,1.4,1.71
cluster_3039,_27901_,1.4,1.14
cluster_3040,text_out[1]$_DFF_P_,1.4,3.23
cluster_3041,_27897_,1.4,0.95
cluster_3042,_27894_,1.4,1.33
cluster_3043,_27896_,1.4,0.95
cluster_3044,_27902_,1.4,0.76
cluster_3045,_27892_,1.4,1.71
cluster_3046,_27900_,1.4,1.14
cluster_3047,_27893_,1.4,2.09
cluster_3048,_27890_,1.4,1.14
cluster_3049,_27889_,1.4,1.14
cluster_3050,_27888_,1.4,0.57
cluster_3051,_27887_,1.4,0.57
cluster_3052,_27886_,1.4,0.38
cluster_3053,_27899_,1.4,2.47
cluster_3054,output298,1.4,0.57
cluster_3055,_27891_,1.4,1.9
cluster_3056,_27898_,1.4,1.33
cluster_3057,_29193_,1.4,1.52
cluster_3058,_29122_,1.4,0.76
cluster_3059,_29121_,1.4,0.95
cluster_3060,_29196_,1.4,1.33
cluster_3061,_29197_,1.4,0.76
cluster_3062,_29119_,1.4,0.76
cluster_3063,_15558_,1.4,1.33
cluster_3064,_29123_,1.4,0.57
cluster_3065,_29120_,1.4,0.76
cluster_3066,_29127_,1.4,0.95
cluster_3067,_29125_,1.4,0.95
cluster_3068,_29126_,1.4,0.76
cluster_3069,_29198_,1.4,0.57
cluster_3070,_29128_,1.4,0.57
cluster_3071,_29129_,1.4,0.76
cluster_3072,_29130_,1.4,1.14
cluster_3073,_29131_,1.4,0.76
cluster_3074,_29132_,1.4,0.57
cluster_3075,_29133_,1.4,1.14
cluster_3076,_29134_,1.4,1.14
cluster_3077,_29135_,1.4,1.71
cluster_3078,_29136_,1.4,0.57
cluster_3079,_29137_,1.4,0.76
cluster_3080,_29124_,1.4,0.95
cluster_3081,_29199_,1.4,0.76
cluster_3082,_29205_,1.4,0.76
cluster_3083,_29201_,1.4,0.76
cluster_3084,_29111_,1.4,0.95
cluster_3085,_29112_,1.4,0.76
cluster_3086,_29113_,1.4,0.95
cluster_3087,_29114_,1.4,0.95
cluster_3088,_15518_,1.4,1.33
cluster_3089,_29115_,1.4,0.57
cluster_3090,_29216_,1.4,0.76
cluster_3091,_29215_,1.4,1.33
cluster_3092,_29214_,1.4,0.57
cluster_3093,_29213_,1.4,0.76
cluster_3094,_29212_,1.4,1.14
cluster_3095,_29211_,1.4,0.57
cluster_3096,_29116_,1.4,0.76
cluster_3097,_15533_,1.4,1.33
cluster_3098,_29210_,1.4,0.95
cluster_3099,_29209_,1.4,1.14
cluster_3100,_29208_,1.4,0.76
cluster_3101,_29207_,1.4,0.76
cluster_3102,_29206_,1.4,0.76
cluster_3103,_15543_,1.4,1.33
cluster_3104,_29117_,1.4,0.57
cluster_3105,input169,1.4,0.57
cluster_3106,_29138_,1.4,0.76
cluster_3107,_29204_,1.4,0.76
cluster_3108,_29203_,1.4,0.95
cluster_3109,_29118_,1.4,0.95
cluster_3110,_29202_,1.4,0.76
cluster_3111,_29200_,1.4,0.76
cluster_3112,_29139_,1.4,1.14
cluster_3113,_29148_,1.4,0.95
cluster_3114,_29141_,1.4,0.76
cluster_3115,_29170_,1.4,0.76
cluster_3116,_29171_,1.4,0.95
cluster_3117,_29172_,1.4,0.76
cluster_3118,_29173_,1.4,0.76
cluster_3119,_29174_,1.4,0.57
cluster_3120,_29175_,1.4,0.76
cluster_3121,_29176_,1.4,1.14
cluster_3122,_29177_,1.4,0.57
cluster_3123,_29178_,1.4,0.76
cluster_3124,_29179_,1.4,0.95
cluster_3125,_29180_,1.4,0.95
cluster_3126,_29169_,1.4,1.33
cluster_3127,_29181_,1.4,0.57
cluster_3128,_29183_,1.4,0.76
cluster_3129,_29184_,1.4,0.57
cluster_3130,_29185_,1.4,0.95
cluster_3131,_29186_,1.4,0.76
cluster_3132,_29187_,1.4,0.95
cluster_3133,_29188_,1.4,1.14
cluster_3134,_29189_,1.4,0.76
cluster_3135,_29190_,1.4,0.76
cluster_3136,_29191_,1.4,1.14
cluster_3137,_29192_,1.4,0.95
cluster_3138,_29194_,1.4,0.76
cluster_3139,_29182_,1.4,0.76
cluster_3140,_29168_,1.4,1.14
cluster_3141,_29167_,1.4,0.57
cluster_3142,_29166_,1.4,0.76
cluster_3143,_29142_,1.4,0.76
cluster_3144,_29143_,1.4,0.57
cluster_3145,_29144_,1.4,1.14
cluster_3146,_29145_,1.4,0.95
cluster_3147,_29146_,1.4,0.76
cluster_3148,_29147_,1.4,0.95
cluster_3149,_29149_,1.4,0.76
cluster_3150,_29150_,1.4,0.76
cluster_3151,_29819_,1.4,1.9
cluster_3152,_29151_,1.4,1.14
cluster_3153,_29152_,1.4,0.95
cluster_3154,_29153_,1.4,0.57
cluster_3155,_29154_,1.4,1.14
cluster_3156,_29155_,1.4,0.76
cluster_3157,_29157_,1.4,0.76
cluster_3158,_29195_,1.4,0.76
cluster_3159,_29158_,1.4,0.76
cluster_3160,_29159_,1.4,1.14
cluster_3161,_29160_,1.4,0.95
cluster_3162,input130,1.4,0.76
cluster_3163,_29161_,1.4,0.57
cluster_3164,_29162_,1.4,0.57
cluster_3165,_29163_,1.4,1.14
cluster_3166,_29164_,1.4,1.14
cluster_3167,_29165_,1.4,0.76
cluster_3168,_29140_,1.4,1.14
cluster_3169,_29156_,1.4,0.76
cluster_3170,_28857_,1.4,0.57
cluster_3171,_29217_,1.4,1.33
cluster_3172,_28692_,1.4,0.95
cluster_3173,_28694_,1.4,1.33
cluster_3174,_28695_,1.4,1.33
cluster_3175,_28696_,1.4,1.33
cluster_3176,_28697_,1.4,0.95
cluster_3177,_28698_,1.4,0.57
cluster_3178,_28699_,1.4,0.95
cluster_3179,_28700_,1.4,1.14
cluster_3180,_28701_,1.4,1.33
cluster_3181,_28702_,1.4,1.33
cluster_3182,_28703_,1.4,0.57
cluster_3183,_28705_,1.4,2.47
cluster_3184,_28691_,1.4,2.47
cluster_3185,_28706_,1.4,2.47
cluster_3186,_28708_,1.4,2.47
cluster_3187,_28709_,1.4,2.47
cluster_3188,_28710_,1.4,3.23
cluster_3189,_28711_,1.4,0.57
cluster_3190,sa30_sr[7]$_DFF_P_,1.4,3.23
cluster_3191,split101,1.4,0.76
cluster_3192,sa30_sr[5]$_DFF_P_,1.4,3.23
cluster_3193,sa30_sr[4]$_DFF_P_,1.4,3.23
cluster_3194,sa30_sr[3]$_DFF_P_,1.4,3.23
cluster_3195,sa30_sr[2]$_DFF_P_,1.4,3.23
cluster_3196,sa30_sr[1]$_DFF_P_,1.4,3.23
cluster_3197,sa30_sr[0]$_DFF_P_,1.4,3.23
cluster_3198,_28707_,1.4,1.33
cluster_3199,_28690_,1.4,2.09
cluster_3200,_28689_,1.4,0.76
cluster_3201,_28688_,1.4,0.76
cluster_3202,_28661_,1.4,1.14
cluster_3203,_28662_,1.4,0.76
cluster_3204,_28663_,1.4,0.76
cluster_3205,_28664_,1.4,1.71
cluster_3206,_28665_,1.4,1.14
cluster_3207,_28666_,1.4,0.76
cluster_3208,_28667_,1.4,0.76
cluster_3209,_28668_,1.4,1.71
cluster_3210,_28669_,1.4,0.76
cluster_3211,_28670_,1.4,0.57
cluster_3212,_28671_,1.4,1.33
cluster_3213,_28672_,1.4,2.66
cluster_3214,_28673_,1.4,2.47
cluster_3215,_28674_,1.4,1.33
cluster_3216,_28675_,1.4,2.47
cluster_3217,_28676_,1.4,1.33
cluster_3218,_28677_,1.4,1.33
cluster_3219,_28678_,1.4,0.57
cluster_3220,_28679_,1.4,2.09
cluster_3221,_28680_,1.4,0.57
cluster_3222,_28681_,1.4,2.09
cluster_3223,_28682_,1.4,0.57
cluster_3224,_28683_,1.4,1.33
cluster_3225,_28684_,1.4,1.33
cluster_3226,_28685_,1.4,2.47
cluster_3227,_28686_,1.4,1.33
cluster_3228,_28687_,1.4,0.38
cluster_3229,_28712_,1.4,1.14
cluster_3230,input191,1.4,0.76
cluster_3231,_28713_,1.4,2.47
cluster_3232,_28715_,1.4,1.33
cluster_3233,clone102,1.4,0.76
cluster_3234,input235,1.4,0.57
cluster_3235,_15453_,1.4,1.33
cluster_3236,_20556_,1.4,1.14
cluster_3237,_20557_,1.4,1.14
cluster_3238,_15470_,1.4,1.33
cluster_3239,input224,1.4,0.76
cluster_3240,_29234_,1.4,1.33
cluster_3241,input213,1.4,0.76
cluster_3242,_29233_,1.4,1.14
cluster_3243,_29232_,1.4,1.14
cluster_3244,_29231_,1.4,0.76
cluster_3245,_20468_,1.4,1.14
cluster_3246,_29230_,1.4,0.76
cluster_3247,_29229_,1.4,0.76
cluster_3248,_29228_,1.4,0.76
cluster_3249,_29227_,1.4,0.57
cluster_3250,_29226_,1.4,1.14
cluster_3251,_29225_,1.4,0.76
cluster_3252,_29224_,1.4,1.14
cluster_3253,_29223_,1.4,1.14
cluster_3254,_29222_,1.4,0.57
cluster_3255,_29221_,1.4,1.33
cluster_3256,_29220_,1.4,0.57
cluster_3257,_29219_,1.4,0.76
cluster_3258,_29218_,1.4,1.33
cluster_3259,input202,1.4,0.76
cluster_3260,_29367_,1.4,1.33
cluster_3261,_29110_,1.4,0.57
cluster_3262,_20475_,1.4,1.14
cluster_3263,_28716_,1.4,1.33
cluster_3264,_28717_,1.4,1.33
cluster_3265,_28718_,1.4,0.76
cluster_3266,_28719_,1.4,0.57
cluster_3267,_28720_,1.4,1.14
cluster_3268,_28721_,1.4,0.76
cluster_3269,_28722_,1.4,1.71
cluster_3270,_28723_,1.4,2.47
cluster_3271,_28724_,1.4,1.33
cluster_3272,_28725_,1.4,1.33
cluster_3273,_28726_,1.4,0.76
cluster_3274,_29809_,1.4,1.9
cluster_3275,_29810_,1.4,1.9
cluster_3276,_29811_,1.4,1.9
cluster_3277,_29812_,1.4,1.9
cluster_3278,_29813_,1.4,1.9
cluster_3279,_29814_,1.4,1.9
cluster_3280,_29815_,1.4,1.9
cluster_3281,_29816_,1.4,1.9
cluster_3282,_29817_,1.4,1.9
cluster_3283,_29818_,1.4,1.9
cluster_3284,_29484_,1.4,1.33
cluster_3285,_29472_,1.4,1.33
cluster_3286,_29459_,1.4,1.33
cluster_3287,_29447_,1.4,1.33
cluster_3288,_29435_,1.4,1.33
cluster_3289,_29411_,1.4,1.33
cluster_3290,_28714_,1.4,2.66
cluster_3291,_29109_,1.4,0.76
cluster_3292,_29107_,1.4,1.14
cluster_3293,_28858_,1.4,0.57
cluster_3294,_28892_,1.4,0.95
cluster_3295,_28893_,1.4,0.57
cluster_3296,_28894_,1.4,0.57
cluster_3297,_28895_,1.4,0.57
cluster_3298,_28896_,1.4,0.57
cluster_3299,_28897_,1.4,0.95
cluster_3300,_28771_,1.4,1.33
cluster_3301,_28770_,1.4,1.33
cluster_3302,_28898_,1.4,0.76
cluster_3303,_28891_,1.4,1.14
cluster_3304,_28769_,1.4,1.71
cluster_3305,_28768_,1.4,1.33
cluster_3306,_28767_,1.4,1.33
cluster_3307,_28900_,1.4,1.14
cluster_3308,_28901_,1.4,0.76
cluster_3309,_28766_,1.4,2.47
cluster_3310,_28902_,1.4,0.76
cluster_3311,_28903_,1.4,0.95
cluster_3312,_28904_,1.4,0.76
cluster_3313,_28765_,1.4,0.76
cluster_3314,_28899_,1.4,0.76
cluster_3315,_28890_,1.4,1.14
cluster_3316,_28889_,1.4,0.76
cluster_3317,_28888_,1.4,0.76
cluster_3318,_28783_,1.4,1.33
cluster_3319,_28879_,1.4,0.57
cluster_3320,_28880_,1.4,1.14
cluster_3321,_28782_,1.4,2.47
cluster_3322,_28881_,1.4,0.76
cluster_3323,_28781_,1.4,1.33
cluster_3324,_28780_,1.4,1.33
cluster_3325,_28779_,1.4,0.95
cluster_3326,_28882_,1.4,0.57
cluster_3327,_28883_,1.4,0.95
cluster_3328,_28778_,1.4,0.57
cluster_3329,_28777_,1.4,1.33
cluster_3330,_28884_,1.4,0.57
cluster_3331,_28885_,1.4,0.57
cluster_3332,_28886_,1.4,0.95
cluster_3333,_28887_,1.4,1.14
cluster_3334,_28776_,1.4,0.76
cluster_3335,_28775_,1.4,1.14
cluster_3336,_28774_,1.4,1.33
cluster_3337,_28773_,1.4,1.33
cluster_3338,_28772_,1.4,1.33
cluster_3339,_28905_,1.4,1.71
cluster_3340,_28906_,1.4,0.57
cluster_3341,_28764_,1.4,1.14
cluster_3342,_28763_,1.4,0.57
cluster_3343,_28926_,1.4,0.76
cluster_3344,_28927_,1.4,2.66
cluster_3345,_28928_,1.4,0.57
cluster_3346,_28929_,1.4,1.14
cluster_3347,_28930_,1.4,0.95
cluster_3348,_28931_,1.4,1.71
cluster_3349,_28932_,1.4,0.38
cluster_3350,_28933_,1.4,0.57
cluster_3351,_28934_,1.4,1.14
cluster_3352,_28935_,1.4,1.14
cluster_3353,_28936_,1.4,1.14
cluster_3354,_28937_,1.4,0.76
cluster_3355,_28938_,1.4,1.33
cluster_3356,_28939_,1.4,0.76
cluster_3357,_28940_,1.4,0.76
cluster_3358,_28941_,1.4,0.95
cluster_3359,_28942_,1.4,0.95
cluster_3360,_28943_,1.4,1.33
cluster_3361,_28944_,1.4,0.57
cluster_3362,_28945_,1.4,0.57
cluster_3363,_28946_,1.4,0.76
cluster_3364,_28925_,1.4,0.76
cluster_3365,_28784_,1.4,1.14
cluster_3366,_28924_,1.4,0.76
cluster_3367,_28922_,1.4,1.33
cluster_3368,_28907_,1.4,1.71
cluster_3369,_28908_,1.4,0.76
cluster_3370,_28909_,1.4,1.71
cluster_3371,_28762_,1.4,1.33
cluster_3372,_28761_,1.4,0.76
cluster_3373,_28910_,1.4,0.76
cluster_3374,_28760_,1.4,0.76
cluster_3375,_28911_,1.4,0.76
cluster_3376,_28912_,1.4,0.95
cluster_3377,_28913_,1.4,1.14
cluster_3378,_28914_,1.4,1.71
cluster_3379,_28915_,1.4,0.57
cluster_3380,_28916_,1.4,0.76
cluster_3381,text_in_r[0]$_DFFE_PP_,1.4,3.23
cluster_3382,_28917_,1.4,0.76
cluster_3383,_28918_,1.4,1.33
cluster_3384,_28919_,1.4,1.33
cluster_3385,_28759_,1.4,0.76
cluster_3386,_28758_,1.4,1.14
cluster_3387,_28920_,1.4,1.14
cluster_3388,_28921_,1.4,0.95
cluster_3389,_28923_,1.4,0.76
cluster_3390,_28878_,1.4,1.14
cluster_3391,_28877_,1.4,0.95
cluster_3392,_28876_,1.4,0.57
cluster_3393,text_in_r[7]$_DFFE_PP_,1.4,3.23
cluster_3394,_28831_,1.4,1.14
cluster_3395,_28830_,1.4,0.95
cluster_3396,_28829_,1.4,0.57
cluster_3397,text_in_r[6]$_DFFE_PP_,1.4,3.23
cluster_3398,_28828_,1.4,2.66
cluster_3399,_28827_,1.4,2.47
cluster_3400,_28826_,1.4,2.09
cluster_3401,_28825_,1.4,0.76
cluster_3402,_28824_,1.4,1.14
cluster_3403,_28823_,1.4,0.57
cluster_3404,_28822_,1.4,0.76
cluster_3405,_28821_,1.4,0.76
cluster_3406,_28820_,1.4,2.47
cluster_3407,text_in_r[5]$_DFFE_PP_,1.4,3.23
cluster_3408,_28819_,1.4,0.76
cluster_3409,_28818_,1.4,0.76
cluster_3410,_28817_,1.4,0.57
cluster_3411,_28816_,1.4,0.57
cluster_3412,_28815_,1.4,0.57
cluster_3413,_28814_,1.4,1.14
cluster_3414,_28832_,1.4,1.33
cluster_3415,text_in_r[4]$_DFFE_PP_,1.4,3.23
cluster_3416,_28833_,1.4,0.95
cluster_3417,_28835_,1.4,0.76
cluster_3418,_28856_,1.4,1.33
cluster_3419,_28855_,1.4,0.76
cluster_3420,_28854_,1.4,0.57
cluster_3421,_28853_,1.4,0.95
cluster_3422,_28852_,1.4,0.76
cluster_3423,_28851_,1.4,0.57
cluster_3424,_28850_,1.4,1.33
cluster_3425,_28849_,1.4,0.76
cluster_3426,_28848_,1.4,0.95
cluster_3427,_28847_,1.4,1.14
cluster_3428,_28846_,1.4,1.33
cluster_3429,_28845_,1.4,0.57
cluster_3430,_28844_,1.4,1.33
cluster_3431,_28843_,1.4,0.76
cluster_3432,_28842_,1.4,0.76
cluster_3433,_28841_,1.4,1.71
cluster_3434,_28840_,1.4,0.76
cluster_3435,_28839_,1.4,0.57
cluster_3436,_28838_,1.4,0.76
cluster_3437,_28837_,1.4,2.47
cluster_3438,_28836_,1.4,1.71
cluster_3439,_28834_,1.4,1.14
cluster_3440,_28757_,1.4,0.76
cluster_3441,_28813_,1.4,1.33
cluster_3442,_28811_,1.4,0.76
cluster_3443,_28793_,1.4,1.33
cluster_3444,_28792_,1.4,0.76
cluster_3445,_28865_,1.4,0.57
cluster_3446,_28866_,1.4,0.76
cluster_3447,_28867_,1.4,1.33
cluster_3448,_28868_,1.4,0.95
cluster_3449,_28869_,1.4,0.38
cluster_3450,_28870_,1.4,1.14
cluster_3451,_28871_,1.4,0.57
cluster_3452,_28872_,1.4,0.57
cluster_3453,_28791_,1.4,2.47
cluster_3454,_28790_,1.4,0.57
cluster_3455,_28789_,1.4,1.33
cluster_3456,_28788_,1.4,1.71
cluster_3457,_28787_,1.4,1.33
cluster_3458,_28786_,1.4,1.33
cluster_3459,_28660_,1.4,0.38
cluster_3460,_28873_,1.4,0.57
cluster_3461,_28785_,1.4,0.76
cluster_3462,_28874_,1.4,0.76
cluster_3463,_28875_,1.4,1.33
cluster_3464,_28794_,1.4,0.76
cluster_3465,_28812_,1.4,1.33
cluster_3466,_28795_,1.4,1.33
cluster_3467,text_in_r[1]$_DFFE_PP_,1.4,3.23
cluster_3468,_28810_,1.4,2.47
cluster_3469,_28809_,1.4,0.76
cluster_3470,_28808_,1.4,1.33
cluster_3471,_28807_,1.4,2.66
cluster_3472,text_in_r[3]$_DFFE_PP_,1.4,3.23
cluster_3473,_28806_,1.4,0.76
cluster_3474,_28805_,1.4,0.38
cluster_3475,_28804_,1.4,0.95
cluster_3476,_28803_,1.4,2.47
cluster_3477,_28802_,1.4,0.57
cluster_3478,_28801_,1.4,1.33
cluster_3479,_28800_,1.4,0.57
cluster_3480,_28799_,1.4,1.33
cluster_3481,_28859_,1.4,0.57
cluster_3482,_28860_,1.4,0.76
cluster_3483,_28861_,1.4,0.76
cluster_3484,_28798_,1.4,0.76
cluster_3485,_28797_,1.4,1.14
cluster_3486,_28862_,1.4,0.76
cluster_3487,_28863_,1.4,0.95
cluster_3488,_28864_,1.4,2.47
cluster_3489,_28796_,1.4,0.95
cluster_3490,_28756_,1.4,1.33
cluster_3491,_28755_,1.4,1.33
cluster_3492,_28947_,1.4,0.76
cluster_3493,_29820_,1.4,1.9
cluster_3494,_29043_,1.4,0.57
cluster_3495,_29044_,1.4,0.76
cluster_3496,_29045_,1.4,1.14
cluster_3497,_29046_,1.4,0.76
cluster_3498,_29047_,1.4,0.57
cluster_3499,_29048_,1.4,0.76
cluster_3500,_29049_,1.4,0.76
cluster_3501,_29050_,1.4,0.57
cluster_3502,_29051_,1.4,1.14
cluster_3503,_29052_,1.4,0.76
cluster_3504,_29053_,1.4,0.76
cluster_3505,_29054_,1.4,0.76
cluster_3506,_29055_,1.4,0.76
cluster_3507,_29056_,1.4,0.57
cluster_3508,_29057_,1.4,1.33
cluster_3509,_29058_,1.4,0.57
cluster_3510,_29059_,1.4,0.76
cluster_3511,_29060_,1.4,0.76
cluster_3512,_29061_,1.4,0.76
cluster_3513,_29062_,1.4,0.76
cluster_3514,_29821_,1.4,1.9
cluster_3515,u0.w[3][3]$_DFF_P_,1.4,3.23
cluster_3516,_29042_,1.4,1.14
cluster_3517,_29040_,1.4,0.76
cluster_3518,_29023_,1.4,1.14
cluster_3519,_29024_,1.4,1.14
cluster_3520,_29025_,1.4,0.76
cluster_3521,_29026_,1.4,0.95
cluster_3522,_29027_,1.4,0.76
cluster_3523,_29028_,1.4,0.76
cluster_3524,_29029_,1.4,1.33
cluster_3525,_29030_,1.4,0.76
cluster_3526,_29031_,1.4,0.76
cluster_3527,_28731_,1.4,2.66
cluster_3528,_28729_,1.4,1.71
cluster_3529,_29032_,1.4,0.76
cluster_3530,_29033_,1.4,1.14
cluster_3531,_29034_,1.4,1.71
cluster_3532,_29035_,1.4,1.14
cluster_3533,_29036_,1.4,0.76
cluster_3534,_29037_,1.4,0.57
cluster_3535,_28728_,1.4,1.33
cluster_3536,_29038_,1.4,1.71
cluster_3537,_29039_,1.4,0.76
cluster_3538,_28727_,1.4,1.71
cluster_3539,_29041_,1.4,0.76
cluster_3540,_28732_,1.4,2.47
cluster_3541,u0.w[3][4]$_DFF_P_,1.4,3.23
cluster_3542,u0.w[3][6]$_DFF_P_,1.4,3.23
cluster_3543,_29086_,1.4,0.76
cluster_3544,_29087_,1.4,1.14
cluster_3545,_29088_,1.4,0.57
cluster_3546,_29089_,1.4,0.76
cluster_3547,_29090_,1.4,1.14
cluster_3548,_29091_,1.4,1.14
cluster_3549,_29092_,1.4,0.76
cluster_3550,_29093_,1.4,0.57
cluster_3551,_29094_,1.4,1.14
cluster_3552,_29095_,1.4,0.57
cluster_3553,_29096_,1.4,0.76
cluster_3554,_29097_,1.4,0.76
cluster_3555,_29098_,1.4,0.76
cluster_3556,_29099_,1.4,0.76
cluster_3557,_29100_,1.4,0.95
cluster_3558,_29101_,1.4,1.14
cluster_3559,_29102_,1.4,0.57
cluster_3560,_29103_,1.4,0.76
cluster_3561,_29104_,1.4,1.14
cluster_3562,_29105_,1.4,0.76
cluster_3563,_29106_,1.4,0.57
cluster_3564,_29085_,1.4,0.57
cluster_3565,u0.w[3][5]$_DFF_P_,1.4,3.23
cluster_3566,_29084_,1.4,1.33
cluster_3567,_29082_,1.4,1.33
cluster_3568,_29063_,1.4,0.76
cluster_3569,clone103,1.4,0.76
cluster_3570,clone105,1.4,1.33
cluster_3571,_29064_,1.4,0.57
cluster_3572,_29065_,1.4,0.76
cluster_3573,_29066_,1.4,0.76
cluster_3574,_29067_,1.4,0.76
cluster_3575,_29068_,1.4,1.33
cluster_3576,_29069_,1.4,0.95
cluster_3577,_29070_,1.4,0.76
cluster_3578,_29071_,1.4,0.57
cluster_3579,_29072_,1.4,0.76
cluster_3580,_29073_,1.4,0.95
cluster_3581,_29074_,1.4,0.95
cluster_3582,_29075_,1.4,1.14
cluster_3583,_29076_,1.4,0.76
cluster_3584,_29077_,1.4,0.76
cluster_3585,_29078_,1.4,0.76
cluster_3586,_29079_,1.4,1.14
cluster_3587,_29080_,1.4,0.76
cluster_3588,_29081_,1.4,1.14
cluster_3589,_29083_,1.4,0.95
cluster_3590,_29108_,1.4,0.57
cluster_3591,_29022_,1.4,0.57
cluster_3592,_28734_,1.4,0.76
cluster_3593,_28962_,1.4,0.76
cluster_3594,_28963_,1.4,0.76
cluster_3595,_28964_,1.4,0.76
cluster_3596,_28965_,1.4,0.76
cluster_3597,_28966_,1.4,0.95
cluster_3598,_28744_,1.4,2.47
cluster_3599,_28967_,1.4,2.47
cluster_3600,_28743_,1.4,0.76
cluster_3601,_28742_,1.4,2.47
cluster_3602,_28968_,1.4,1.33
cluster_3603,_28969_,1.4,0.76
cluster_3604,_28970_,1.4,2.47
cluster_3605,u0.w[3][1]$_DFF_P_,1.4,3.23
cluster_3606,_28971_,1.4,0.76
cluster_3607,_28972_,1.4,0.76
cluster_3608,_28973_,1.4,0.57
cluster_3609,_28974_,1.4,0.76
cluster_3610,_28975_,1.4,1.52
cluster_3611,_28976_,1.4,0.95
cluster_3612,_28977_,1.4,1.14
cluster_3613,_28978_,1.4,0.57
cluster_3614,_28745_,1.4,1.33
cluster_3615,_28979_,1.4,0.76
cluster_3616,_28961_,1.4,0.76
cluster_3617,_28747_,1.4,0.57
cluster_3618,_28754_,1.4,0.95
cluster_3619,_28753_,1.4,1.33
cluster_3620,_28948_,1.4,0.76
cluster_3621,u0.w[3][0]$_DFF_P_,1.4,3.23
cluster_3622,_28752_,1.4,1.14
cluster_3623,_28751_,1.4,0.76
cluster_3624,_28750_,1.4,0.95
cluster_3625,_28949_,1.4,0.57
cluster_3626,_28950_,1.4,1.14
cluster_3627,_28951_,1.4,0.95
cluster_3628,_28952_,1.4,1.14
cluster_3629,_28953_,1.4,0.57
cluster_3630,_28954_,1.4,0.57
cluster_3631,_28955_,1.4,0.95
cluster_3632,_28956_,1.4,0.76
cluster_3633,_28957_,1.4,0.76
cluster_3634,_28958_,1.4,0.76
cluster_3635,_28959_,1.4,1.33
cluster_3636,_28960_,1.4,0.76
cluster_3637,_28749_,1.4,1.14
cluster_3638,_28748_,1.4,1.33
cluster_3639,_28746_,1.4,1.33
cluster_3640,_28733_,1.4,0.76
cluster_3641,_28980_,1.4,0.57
cluster_3642,_28981_,1.4,0.57
cluster_3643,_29006_,1.4,0.76
cluster_3644,_29007_,1.4,0.76
cluster_3645,_29008_,1.4,0.76
cluster_3646,_29009_,1.4,0.76
cluster_3647,_29010_,1.4,0.76
cluster_3648,_29011_,1.4,0.95
cluster_3649,_28739_,1.4,0.57
cluster_3650,_28738_,1.4,1.71
cluster_3651,_28737_,1.4,0.57
cluster_3652,_29012_,1.4,0.57
cluster_3653,_29013_,1.4,0.95
cluster_3654,_29014_,1.4,0.57
cluster_3655,_29015_,1.4,0.76
cluster_3656,_29016_,1.4,0.76
cluster_3657,_29017_,1.4,0.76
cluster_3658,_29018_,1.4,0.76
cluster_3659,_28736_,1.4,0.57
cluster_3660,_29019_,1.4,0.76
cluster_3661,_29020_,1.4,0.76
cluster_3662,_29021_,1.4,0.76
cluster_3663,_28735_,1.4,1.33
cluster_3664,_29005_,1.4,0.38
cluster_3665,_28741_,1.4,1.71
cluster_3666,_29004_,1.4,0.76
cluster_3667,_29002_,1.4,0.57
cluster_3668,_28982_,1.4,1.14
cluster_3669,_28983_,1.4,0.76
cluster_3670,_28984_,1.4,0.76
cluster_3671,_28985_,1.4,0.76
cluster_3672,_28986_,1.4,0.76
cluster_3673,_28987_,1.4,1.14
cluster_3674,_28988_,1.4,0.76
cluster_3675,_28989_,1.4,1.14
cluster_3676,_28990_,1.4,0.76
cluster_3677,_28991_,1.4,0.76
cluster_3678,_28992_,1.4,0.76
cluster_3679,_28993_,1.4,1.71
cluster_3680,_28994_,1.4,0.95
cluster_3681,_28995_,1.4,1.14
cluster_3682,_28996_,1.4,0.76
cluster_3683,_28740_,1.4,0.57
cluster_3684,_28997_,1.4,0.57
cluster_3685,_28998_,1.4,0.57
cluster_3686,_28999_,1.4,0.95
cluster_3687,_29000_,1.4,0.76
cluster_3688,_29001_,1.4,1.33
cluster_3689,_29003_,1.4,0.95
cluster_3690,_28659_,1.4,1.33
cluster_3691,sa30_sr[6]$_DFF_P_,1.4,3.23
cluster_3692,_28657_,1.4,0.57
cluster_3693,_26007_,1.4,1.9
cluster_3694,_28591_,1.4,0.76
cluster_3695,_28592_,1.4,0.38
cluster_3696,_28593_,1.4,0.76
cluster_3697,_28594_,1.4,0.57
cluster_3698,_28595_,1.4,0.76
cluster_3699,_28597_,1.4,1.71
cluster_3700,_28598_,1.4,1.33
cluster_3701,_28599_,1.4,2.47
cluster_3702,_26006_,1.4,1.14
cluster_3703,_26005_,1.4,1.14
cluster_3704,_18483_,1.4,1.33
cluster_3705,_25983_,1.4,1.9
cluster_3706,_25982_,1.4,1.14
cluster_3707,_18459_,1.4,2.47
cluster_3708,_18445_,1.4,1.33
cluster_3709,_18428_,1.4,2.47
cluster_3710,_25981_,1.4,1.14
cluster_3711,_18387_,1.4,1.33
cluster_3712,clone100,1.4,1.71
cluster_3713,_18364_,1.4,1.33
cluster_3714,_28590_,1.4,0.76
cluster_3715,_18327_,1.4,1.33
cluster_3716,_28589_,1.4,0.57
cluster_3717,_28568_,1.4,0.57
cluster_3718,_28584_,1.4,0.76
cluster_3719,_28585_,1.4,0.57
cluster_3720,_28586_,1.4,0.57
cluster_3721,_28583_,1.4,1.14
cluster_3722,_28587_,1.4,0.76
cluster_3723,_28588_,1.4,1.14
cluster_3724,_28658_,1.4,0.57
cluster_3725,_28582_,1.4,2.47
cluster_3726,_28581_,1.4,1.33
cluster_3727,_28580_,1.4,1.33
cluster_3728,_28579_,1.4,0.57
cluster_3729,_28578_,1.4,1.71
cluster_3730,_28577_,1.4,1.71
cluster_3731,_28576_,1.4,1.33
cluster_3732,_28575_,1.4,2.09
cluster_3733,_28574_,1.4,1.71
cluster_3734,_28573_,1.4,1.14
cluster_3735,_28572_,1.4,1.14
cluster_3736,_28571_,1.4,1.14
cluster_3737,_28570_,1.4,1.14
cluster_3738,_28569_,1.4,0.57
cluster_3739,_28567_,1.4,0.38
cluster_3740,_18275_,1.4,0.76
cluster_3741,_28596_,1.4,2.09
cluster_3742,_28644_,1.4,1.71
cluster_3743,_28655_,1.4,2.47
cluster_3744,_28624_,1.4,1.14
cluster_3745,_28625_,1.4,1.14
cluster_3746,_28626_,1.4,1.71
cluster_3747,_28628_,1.4,1.33
cluster_3748,_28629_,1.4,1.14
cluster_3749,_28630_,1.4,1.14
cluster_3750,_28631_,1.4,1.71
cluster_3751,_28632_,1.4,1.71
cluster_3752,_28654_,1.4,1.71
cluster_3753,_28633_,1.4,2.47
cluster_3754,_28634_,1.4,1.71
cluster_3755,_28635_,1.4,0.76
cluster_3756,_28636_,1.4,1.14
cluster_3757,_28623_,1.4,1.14
cluster_3758,_28637_,1.4,1.71
cluster_3759,_28639_,1.4,0.57
cluster_3760,_28640_,1.4,1.14
cluster_3761,_28641_,1.4,1.71
cluster_3762,_28642_,1.4,0.76
cluster_3763,_28643_,1.4,1.33
cluster_3764,_28645_,1.4,0.57
cluster_3765,_28646_,1.4,0.38
cluster_3766,_28647_,1.4,0.57
cluster_3767,_28648_,1.4,1.14
cluster_3768,_28649_,1.4,1.71
cluster_3769,_28650_,1.4,2.47
cluster_3770,_28651_,1.4,0.38
cluster_3771,_28652_,1.4,0.57
cluster_3772,_28653_,1.4,1.14
cluster_3773,_28638_,1.4,0.38
cluster_3774,_28622_,1.4,2.47
cluster_3775,_28627_,1.4,1.14
cluster_3776,_28618_,1.4,2.47
cluster_3777,_28616_,1.4,2.47
cluster_3778,_28615_,1.4,1.33
cluster_3779,_28614_,1.4,1.33
cluster_3780,_28613_,1.4,1.71
cluster_3781,_28621_,1.4,1.33
cluster_3782,_28617_,1.4,2.47
cluster_3783,_28656_,1.4,1.71
cluster_3784,_28620_,1.4,1.33
cluster_3785,_28619_,1.4,1.33
cluster_3786,_19549_,1.4,0.57
cluster_3787,_19518_,1.4,0.57
cluster_3788,_19541_,1.4,0.76
cluster_3789,_19511_,1.4,1.33
cluster_3790,_19517_,1.4,0.76
cluster_3791,_19516_,1.4,0.76
cluster_3792,_19515_,1.4,1.33
cluster_3793,_19514_,1.4,1.33
cluster_3794,_19513_,1.4,0.76
cluster_3795,_19512_,1.4,1.14
cluster_3796,_19543_,1.4,0.95
cluster_3797,_19545_,1.4,0.57
cluster_3798,_19546_,1.4,1.14
cluster_3799,_19547_,1.4,0.76
cluster_3800,_19548_,1.4,0.57
cluster_3801,_19550_,1.4,1.14
cluster_3802,_19542_,1.4,0.76
cluster_3803,_19533_,1.4,1.14
cluster_3804,_19520_,1.4,0.57
cluster_3805,_19534_,1.4,0.76
cluster_3806,_19532_,1.4,0.57
cluster_3807,_19531_,1.4,1.33
cluster_3808,_19535_,1.4,0.57
cluster_3809,_19530_,1.4,0.76
cluster_3810,_19551_,1.4,0.95
cluster_3811,_19529_,1.4,0.57
cluster_3812,_19528_,1.4,0.95
cluster_3813,_19527_,1.4,1.14
cluster_3814,_19519_,1.4,1.33
cluster_3815,_19526_,1.4,0.76
cluster_3816,_19537_,1.4,0.76
cluster_3817,_19538_,1.4,0.76
cluster_3818,_19525_,1.4,1.14
cluster_3819,_19524_,1.4,0.95
cluster_3820,_19539_,1.4,0.57
cluster_3821,_19540_,1.4,0.76
cluster_3822,_19523_,1.4,0.76
cluster_3823,_19522_,1.4,0.76
cluster_3824,_19521_,1.4,1.33
cluster_3825,_19536_,1.4,0.76
cluster_3826,_19552_,1.4,0.57
cluster_3827,_19591_,1.4,1.14
cluster_3828,_19554_,1.4,0.76
cluster_3829,_19575_,1.4,0.57
cluster_3830,_19576_,1.4,1.33
cluster_3831,_19577_,1.4,0.76
cluster_3832,_19578_,1.4,1.14
cluster_3833,_19579_,1.4,0.57
cluster_3834,_19580_,1.4,0.57
cluster_3835,_19581_,1.4,1.33
cluster_3836,_19582_,1.4,1.14
cluster_3837,_19583_,1.4,1.33
cluster_3838,_19584_,1.4,0.76
cluster_3839,_19585_,1.4,0.76
cluster_3840,_19595_,1.4,1.14
cluster_3841,_19594_,1.4,0.76
cluster_3842,_19593_,1.4,0.76
cluster_3843,_19586_,1.4,0.76
cluster_3844,_19587_,1.4,0.95
cluster_3845,_19588_,1.4,0.95
cluster_3846,_19589_,1.4,0.95
cluster_3847,_19590_,1.4,0.76
cluster_3848,_19574_,1.4,0.95
cluster_3849,_19553_,1.4,0.57
cluster_3850,_19573_,1.4,0.76
cluster_3851,_19571_,1.4,0.38
cluster_3852,_19555_,1.4,0.57
cluster_3853,_19556_,1.4,0.76
cluster_3854,_19557_,1.4,1.14
cluster_3855,_19558_,1.4,0.57
cluster_3856,_19559_,1.4,0.57
cluster_3857,_19560_,1.4,0.76
cluster_3858,_19561_,1.4,0.76
cluster_3859,_19562_,1.4,0.76
cluster_3860,_19592_,1.4,1.14
cluster_3861,_19563_,1.4,0.76
cluster_3862,_19564_,1.4,0.95
cluster_3863,_19565_,1.4,0.76
cluster_3864,_19566_,1.4,0.76
cluster_3865,_19567_,1.4,1.14
cluster_3866,_19568_,1.4,0.76
cluster_3867,_19510_,1.4,0.57
cluster_3868,_19596_,1.4,1.71
cluster_3869,_19569_,1.4,0.76
cluster_3870,_19570_,1.4,1.14
cluster_3871,_19572_,1.4,1.33
cluster_3872,_19509_,1.4,2.66
cluster_3873,_19465_,1.4,0.57
cluster_3874,_19507_,1.4,1.14
cluster_3875,_19442_,1.4,0.76
cluster_3876,_19443_,1.4,1.33
cluster_3877,_19444_,1.4,1.71
cluster_3878,_19445_,1.4,0.57
cluster_3879,_19446_,1.4,1.14
cluster_3880,_19447_,1.4,0.76
cluster_3881,_19448_,1.4,0.76
cluster_3882,_19449_,1.4,1.33
cluster_3883,_19450_,1.4,1.14
cluster_3884,_19451_,1.4,1.14
cluster_3885,_19452_,1.4,0.95
cluster_3886,_19453_,1.4,0.76
cluster_3887,_19454_,1.4,0.76
cluster_3888,_19455_,1.4,0.76
cluster_3889,_19456_,1.4,0.76
cluster_3890,_19457_,1.4,0.76
cluster_3891,_19458_,1.4,0.57
cluster_3892,_19459_,1.4,0.76
cluster_3893,_19460_,1.4,0.76
cluster_3894,_19441_,1.4,0.76
cluster_3895,_19461_,1.4,0.57
cluster_3896,_19440_,1.4,0.76
cluster_3897,_19438_,1.4,0.76
cluster_3898,_19419_,1.4,1.14
cluster_3899,_19420_,1.4,1.33
cluster_3900,_19421_,1.4,0.76
cluster_3901,_19422_,1.4,0.76
cluster_3902,_19423_,1.4,0.95
cluster_3903,_19424_,1.4,1.71
cluster_3904,_19425_,1.4,0.76
cluster_3905,_19426_,1.4,0.76
cluster_3906,_19427_,1.4,1.33
cluster_3907,_19428_,1.4,1.14
cluster_3908,_19429_,1.4,0.76
cluster_3909,_19430_,1.4,0.57
cluster_3910,_19431_,1.4,0.76
cluster_3911,_19432_,1.4,0.57
cluster_3912,_19433_,1.4,1.14
cluster_3913,_19434_,1.4,0.95
cluster_3914,_19435_,1.4,0.76
cluster_3915,_19436_,1.4,1.14
cluster_3916,_19437_,1.4,1.14
cluster_3917,_19439_,1.4,1.14
cluster_3918,_19508_,1.4,0.38
cluster_3919,_19462_,1.4,0.57
cluster_3920,_19464_,1.4,0.76
cluster_3921,_19488_,1.4,1.14
cluster_3922,_19489_,1.4,1.14
cluster_3923,_19490_,1.4,0.95
cluster_3924,_19491_,1.4,0.76
cluster_3925,_19492_,1.4,0.57
cluster_3926,_19493_,1.4,1.33
cluster_3927,_19494_,1.4,1.14
cluster_3928,_19495_,1.4,0.76
cluster_3929,_19496_,1.4,0.76
cluster_3930,_19497_,1.4,0.76
cluster_3931,_19498_,1.4,0.76
cluster_3932,_19499_,1.4,0.76
cluster_3933,_19500_,1.4,0.76
cluster_3934,_19501_,1.4,0.57
cluster_3935,_19502_,1.4,0.76
cluster_3936,_19503_,1.4,0.57
cluster_3937,_19504_,1.4,0.76
cluster_3938,_19505_,1.4,1.14
cluster_3939,_19506_,1.4,0.76
cluster_3940,_19487_,1.4,0.76
cluster_3941,_19463_,1.4,1.33
cluster_3942,_19486_,1.4,0.57
cluster_3943,_19484_,1.4,0.76
cluster_3944,_19597_,1.4,0.76
cluster_3945,_19466_,1.4,0.95
cluster_3946,_19467_,1.4,0.76
cluster_3947,_19468_,1.4,0.76
cluster_3948,_19469_,1.4,0.76
cluster_3949,_19470_,1.4,0.76
cluster_3950,_19471_,1.4,1.14
cluster_3951,_19472_,1.4,0.76
cluster_3952,_19473_,1.4,0.76
cluster_3953,_19474_,1.4,0.76
cluster_3954,_19475_,1.4,0.76
cluster_3955,_19476_,1.4,0.76
cluster_3956,_19477_,1.4,0.76
cluster_3957,_19478_,1.4,1.14
cluster_3958,_19479_,1.4,0.76
cluster_3959,_19480_,1.4,0.57
cluster_3960,_19481_,1.4,0.57
cluster_3961,_19482_,1.4,0.57
cluster_3962,_19483_,1.4,0.76
cluster_3963,_19485_,1.4,0.57
cluster_3964,_19598_,1.4,1.33
cluster_3965,_19644_,1.4,0.57
cluster_3966,_19600_,1.4,1.71
cluster_3967,_19715_,1.4,1.14
cluster_3968,_19716_,1.4,0.76
cluster_3969,_19717_,1.4,0.57
cluster_3970,_19718_,1.4,0.76
cluster_3971,_19719_,1.4,0.57
cluster_3972,_19720_,1.4,0.76
cluster_3973,_19721_,1.4,0.76
cluster_3974,_19722_,1.4,0.57
cluster_3975,_19714_,1.4,0.95
cluster_3976,_19723_,1.4,1.14
cluster_3977,_19725_,1.4,0.76
cluster_3978,_19726_,1.4,0.76
cluster_3979,_19727_,1.4,1.14
cluster_3980,_19728_,1.4,1.14
cluster_3981,_19729_,1.4,0.76
cluster_3982,_19730_,1.4,1.14
cluster_3983,_19731_,1.4,1.14
cluster_3984,_19732_,1.4,0.76
cluster_3985,_19724_,1.4,0.95
cluster_3986,_19713_,1.4,0.76
cluster_3987,_19712_,1.4,0.76
cluster_3988,_19711_,1.4,0.57
cluster_3989,_19692_,1.4,1.14
cluster_3990,_19693_,1.4,0.57
cluster_3991,_19694_,1.4,1.14
cluster_3992,_19695_,1.4,0.57
cluster_3993,_19696_,1.4,0.76
cluster_3994,_19697_,1.4,1.14
cluster_3995,_19698_,1.4,1.14
cluster_3996,_19699_,1.4,0.76
cluster_3997,_19700_,1.4,1.14
cluster_3998,_19701_,1.4,0.76
cluster_3999,_19702_,1.4,0.76
cluster_4000,_19703_,1.4,0.76
cluster_4001,_19704_,1.4,1.14
cluster_4002,_19705_,1.4,0.76
cluster_4003,_19706_,1.4,1.14
cluster_4004,_19707_,1.4,1.71
cluster_4005,_19708_,1.4,0.76
cluster_4006,_19709_,1.4,0.95
cluster_4007,_19710_,1.4,0.76
cluster_4008,_19733_,1.4,0.76
cluster_4009,_19734_,1.4,0.57
cluster_4010,_19735_,1.4,0.76
cluster_4011,_19736_,1.4,0.57
cluster_4012,_29627_,1.4,1.9
cluster_4013,_29628_,1.4,1.9
cluster_4014,_29629_,1.4,1.9
cluster_4015,_29630_,1.4,1.9
cluster_4016,_29631_,1.4,1.9
cluster_4017,clone110,1.4,0.76
cluster_4018,clone108,1.4,1.33
cluster_4019,_18395_,1.4,2.47
cluster_4020,text_in_r[89]$_DFFE_PP_,1.4,3.23
cluster_4021,text_in_r[90]$_DFFE_PP_,1.4,3.23
cluster_4022,text_in_r[91]$_DFFE_PP_,1.4,3.23
cluster_4023,text_in_r[92]$_DFFE_PP_,1.4,3.23
cluster_4024,text_in_r[93]$_DFFE_PP_,1.4,3.23
cluster_4025,text_in_r[94]$_DFFE_PP_,1.4,3.23
cluster_4026,text_in_r[95]$_DFFE_PP_,1.4,3.23
cluster_4027,clone114,1.4,0.76
cluster_4028,clone113,1.4,0.76
cluster_4029,clone112,1.4,0.76
cluster_4030,split111,1.4,0.76
cluster_4031,_29626_,1.4,1.9
cluster_4032,_19691_,1.4,0.76
cluster_4033,_29625_,1.4,1.9
cluster_4034,_29623_,1.4,1.9
cluster_4035,_19737_,1.4,1.14
cluster_4036,_19738_,1.4,0.76
cluster_4037,_19739_,1.4,0.76
cluster_4038,_19740_,1.4,0.57
cluster_4039,_19741_,1.4,0.76
cluster_4040,_19742_,1.4,0.95
cluster_4041,_19743_,1.4,0.76
cluster_4042,_19744_,1.4,1.14
cluster_4043,input252,1.4,0.57
cluster_4044,input251,1.4,0.57
cluster_4045,input250,1.4,0.57
cluster_4046,input249,1.4,0.57
cluster_4047,input248,1.4,0.57
cluster_4048,input247,1.4,0.76
cluster_4049,input245,1.4,0.57
cluster_4050,_29619_,1.4,1.9
cluster_4051,_29620_,1.4,1.9
cluster_4052,_29621_,1.4,1.9
cluster_4053,_29622_,1.4,1.9
cluster_4054,_29624_,1.4,1.9
cluster_4055,_19599_,1.4,0.57
cluster_4056,_19690_,1.4,1.14
cluster_4057,_19688_,1.4,0.76
cluster_4058,_19624_,1.4,0.57
cluster_4059,_19625_,1.4,0.95
cluster_4060,_19626_,1.4,0.76
cluster_4061,_19627_,1.4,0.57
cluster_4062,_19628_,1.4,0.57
cluster_4063,_19629_,1.4,0.76
cluster_4064,_19630_,1.4,0.76
cluster_4065,_19631_,1.4,1.14
cluster_4066,_19623_,1.4,0.95
cluster_4067,_19632_,1.4,0.57
cluster_4068,_19634_,1.4,0.76
cluster_4069,_19635_,1.4,1.33
cluster_4070,_19636_,1.4,1.14
cluster_4071,_19637_,1.4,0.76
cluster_4072,_19638_,1.4,0.76
cluster_4073,_19639_,1.4,0.76
cluster_4074,_19640_,1.4,0.57
cluster_4075,_19641_,1.4,0.57
cluster_4076,_19633_,1.4,0.57
cluster_4077,_19622_,1.4,0.76
cluster_4078,_19621_,1.4,0.57
cluster_4079,_19620_,1.4,1.14
cluster_4080,_19601_,1.4,0.57
cluster_4081,_19602_,1.4,0.57
cluster_4082,_19603_,1.4,0.95
cluster_4083,_19604_,1.4,0.95
cluster_4084,_19605_,1.4,0.57
cluster_4085,_19606_,1.4,1.14
cluster_4086,_19607_,1.4,0.95
cluster_4087,_19608_,1.4,0.95
cluster_4088,_19609_,1.4,0.76
cluster_4089,_19610_,1.4,1.33
cluster_4090,_19611_,1.4,0.76
cluster_4091,_19612_,1.4,1.33
cluster_4092,_19613_,1.4,0.76
cluster_4093,_19614_,1.4,0.76
cluster_4094,_19615_,1.4,0.95
cluster_4095,_19616_,1.4,0.95
cluster_4096,_19617_,1.4,0.95
cluster_4097,_19618_,1.4,0.57
cluster_4098,_19619_,1.4,0.76
cluster_4099,_19642_,1.4,0.76
cluster_4100,_19643_,1.4,0.76
cluster_4101,_19418_,1.4,1.71
cluster_4102,_19645_,1.4,0.76
cluster_4103,_19669_,1.4,0.76
cluster_4104,_19670_,1.4,0.76
cluster_4105,_19671_,1.4,0.76
cluster_4106,_19672_,1.4,0.76
cluster_4107,_19673_,1.4,0.95
cluster_4108,_19674_,1.4,0.76
cluster_4109,_19675_,1.4,0.76
cluster_4110,_19676_,1.4,0.57
cluster_4111,_19677_,1.4,1.14
cluster_4112,_19678_,1.4,0.57
cluster_4113,_19679_,1.4,0.76
cluster_4114,_19680_,1.4,0.95
cluster_4115,_19681_,1.4,0.76
cluster_4116,_19682_,1.4,0.57
cluster_4117,_19683_,1.4,0.57
cluster_4118,_19684_,1.4,0.57
cluster_4119,_19685_,1.4,0.57
cluster_4120,_19686_,1.4,1.33
cluster_4121,_19687_,1.4,0.95
cluster_4122,_19668_,1.4,0.57
cluster_4123,_19689_,1.4,0.76
cluster_4124,_19667_,1.4,1.14
cluster_4125,_19665_,1.4,0.76
cluster_4126,_19646_,1.4,0.95
cluster_4127,_19647_,1.4,0.76
cluster_4128,_19648_,1.4,1.33
cluster_4129,_19649_,1.4,0.76
cluster_4130,_19650_,1.4,0.76
cluster_4131,_19651_,1.4,1.14
cluster_4132,_19652_,1.4,1.14
cluster_4133,_19653_,1.4,0.95
cluster_4134,_19654_,1.4,0.76
cluster_4135,_19655_,1.4,0.76
cluster_4136,_19656_,1.4,0.76
cluster_4137,_19657_,1.4,0.57
cluster_4138,_19658_,1.4,0.76
cluster_4139,_19659_,1.4,0.76
cluster_4140,_19660_,1.4,0.76
cluster_4141,_19661_,1.4,1.33
cluster_4142,_19662_,1.4,1.14
cluster_4143,_19663_,1.4,0.76
cluster_4144,_19664_,1.4,0.76
cluster_4145,_19666_,1.4,0.95
cluster_4146,_19417_,1.4,0.57
cluster_4147,_19544_,1.4,0.95
cluster_4148,_19415_,1.4,0.57
cluster_4149,_19162_,1.4,0.57
cluster_4150,_19164_,1.4,0.57
cluster_4151,_19165_,1.4,1.71
cluster_4152,_19166_,1.4,2.47
cluster_4153,_19167_,1.4,1.71
cluster_4154,_19168_,1.4,2.47
cluster_4155,_19169_,1.4,2.47
cluster_4156,_19170_,1.4,1.33
cluster_4157,_19161_,1.4,0.95
cluster_4158,_19171_,1.4,1.14
cluster_4159,_19173_,1.4,0.57
cluster_4160,_19174_,1.4,0.57
cluster_4161,_19175_,1.4,0.76
cluster_4162,_19177_,1.4,1.14
cluster_4163,_19178_,1.4,1.14
cluster_4164,_19180_,1.4,1.14
cluster_4165,_19181_,1.4,1.14
cluster_4166,_19182_,1.4,1.14
cluster_4167,_19172_,1.4,0.38
cluster_4168,_19160_,1.4,1.33
cluster_4169,_19159_,1.4,1.33
cluster_4170,_19158_,1.4,1.33
cluster_4171,_19133_,1.4,0.57
cluster_4172,_19134_,1.4,1.33
cluster_4173,_19135_,1.4,2.66
cluster_4174,_19136_,1.4,1.33
cluster_4175,_19137_,1.4,1.33
cluster_4176,_19138_,1.4,1.33
cluster_4177,_19139_,1.4,0.57
cluster_4178,_19140_,1.4,0.57
cluster_4179,_19141_,1.4,0.57
cluster_4180,_19142_,1.4,1.33
cluster_4181,_19147_,1.4,1.14
cluster_4182,_19149_,1.4,1.14
cluster_4183,_19150_,1.4,1.14
cluster_4184,_19152_,1.4,1.71
cluster_4185,_19153_,1.4,2.47
cluster_4186,_19154_,1.4,2.09
cluster_4187,_19155_,1.4,1.33
cluster_4188,_19156_,1.4,1.71
cluster_4189,_19157_,1.4,0.57
cluster_4190,_19183_,1.4,1.71
cluster_4191,_19184_,1.4,0.76
cluster_4192,_19185_,1.4,0.95
cluster_4193,_19186_,1.4,2.47
cluster_4194,_19212_,1.4,1.71
cluster_4195,_19214_,1.4,1.71
cluster_4196,_19215_,1.4,1.14
cluster_4197,_19216_,1.4,1.33
cluster_4198,_19217_,1.4,2.47
cluster_4199,_19218_,1.4,2.47
cluster_4200,_19219_,1.4,1.33
cluster_4201,_19220_,1.4,0.57
cluster_4202,_19221_,1.4,2.47
cluster_4203,_19222_,1.4,2.47
cluster_4204,_19223_,1.4,1.33
cluster_4205,_19224_,1.4,2.47
cluster_4206,_19225_,1.4,0.76
cluster_4207,_19226_,1.4,0.95
cluster_4208,_19227_,1.4,0.76
cluster_4209,_19228_,1.4,0.76
cluster_4210,_19229_,1.4,1.33
cluster_4211,_19230_,1.4,1.33
cluster_4212,_19231_,1.4,1.33
cluster_4213,_19211_,1.4,1.33
cluster_4214,_19132_,1.4,0.76
cluster_4215,_19210_,1.4,1.33
cluster_4216,_19208_,1.4,1.14
cluster_4217,_19187_,1.4,1.71
cluster_4218,_19188_,1.4,1.33
cluster_4219,_19189_,1.4,1.33
cluster_4220,_19191_,1.4,0.95
cluster_4221,_19192_,1.4,0.76
cluster_4222,_19193_,1.4,0.95
cluster_4223,_19194_,1.4,2.66
cluster_4224,_19195_,1.4,1.14
cluster_4225,_19196_,1.4,1.71
cluster_4226,_19197_,1.4,1.33
cluster_4227,_19198_,1.4,1.33
cluster_4228,_19199_,1.4,1.33
cluster_4229,_19200_,1.4,1.33
cluster_4230,_19201_,1.4,1.33
cluster_4231,_19202_,1.4,0.76
cluster_4232,_19203_,1.4,1.14
cluster_4233,_19204_,1.4,1.33
cluster_4234,_19205_,1.4,2.66
cluster_4235,_19207_,1.4,0.57
cluster_4236,_19209_,1.4,0.76
cluster_4237,_19129_,1.4,1.71
cluster_4238,_19128_,1.4,0.76
cluster_4239,_19127_,1.4,0.76
cluster_4240,_19033_,1.4,0.95
cluster_4241,_19034_,1.4,2.47
cluster_4242,_19035_,1.4,1.71
cluster_4243,_19036_,1.4,0.57
cluster_4244,_19037_,1.4,0.76
cluster_4245,_19038_,1.4,0.76
cluster_4246,_19039_,1.4,1.33
cluster_4247,sa01_sr[4]$_DFF_P_,1.4,3.23
cluster_4248,sa01_sr[3]$_DFF_P_,1.4,3.23
cluster_4249,sa01_sr[2]$_DFF_P_,1.4,3.23
cluster_4250,sa01_sr[1]$_DFF_P_,1.4,3.23
cluster_4251,sa01_sr[0]$_DFF_P_,1.4,3.23
cluster_4252,_19059_,1.4,1.71
cluster_4253,_19060_,1.4,2.47
cluster_4254,_19061_,1.4,2.47
cluster_4255,_19064_,1.4,1.14
cluster_4256,_19065_,1.4,1.14
cluster_4257,_19416_,1.4,1.14
cluster_4258,_19068_,1.4,1.14
cluster_4259,_19031_,1.4,0.76
cluster_4260,_19069_,1.4,0.76
cluster_4261,sa01_sr[5]$_DFF_P_,1.4,3.23
cluster_4262,sa01_sr[7]$_DFF_P_,1.4,3.23
cluster_4263,_29498_,1.4,1.33
cluster_4264,_29499_,1.4,1.33
cluster_4265,_29500_,1.4,1.33
cluster_4266,_19014_,1.4,1.33
cluster_4267,_19013_,1.4,0.57
cluster_4268,_19012_,1.4,0.57
cluster_4269,_19011_,1.4,0.38
cluster_4270,_29497_,1.4,1.33
cluster_4271,_29501_,1.4,1.33
cluster_4272,_29502_,1.4,1.33
cluster_4273,clone106,1.4,0.57
cluster_4274,_29495_,1.4,1.33
cluster_4275,_19020_,1.4,1.14
cluster_4276,_19021_,1.4,0.76
cluster_4277,_29493_,1.4,2.47
cluster_4278,_19024_,1.4,1.14
cluster_4279,_19025_,1.4,1.14
cluster_4280,_19026_,1.4,1.14
cluster_4281,_19027_,1.4,1.71
cluster_4282,sa01_sr[6]$_DFF_P_,1.4,3.23
cluster_4283,_19232_,1.4,0.57
cluster_4284,_19070_,1.4,1.14
cluster_4285,_19072_,1.4,0.57
cluster_4286,_19101_,1.4,1.71
cluster_4287,_19102_,1.4,1.71
cluster_4288,_19105_,1.4,1.33
cluster_4289,_19107_,1.4,1.14
cluster_4290,_19108_,1.4,1.14
cluster_4291,_19109_,1.4,1.14
cluster_4292,_19111_,1.4,1.33
cluster_4293,_19112_,1.4,1.9
cluster_4294,_19113_,1.4,1.71
cluster_4295,_19114_,1.4,0.38
cluster_4296,_19117_,1.4,1.14
cluster_4297,_19118_,1.4,0.76
cluster_4298,_19119_,1.4,0.76
cluster_4299,_19120_,1.4,0.76
cluster_4300,_19122_,1.4,1.14
cluster_4301,_19123_,1.4,1.9
cluster_4302,_19124_,1.4,1.71
cluster_4303,_19125_,1.4,2.47
cluster_4304,_19126_,1.4,1.14
cluster_4305,_19100_,1.4,1.14
cluster_4306,_19071_,1.4,0.57
cluster_4307,_19099_,1.4,1.14
cluster_4308,_19096_,1.4,1.33
cluster_4309,_19073_,1.4,0.76
cluster_4310,_19074_,1.4,1.14
cluster_4311,_19075_,1.4,0.57
cluster_4312,_19076_,1.4,0.76
cluster_4313,_19077_,1.4,0.76
cluster_4314,_19078_,1.4,0.38
cluster_4315,_19079_,1.4,0.76
cluster_4316,_19080_,1.4,0.57
cluster_4317,_19081_,1.4,0.76
cluster_4318,_19082_,1.4,2.66
cluster_4319,_19083_,1.4,1.71
cluster_4320,_19084_,1.4,1.33
cluster_4321,_19085_,1.4,1.33
cluster_4322,_19086_,1.4,1.33
cluster_4323,_19087_,1.4,2.47
cluster_4324,_19088_,1.4,2.47
cluster_4325,_19089_,1.4,2.47
cluster_4326,_19090_,1.4,2.47
cluster_4327,_19091_,1.4,2.47
cluster_4328,_19098_,1.4,1.14
cluster_4329,_19233_,1.4,0.57
cluster_4330,_19151_,1.4,1.14
cluster_4331,_19235_,1.4,1.33
cluster_4332,_19342_,1.4,1.33
cluster_4333,_19410_,1.4,1.33
cluster_4334,_19343_,1.4,0.76
cluster_4335,_19409_,1.4,0.76
cluster_4336,_19408_,1.4,0.95
cluster_4337,_19344_,1.4,1.33
cluster_4338,_19345_,1.4,0.76
cluster_4339,_19347_,1.4,1.33
cluster_4340,_19348_,1.4,0.95
cluster_4341,_19341_,1.4,1.33
cluster_4342,_19349_,1.4,0.76
cluster_4343,_19351_,1.4,0.57
cluster_4344,_19352_,1.4,2.47
cluster_4345,_19353_,1.4,0.76
cluster_4346,_19354_,1.4,0.76
cluster_4347,_19355_,1.4,0.57
cluster_4348,_19356_,1.4,0.76
cluster_4349,_19357_,1.4,0.76
cluster_4350,_19358_,1.4,1.33
cluster_4351,_19359_,1.4,0.76
cluster_4352,_19350_,1.4,0.76
cluster_4353,_19360_,1.4,0.76
cluster_4354,_19340_,1.4,0.76
cluster_4355,_19338_,1.4,2.47
cluster_4356,_19322_,1.4,2.47
cluster_4357,_19323_,1.4,1.33
cluster_4358,_19414_,1.4,1.14
cluster_4359,_19413_,1.4,0.57
cluster_4360,_19324_,1.4,0.76
cluster_4361,_19325_,1.4,1.33
cluster_4362,_19326_,1.4,0.76
cluster_4363,_19327_,1.4,0.57
cluster_4364,_19328_,1.4,0.57
cluster_4365,_19339_,1.4,0.95
cluster_4366,_19329_,1.4,1.14
cluster_4367,_19331_,1.4,0.57
cluster_4368,_19412_,1.4,1.33
cluster_4369,_19332_,1.4,1.33
cluster_4370,_19333_,1.4,0.76
cluster_4371,_19334_,1.4,1.33
cluster_4372,_19335_,1.4,1.14
cluster_4373,_19411_,1.4,1.33
cluster_4374,_19336_,1.4,1.33
cluster_4375,_19337_,1.4,0.95
cluster_4376,_19330_,1.4,0.57
cluster_4377,_19321_,1.4,0.95
cluster_4378,_19361_,1.4,0.76
cluster_4379,_19363_,1.4,0.76
cluster_4380,_19387_,1.4,0.76
cluster_4381,_19388_,1.4,0.57
cluster_4382,_19389_,1.4,0.76
cluster_4383,_19390_,1.4,0.57
cluster_4384,_19391_,1.4,0.95
cluster_4385,_19392_,1.4,1.14
cluster_4386,_19393_,1.4,0.76
cluster_4387,_19394_,1.4,0.57
cluster_4388,_19395_,1.4,0.76
cluster_4389,_19386_,1.4,1.14
cluster_4390,_19396_,1.4,0.95
cluster_4391,_19398_,1.4,0.95
cluster_4392,_19399_,1.4,0.57
cluster_4393,_19400_,1.4,0.76
cluster_4394,_19401_,1.4,0.95
cluster_4395,_19402_,1.4,0.76
cluster_4396,_19403_,1.4,1.14
cluster_4397,_19404_,1.4,0.76
cluster_4398,_19407_,1.4,0.57
cluster_4399,_19405_,1.4,1.14
cluster_4400,_19397_,1.4,0.95
cluster_4401,_19362_,1.4,0.76
cluster_4402,_19385_,1.4,0.76
cluster_4403,_19383_,1.4,1.33
cluster_4404,_19364_,1.4,1.14
cluster_4405,_19365_,1.4,1.71
cluster_4406,_19366_,1.4,1.14
cluster_4407,_19367_,1.4,0.76
cluster_4408,_19368_,1.4,1.33
cluster_4409,_19369_,1.4,0.76
cluster_4410,_19370_,1.4,0.76
cluster_4411,_19371_,1.4,0.57
cluster_4412,_19372_,1.4,0.76
cluster_4413,_19384_,1.4,0.76
cluster_4414,_19373_,1.4,0.76
cluster_4415,_19234_,1.4,1.33
cluster_4416,_19375_,1.4,1.14
cluster_4417,_19376_,1.4,0.57
cluster_4418,_19377_,1.4,1.33
cluster_4419,_19378_,1.4,0.76
cluster_4420,_19379_,1.4,0.57
cluster_4421,_19380_,1.4,0.57
cluster_4422,_19381_,1.4,0.76
cluster_4423,_19382_,1.4,0.57
cluster_4424,_19374_,1.4,0.76
cluster_4425,_19320_,1.4,0.57
cluster_4426,_19346_,1.4,0.95
cluster_4427,_19318_,1.4,0.76
cluster_4428,_19262_,1.4,1.71
cluster_4429,_19263_,1.4,0.95
cluster_4430,_19264_,1.4,0.76
cluster_4431,_19265_,1.4,0.95
cluster_4432,_19319_,1.4,0.95
cluster_4433,_19266_,1.4,1.33
cluster_4434,_19267_,1.4,0.57
cluster_4435,_19268_,1.4,0.76
cluster_4436,_19269_,1.4,0.57
cluster_4437,_19270_,1.4,1.33
cluster_4438,_19271_,1.4,0.57
cluster_4439,_19272_,1.4,1.33
cluster_4440,_19273_,1.4,0.76
cluster_4441,_19274_,1.4,0.57
cluster_4442,_19275_,1.4,0.57
cluster_4443,_19276_,1.4,0.76
cluster_4444,_19277_,1.4,0.76
cluster_4445,_19278_,1.4,0.76
cluster_4446,_19279_,1.4,0.57
cluster_4447,_19280_,1.4,2.47
cluster_4448,_19281_,1.4,1.14
cluster_4449,_19261_,1.4,0.76
cluster_4450,_19260_,1.4,1.33
cluster_4451,clone107,1.4,0.76
cluster_4452,_19258_,1.4,1.33
cluster_4453,_19236_,1.4,1.14
cluster_4454,_19237_,1.4,1.9
cluster_4455,_19238_,1.4,1.33
cluster_4456,_19239_,1.4,1.33
cluster_4457,_19240_,1.4,2.47
cluster_4458,_19241_,1.4,1.71
cluster_4459,_19242_,1.4,1.33
cluster_4460,_19243_,1.4,0.76
cluster_4461,_19244_,1.4,2.47
cluster_4462,_19245_,1.4,1.33
cluster_4463,_19282_,1.4,0.57
cluster_4464,_19246_,1.4,0.76
cluster_4465,_19248_,1.4,1.14
cluster_4466,_19249_,1.4,0.95
cluster_4467,_19250_,1.4,1.33
cluster_4468,_19251_,1.4,2.47
cluster_4469,_19252_,1.4,1.33
cluster_4470,_19253_,1.4,0.57
cluster_4471,_19254_,1.4,2.47
cluster_4472,_19255_,1.4,1.33
cluster_4473,_19256_,1.4,1.33
cluster_4474,_19257_,1.4,0.76
cluster_4475,_19247_,1.4,1.33
cluster_4476,_19283_,1.4,0.95
cluster_4477,_19406_,1.4,1.33
cluster_4478,_19295_,1.4,0.57
cluster_4479,_19314_,1.4,1.71
cluster_4480,_19306_,1.4,0.95
cluster_4481,_19292_,1.4,1.33
cluster_4482,_19305_,1.4,1.33
cluster_4483,_19304_,1.4,0.57
cluster_4484,_19293_,1.4,1.14
cluster_4485,_19303_,1.4,1.33
cluster_4486,_19299_,1.4,1.71
cluster_4487,_19294_,1.4,0.57
cluster_4488,_19313_,1.4,1.33
cluster_4489,_19296_,1.4,0.95
cluster_4490,_19297_,1.4,1.14
cluster_4491,_19298_,1.4,2.66
cluster_4492,_19302_,1.4,1.14
cluster_4493,_19301_,1.4,1.52
cluster_4494,_19300_,1.4,0.76
cluster_4495,_19311_,1.4,0.57
cluster_4496,_19291_,1.4,1.33
cluster_4497,_19307_,1.4,0.95
cluster_4498,_19284_,1.4,2.47
cluster_4499,_19315_,1.4,1.33
cluster_4500,_19310_,1.4,1.33
cluster_4501,_19286_,1.4,1.33
cluster_4502,_19290_,1.4,2.09
cluster_4503,_19287_,1.4,1.33
cluster_4504,_19285_,1.4,1.52
cluster_4505,_19316_,1.4,0.95
cluster_4506,_19312_,1.4,0.76
cluster_4507,_19289_,1.4,0.76
cluster_4508,_19309_,1.4,0.57
cluster_4509,_19317_,1.4,1.33
cluster_4510,_19308_,1.4,0.76
cluster_4511,_19288_,1.4,0.76
cluster_4512,_23696_,1.4,0.76
cluster_4513,_23737_,1.4,0.76
cluster_4514,_23693_,1.4,1.14
cluster_4515,_23691_,1.4,1.14
cluster_4516,_23695_,1.4,0.76
cluster_4517,_23694_,1.4,0.57
cluster_4518,_23692_,1.4,0.76
cluster_4519,_23736_,1.4,1.14
cluster_4520,_23735_,1.4,0.76
cluster_4521,_23690_,1.4,0.76
cluster_4522,_23727_,1.4,0.57
cluster_4523,_23688_,1.4,0.76
cluster_4524,_23667_,1.4,0.76
cluster_4525,_23668_,1.4,1.33
cluster_4526,_23669_,1.4,0.76
cluster_4527,_23670_,1.4,0.76
cluster_4528,_23671_,1.4,0.76
cluster_4529,_23672_,1.4,0.76
cluster_4530,_23674_,1.4,2.47
cluster_4531,_23675_,1.4,0.57
cluster_4532,_23676_,1.4,1.33
cluster_4533,_23677_,1.4,0.57
cluster_4534,_23678_,1.4,1.33
cluster_4535,_23679_,1.4,1.33
cluster_4536,_23680_,1.4,1.14
cluster_4537,_23681_,1.4,1.14
cluster_4538,_23682_,1.4,0.95
cluster_4539,_23683_,1.4,0.76
cluster_4540,_23684_,1.4,0.57
cluster_4541,_23685_,1.4,0.76
cluster_4542,_23686_,1.4,0.76
cluster_4543,_23687_,1.4,1.71
cluster_4544,_23734_,1.4,0.76
cluster_4545,_23689_,1.4,0.76
cluster_4546,_23697_,1.4,1.14
cluster_4547,_23706_,1.4,0.76
cluster_4548,_23699_,1.4,0.76
cluster_4549,_23719_,1.4,0.57
cluster_4550,_23666_,1.4,0.76
cluster_4551,_23720_,1.4,1.14
cluster_4552,_23721_,1.4,1.33
cluster_4553,_23722_,1.4,0.95
cluster_4554,_23733_,1.4,0.76
cluster_4555,_23740_,1.4,1.14
cluster_4556,_23732_,1.4,0.76
cluster_4557,_23731_,1.4,0.76
cluster_4558,_23741_,1.4,0.95
cluster_4559,_23742_,1.4,1.14
cluster_4560,_23723_,1.4,0.76
cluster_4561,_23724_,1.4,0.76
cluster_4562,_23725_,1.4,0.95
cluster_4563,_23730_,1.4,0.57
cluster_4564,_23729_,1.4,0.76
cluster_4565,_23726_,1.4,0.76
cluster_4566,_23718_,1.4,0.57
cluster_4567,_23717_,1.4,0.76
cluster_4568,_23716_,1.4,1.14
cluster_4569,_23714_,1.4,0.76
cluster_4570,_23700_,1.4,1.14
cluster_4571,_23701_,1.4,1.33
cluster_4572,_23702_,1.4,0.57
cluster_4573,_23703_,1.4,0.76
cluster_4574,_23738_,1.4,0.76
cluster_4575,_23704_,1.4,1.14
cluster_4576,_23705_,1.4,0.76
cluster_4577,_23728_,1.4,1.14
cluster_4578,_23698_,1.4,0.95
cluster_4579,_23744_,1.4,0.95
cluster_4580,_23739_,1.4,1.33
cluster_4581,_23708_,1.4,0.76
cluster_4582,_23709_,1.4,0.76
cluster_4583,_23710_,1.4,0.57
cluster_4584,_23711_,1.4,0.95
cluster_4585,_23743_,1.4,1.14
cluster_4586,_23712_,1.4,1.14
cluster_4587,_23713_,1.4,0.76
cluster_4588,_23707_,1.4,0.57
cluster_4589,_23715_,1.4,0.95
cluster_4590,_23617_,1.4,0.76
cluster_4591,_23665_,1.4,0.76
cluster_4592,_23606_,1.4,1.14
cluster_4593,_23607_,1.4,0.76
cluster_4594,_23608_,1.4,0.76
cluster_4595,_23609_,1.4,0.76
cluster_4596,_23610_,1.4,0.57
cluster_4597,_23611_,1.4,0.76
cluster_4598,_23612_,1.4,1.14
cluster_4599,_23613_,1.4,0.95
cluster_4600,_23605_,1.4,1.33
cluster_4601,_23614_,1.4,1.14
cluster_4602,_23616_,1.4,0.76
cluster_4603,_23618_,1.4,0.76
cluster_4604,_23619_,1.4,1.33
cluster_4605,_23620_,1.4,0.57
cluster_4606,_23621_,1.4,1.14
cluster_4607,_23622_,1.4,0.57
cluster_4608,_23623_,1.4,0.76
cluster_4609,_23624_,1.4,0.76
cluster_4610,_23615_,1.4,1.33
cluster_4611,_23625_,1.4,1.14
cluster_4612,_23604_,1.4,0.76
cluster_4613,_23602_,1.4,1.52
cluster_4614,_23586_,1.4,0.76
cluster_4615,_23587_,1.4,0.76
cluster_4616,_23588_,1.4,0.76
cluster_4617,_23589_,1.4,1.33
cluster_4618,_23585_,1.4,0.76
cluster_4619,_23590_,1.4,0.76
cluster_4620,_23745_,1.4,0.76
cluster_4621,_23591_,1.4,0.57
cluster_4622,_23603_,1.4,0.95
cluster_4623,_23592_,1.4,0.57
cluster_4624,_23594_,1.4,0.76
cluster_4625,_23595_,1.4,0.57
cluster_4626,_23596_,1.4,0.76
cluster_4627,_23597_,1.4,0.76
cluster_4628,_23598_,1.4,0.76
cluster_4629,_23599_,1.4,0.95
cluster_4630,_23600_,1.4,1.14
cluster_4631,_23601_,1.4,1.33
cluster_4632,_23593_,1.4,0.76
cluster_4633,_20535_,1.4,1.14
cluster_4634,_23626_,1.4,0.57
cluster_4635,_23628_,1.4,1.14
cluster_4636,_23650_,1.4,0.95
cluster_4637,_23651_,1.4,0.57
cluster_4638,u0.w[3][21]$_DFF_P_,1.4,3.23
cluster_4639,u0.w[3][23]$_DFF_P_,1.4,3.23
cluster_4640,_15725_,1.4,1.33
cluster_4641,_23652_,1.4,0.76
cluster_4642,_23653_,1.4,0.76
cluster_4643,_23654_,1.4,0.76
cluster_4644,_23649_,1.4,1.14
cluster_4645,_23655_,1.4,0.76
cluster_4646,_23657_,1.4,0.76
cluster_4647,_23658_,1.4,0.95
cluster_4648,_23659_,1.4,0.76
cluster_4649,_23660_,1.4,0.57
cluster_4650,_23661_,1.4,0.76
cluster_4651,_23662_,1.4,1.14
cluster_4652,_23663_,1.4,0.76
cluster_4653,_23664_,1.4,0.76
cluster_4654,_23656_,1.4,0.76
cluster_4655,_23627_,1.4,0.76
cluster_4656,_23648_,1.4,0.95
cluster_4657,_23646_,1.4,0.57
cluster_4658,_23629_,1.4,0.76
cluster_4659,_23630_,1.4,0.57
cluster_4660,_23631_,1.4,0.57
cluster_4661,_23632_,1.4,0.95
cluster_4662,_23633_,1.4,0.76
cluster_4663,_23634_,1.4,1.33
cluster_4664,_23635_,1.4,1.33
cluster_4665,_23636_,1.4,0.57
cluster_4666,_23647_,1.4,0.76
cluster_4667,_23637_,1.4,0.57
cluster_4668,_23639_,1.4,0.57
cluster_4669,_23640_,1.4,0.76
cluster_4670,u0.w[3][20]$_DFF_P_,1.4,3.23
cluster_4671,_23641_,1.4,0.95
cluster_4672,_23642_,1.4,0.76
cluster_4673,_23643_,1.4,0.76
cluster_4674,_23644_,1.4,0.76
cluster_4675,_23645_,1.4,0.76
cluster_4676,_23638_,1.4,0.76
cluster_4677,_23746_,1.4,0.95
cluster_4678,_23883_,1.4,0.76
cluster_4679,_23748_,1.4,0.95
cluster_4680,_23853_,1.4,0.76
cluster_4681,_23854_,1.4,0.76
cluster_4682,_23855_,1.4,0.76
cluster_4683,_23856_,1.4,0.76
cluster_4684,_23857_,1.4,0.76
cluster_4685,_23858_,1.4,0.76
cluster_4686,_23859_,1.4,0.76
cluster_4687,_23860_,1.4,0.76
cluster_4688,_23852_,1.4,1.14
cluster_4689,_23861_,1.4,0.76
cluster_4690,_23863_,1.4,0.76
cluster_4691,_23864_,1.4,0.76
cluster_4692,_23865_,1.4,0.76
cluster_4693,_23866_,1.4,0.57
cluster_4694,_23867_,1.4,0.76
cluster_4695,_15345_,1.4,1.33
cluster_4696,_23868_,1.4,0.57
cluster_4697,_23869_,1.4,0.76
cluster_4698,_23862_,1.4,1.14
cluster_4699,_23870_,1.4,0.76
cluster_4700,_23851_,1.4,0.76
cluster_4701,_23849_,1.4,0.76
cluster_4702,_23831_,1.4,0.76
cluster_4703,_23832_,1.4,0.57
cluster_4704,_23833_,1.4,0.76
cluster_4705,_23834_,1.4,0.76
cluster_4706,_23835_,1.4,0.76
cluster_4707,_23836_,1.4,1.14
cluster_4708,_23837_,1.4,1.14
cluster_4709,_23838_,1.4,0.76
cluster_4710,_23850_,1.4,1.14
cluster_4711,_23839_,1.4,1.33
cluster_4712,_23841_,1.4,0.57
cluster_4713,_23842_,1.4,0.76
cluster_4714,_23843_,1.4,0.76
cluster_4715,_23844_,1.4,1.14
cluster_4716,_23845_,1.4,1.14
cluster_4717,_23846_,1.4,0.76
cluster_4718,_23847_,1.4,0.76
cluster_4719,_23848_,1.4,1.52
cluster_4720,_23840_,1.4,1.14
cluster_4721,_23871_,1.4,0.76
cluster_4722,_23872_,1.4,0.95
cluster_4723,_23873_,1.4,1.33
cluster_4724,_29706_,1.4,1.9
cluster_4725,_29705_,1.4,1.9
cluster_4726,_29704_,1.4,1.9
cluster_4727,_29703_,1.4,1.9
cluster_4728,_29702_,1.4,1.9
cluster_4729,_29701_,1.4,1.9
cluster_4730,_29700_,1.4,1.9
cluster_4731,_15379_,1.4,0.76
cluster_4732,_29707_,1.4,1.9
cluster_4733,_15387_,1.4,1.33
cluster_4734,_29415_,1.4,1.33
cluster_4735,_29414_,1.4,1.33
cluster_4736,_29413_,1.4,1.33
cluster_4737,_29412_,1.4,1.33
cluster_4738,_29698_,1.4,1.9
cluster_4739,_29410_,1.4,1.33
cluster_4740,_29408_,1.4,1.33
cluster_4741,_23584_,1.4,0.76
cluster_4742,_29699_,1.4,1.9
cluster_4743,_29708_,1.4,1.9
cluster_4744,_29407_,1.4,1.33
cluster_4745,_29405_,1.4,1.33
cluster_4746,_23874_,1.4,1.14
cluster_4747,_15365_,1.4,1.33
cluster_4748,_23875_,1.4,1.14
cluster_4749,_23876_,1.4,0.76
cluster_4750,_23877_,1.4,0.76
cluster_4751,_23878_,1.4,0.76
cluster_4752,_23879_,1.4,0.76
cluster_4753,_23880_,1.4,0.76
cluster_4754,_23881_,1.4,0.76
cluster_4755,_23882_,1.4,0.76
cluster_4756,_23884_,1.4,0.95
cluster_4757,_23885_,1.4,0.76
cluster_4758,_29709_,1.4,1.9
cluster_4759,_23886_,1.4,0.76
cluster_4760,_23887_,1.4,2.47
cluster_4761,sa12_sr[6]$_DFF_P_,1.4,3.23
cluster_4762,sa12_sr[7]$_DFF_P_,1.4,3.23
cluster_4763,_29697_,1.4,1.9
cluster_4764,_15405_,1.4,1.33
cluster_4765,_23830_,1.4,0.76
cluster_4766,_23829_,1.4,0.95
cluster_4767,_23828_,1.4,0.76
cluster_4768,_23827_,1.4,0.76
cluster_4769,_23772_,1.4,1.33
cluster_4770,_23773_,1.4,0.76
cluster_4771,_23774_,1.4,0.76
cluster_4772,_23775_,1.4,0.95
cluster_4773,_23776_,1.4,0.57
cluster_4774,_23777_,1.4,1.14
cluster_4775,_23778_,1.4,0.57
cluster_4776,_23779_,1.4,1.14
cluster_4777,_23771_,1.4,0.76
cluster_4778,_23780_,1.4,0.95
cluster_4779,_23782_,1.4,1.14
cluster_4780,_23783_,1.4,0.76
cluster_4781,_23784_,1.4,0.95
cluster_4782,_23785_,1.4,1.14
cluster_4783,_23786_,1.4,0.57
cluster_4784,_23787_,1.4,0.57
cluster_4785,_23788_,1.4,1.14
cluster_4786,_23789_,1.4,0.76
cluster_4787,_23781_,1.4,1.14
cluster_4788,_23770_,1.4,1.14
cluster_4789,_23769_,1.4,1.14
cluster_4790,_23768_,1.4,0.57
cluster_4791,_23749_,1.4,0.95
cluster_4792,_23750_,1.4,0.95
cluster_4793,_23751_,1.4,1.14
cluster_4794,_23752_,1.4,0.76
cluster_4795,_23753_,1.4,0.76
cluster_4796,_23754_,1.4,0.76
cluster_4797,_23755_,1.4,0.76
cluster_4798,_23756_,1.4,0.76
cluster_4799,_23757_,1.4,0.76
cluster_4800,_23758_,1.4,0.76
cluster_4801,_23759_,1.4,1.14
cluster_4802,_23760_,1.4,0.76
cluster_4803,_23761_,1.4,1.14
cluster_4804,_23762_,1.4,0.76
cluster_4805,_23763_,1.4,0.95
cluster_4806,_23764_,1.4,0.95
cluster_4807,_23765_,1.4,0.57
cluster_4808,_23766_,1.4,0.57
cluster_4809,_23767_,1.4,0.76
cluster_4810,_23790_,1.4,0.76
cluster_4811,_23747_,1.4,0.76
cluster_4812,_23791_,1.4,0.76
cluster_4813,_23793_,1.4,0.76
cluster_4814,_23817_,1.4,1.14
cluster_4815,input165,1.4,0.57
cluster_4816,input166,1.4,0.57
cluster_4817,_23818_,1.4,0.76
cluster_4818,input168,1.4,0.57
cluster_4819,_23819_,1.4,0.76
cluster_4820,input170,1.4,0.57
cluster_4821,_23820_,1.4,0.76
cluster_4822,_23816_,1.4,1.33
cluster_4823,input171,1.4,0.57
cluster_4824,_23822_,1.4,0.76
cluster_4825,_23823_,1.4,0.76
cluster_4826,_23824_,1.4,0.76
cluster_4827,_23825_,1.4,1.14
cluster_4828,input172,1.4,0.57
cluster_4829,input173,1.4,0.57
cluster_4830,_20599_,1.4,1.14
cluster_4831,_23826_,1.4,0.57
cluster_4832,_23821_,1.4,0.57
cluster_4833,_23815_,1.4,0.57
cluster_4834,_23814_,1.4,0.76
cluster_4835,_23813_,1.4,0.76
cluster_4836,_23794_,1.4,0.76
cluster_4837,_23795_,1.4,0.95
cluster_4838,_23796_,1.4,1.14
cluster_4839,_23797_,1.4,1.14
cluster_4840,_23798_,1.4,0.95
cluster_4841,_23799_,1.4,0.76
cluster_4842,_23800_,1.4,0.76
cluster_4843,_23801_,1.4,0.76
cluster_4844,_23802_,1.4,0.76
cluster_4845,_23803_,1.4,1.14
cluster_4846,_23804_,1.4,0.76
cluster_4847,_23805_,1.4,0.57
cluster_4848,_23806_,1.4,1.14
cluster_4849,_23807_,1.4,0.95
cluster_4850,_23808_,1.4,0.76
cluster_4851,_23809_,1.4,0.57
cluster_4852,_23810_,1.4,1.14
cluster_4853,_23811_,1.4,1.14
cluster_4854,_23812_,1.4,0.76
cluster_4855,_23792_,1.4,0.76
cluster_4856,_23583_,1.4,0.76
cluster_4857,_23267_,1.4,1.33
cluster_4858,_23581_,1.4,0.57
cluster_4859,_18284_,1.4,2.47
cluster_4860,_23343_,1.4,2.47
cluster_4861,_19860_,1.4,0.76
cluster_4862,_18282_,1.4,2.47
cluster_4863,_23344_,1.4,0.95
cluster_4864,_23345_,1.4,0.76
cluster_4865,_23347_,1.4,1.33
cluster_4866,_23348_,1.4,2.47
cluster_4867,_23349_,1.4,2.47
cluster_4868,_23342_,1.4,1.33
cluster_4869,_23350_,1.4,0.76
cluster_4870,_18263_,1.4,1.33
cluster_4871,_18262_,1.4,2.47
cluster_4872,_23352_,1.4,1.14
cluster_4873,_23353_,1.4,0.76
cluster_4874,_23354_,1.4,0.76
cluster_4875,_23355_,1.4,1.33
cluster_4876,_23356_,1.4,1.33
cluster_4877,_23357_,1.4,1.71
cluster_4878,_23358_,1.4,1.33
cluster_4879,_23351_,1.4,1.33
cluster_4880,_23359_,1.4,2.47
cluster_4881,_23341_,1.4,1.33
cluster_4882,_23339_,1.4,2.47
cluster_4883,_23320_,1.4,0.57
cluster_4884,_23322_,1.4,1.14
cluster_4885,_23323_,1.4,1.14
cluster_4886,_23324_,1.4,1.14
cluster_4887,_23325_,1.4,1.14
cluster_4888,_19836_,1.4,1.33
cluster_4889,_23326_,1.4,1.71
cluster_4890,_23327_,1.4,1.33
cluster_4891,_23328_,1.4,0.57
cluster_4892,_23340_,1.4,1.71
cluster_4893,_23329_,1.4,0.57
cluster_4894,_23331_,1.4,2.47
cluster_4895,_23332_,1.4,2.47
cluster_4896,_23333_,1.4,0.57
cluster_4897,_23334_,1.4,0.57
cluster_4898,_19847_,1.4,1.33
cluster_4899,_23335_,1.4,1.71
cluster_4900,_23336_,1.4,2.47
cluster_4901,_23337_,1.4,0.57
cluster_4902,_23338_,1.4,1.33
cluster_4903,_23330_,1.4,0.95
cluster_4904,_23319_,1.4,0.38
cluster_4905,_23360_,1.4,0.76
cluster_4906,_23362_,1.4,2.47
cluster_4907,_23380_,1.4,1.14
cluster_4908,_23381_,1.4,2.66
cluster_4909,_23382_,1.4,1.33
cluster_4910,_23383_,1.4,1.33
cluster_4911,_23384_,1.4,1.33
cluster_4912,_23385_,1.4,1.71
cluster_4913,_23386_,1.4,1.71
cluster_4914,_23387_,1.4,2.66
cluster_4915,_23388_,1.4,0.57
cluster_4916,_23379_,1.4,0.95
cluster_4917,_23582_,1.4,0.76
cluster_4918,_23391_,1.4,1.14
cluster_4919,_23392_,1.4,1.33
cluster_4920,_23393_,1.4,0.57
cluster_4921,_23394_,1.4,2.47
cluster_4922,_23395_,1.4,2.66
cluster_4923,_23396_,1.4,0.95
cluster_4924,_23397_,1.4,2.47
cluster_4925,_23398_,1.4,1.14
cluster_4926,_23399_,1.4,1.71
cluster_4927,_23390_,1.4,0.95
cluster_4928,_23361_,1.4,2.47
cluster_4929,_23378_,1.4,0.76
cluster_4930,_23376_,1.4,1.33
cluster_4931,_23363_,1.4,2.47
cluster_4932,_23364_,1.4,0.95
cluster_4933,_23365_,1.4,0.76
cluster_4934,_23366_,1.4,0.76
cluster_4935,_23367_,1.4,1.33
cluster_4936,_23368_,1.4,0.76
cluster_4937,_23369_,1.4,0.76
cluster_4938,clone149,1.4,0.95
cluster_4939,_23371_,1.4,0.57
cluster_4940,_23377_,1.4,0.95
cluster_4941,_23372_,1.4,2.47
cluster_4942,text_in_r[17]$_DFFE_PP_,1.4,3.23
cluster_4943,_23373_,1.4,0.95
cluster_4944,text_in_r[19]$_DFFE_PP_,1.4,3.23
cluster_4945,_23374_,1.4,1.14
cluster_4946,text_in_r[20]$_DFFE_PP_,1.4,3.23
cluster_4947,text_in_r[21]$_DFFE_PP_,1.4,3.23
cluster_4948,text_in_r[22]$_DFFE_PP_,1.4,3.23
cluster_4949,text_in_r[23]$_DFFE_PP_,1.4,3.23
cluster_4950,_23375_,1.4,2.66
cluster_4951,text_in_r[16]$_DFFE_PP_,1.4,3.23
cluster_4952,_18393_,1.4,2.47
cluster_4953,_23318_,1.4,0.57
cluster_4954,_19823_,1.4,1.33
cluster_4955,_23284_,1.4,0.76
cluster_4956,_23283_,1.4,1.71
cluster_4957,_23282_,1.4,0.76
cluster_4958,_19130_,1.4,2.47
cluster_4959,_23281_,1.4,0.76
cluster_4960,_23280_,1.4,1.14
cluster_4961,_23279_,1.4,1.71
cluster_4962,_23278_,1.4,0.76
cluster_4963,_23277_,1.4,0.76
cluster_4964,_23285_,1.4,0.57
cluster_4965,_23276_,1.4,1.14
cluster_4966,_23274_,1.4,2.47
cluster_4967,_23273_,1.4,2.47
cluster_4968,_23272_,1.4,1.33
cluster_4969,_23271_,1.4,2.47
cluster_4970,_23270_,1.4,2.47
cluster_4971,_23269_,1.4,2.47
cluster_4972,_23268_,1.4,2.47
cluster_4973,_19749_,1.4,1.33
cluster_4974,_23266_,1.4,1.33
cluster_4975,_23275_,1.4,0.38
cluster_4976,_23265_,1.4,1.33
cluster_4977,_23286_,1.4,1.33
cluster_4978,_23288_,1.4,1.33
cluster_4979,_23303_,1.4,0.57
cluster_4980,_23302_,1.4,0.57
cluster_4981,_23301_,1.4,0.38
cluster_4982,_23300_,1.4,1.33
cluster_4983,_23299_,1.4,1.14
cluster_4984,_23298_,1.4,1.71
cluster_4985,_23297_,1.4,1.14
cluster_4986,_23296_,1.4,1.14
cluster_4987,_23294_,1.4,1.14
cluster_4988,_23287_,1.4,2.09
cluster_4989,_23293_,1.4,1.71
cluster_4990,sa12_sr[1]$_DFF_P_,1.4,3.23
cluster_4991,sa12_sr[2]$_DFF_P_,1.4,3.23
cluster_4992,sa12_sr[3]$_DFF_P_,1.4,3.23
cluster_4993,sa12_sr[4]$_DFF_P_,1.4,3.23
cluster_4994,sa12_sr[5]$_DFF_P_,1.4,3.23
cluster_4995,_23292_,1.4,1.71
cluster_4996,_23291_,1.4,1.14
cluster_4997,_23290_,1.4,1.14
cluster_4998,_23289_,1.4,1.33
cluster_4999,sa12_sr[0]$_DFF_P_,1.4,3.23
cluster_5000,_23264_,1.4,1.71
cluster_5001,_23306_,1.4,1.14
cluster_5002,_23307_,1.4,1.14
cluster_5003,_23223_,1.4,0.57
cluster_5004,_23222_,1.4,0.76
cluster_5005,_23221_,1.4,1.71
cluster_5006,_23220_,1.4,1.14
cluster_5007,_23219_,1.4,1.14
cluster_5008,_23218_,1.4,1.14
cluster_5009,_23217_,1.4,1.14
cluster_5010,_23216_,1.4,0.57
cluster_5011,_23215_,1.4,0.57
cluster_5012,_23224_,1.4,2.47
cluster_5013,_23214_,1.4,0.38
cluster_5014,_23309_,1.4,1.71
cluster_5015,_23310_,1.4,0.76
cluster_5016,_23311_,1.4,0.57
cluster_5017,_23312_,1.4,2.47
cluster_5018,_23313_,1.4,1.71
cluster_5019,_23314_,1.4,1.33
cluster_5020,_23315_,1.4,1.33
cluster_5021,_23316_,1.4,0.57
cluster_5022,_23317_,1.4,1.33
cluster_5023,_23308_,1.4,1.14
cluster_5024,_23225_,1.4,1.71
cluster_5025,_19796_,1.4,1.33
cluster_5026,_23226_,1.4,0.57
cluster_5027,_23247_,1.4,2.47
cluster_5028,_23246_,1.4,2.47
cluster_5029,_23245_,1.4,0.95
cluster_5030,_23244_,1.4,2.09
cluster_5031,_23243_,1.4,0.76
cluster_5032,_23242_,1.4,0.57
cluster_5033,_23241_,1.4,0.76
cluster_5034,_23240_,1.4,0.38
cluster_5035,_23239_,1.4,0.76
cluster_5036,_23238_,1.4,0.76
cluster_5037,_23237_,1.4,0.57
cluster_5038,_23236_,1.4,1.14
cluster_5039,_23235_,1.4,0.76
cluster_5040,_23234_,1.4,0.57
cluster_5041,_23233_,1.4,0.57
cluster_5042,_23232_,1.4,0.76
cluster_5043,_23231_,1.4,1.14
cluster_5044,_23230_,1.4,1.14
cluster_5045,_23229_,1.4,1.14
cluster_5046,_23228_,1.4,2.47
cluster_5047,_23227_,1.4,2.47
cluster_5048,_23400_,1.4,0.76
cluster_5049,_23401_,1.4,1.33
cluster_5050,_23389_,1.4,0.95
cluster_5051,_23497_,1.4,0.95
cluster_5052,_23515_,1.4,0.95
cluster_5053,_23516_,1.4,0.76
cluster_5054,_23517_,1.4,1.14
cluster_5055,_23518_,1.4,0.95
cluster_5056,_23519_,1.4,1.33
cluster_5057,_23520_,1.4,0.76
cluster_5058,_23521_,1.4,2.09
cluster_5059,_23522_,1.4,0.57
cluster_5060,_23523_,1.4,0.76
cluster_5061,_23514_,1.4,0.76
cluster_5062,_23524_,1.4,0.95
cluster_5063,_23526_,1.4,1.14
cluster_5064,_23527_,1.4,0.95
cluster_5065,_23528_,1.4,0.95
cluster_5066,_23529_,1.4,1.33
cluster_5067,_23530_,1.4,0.76
cluster_5068,_23531_,1.4,0.76
cluster_5069,_23532_,1.4,0.76
cluster_5070,_23533_,1.4,0.76
cluster_5071,_23534_,1.4,0.95
cluster_5072,_23525_,1.4,1.71
cluster_5073,_23535_,1.4,0.95
cluster_5074,_23513_,1.4,1.33
cluster_5075,_23511_,1.4,1.33
cluster_5076,_23491_,1.4,0.95
cluster_5077,_23492_,1.4,0.57
cluster_5078,_23493_,1.4,0.76
cluster_5079,_23494_,1.4,0.76
cluster_5080,_23495_,1.4,1.14
cluster_5081,_23496_,1.4,1.9
cluster_5082,_23402_,1.4,1.33
cluster_5083,_23498_,1.4,1.33
cluster_5084,_23499_,1.4,1.33
cluster_5085,_23512_,1.4,1.33
cluster_5086,_23500_,1.4,1.33
cluster_5087,_23502_,1.4,0.76
cluster_5088,_23503_,1.4,1.33
cluster_5089,_23504_,1.4,0.76
cluster_5090,_23505_,1.4,2.47
cluster_5091,_23506_,1.4,0.57
cluster_5092,_23507_,1.4,0.95
cluster_5093,_23508_,1.4,0.76
cluster_5094,_23509_,1.4,0.95
cluster_5095,_23510_,1.4,0.76
cluster_5096,_23501_,1.4,0.95
cluster_5097,_23536_,1.4,0.76
cluster_5098,_23537_,1.4,1.14
cluster_5099,_23538_,1.4,1.33
cluster_5100,u0.w[3][19]$_DFF_P_,1.4,3.23
cluster_5101,_23562_,1.4,1.14
cluster_5102,_23563_,1.4,0.95
cluster_5103,_23564_,1.4,0.57
cluster_5104,_23565_,1.4,0.76
cluster_5105,_23566_,1.4,0.76
cluster_5106,_23567_,1.4,1.33
cluster_5107,_23568_,1.4,1.33
cluster_5108,_23569_,1.4,0.95
cluster_5109,_23561_,1.4,0.57
cluster_5110,_23570_,1.4,1.71
cluster_5111,_23572_,1.4,0.76
cluster_5112,_23573_,1.4,1.33
cluster_5113,_23574_,1.4,0.95
cluster_5114,_23575_,1.4,0.57
cluster_5115,_23576_,1.4,0.57
cluster_5116,_23577_,1.4,0.95
cluster_5117,_23578_,1.4,0.76
cluster_5118,_23579_,1.4,0.76
cluster_5119,_23580_,1.4,0.95
cluster_5120,_23571_,1.4,0.76
cluster_5121,u0.w[3][17]$_DFF_P_,1.4,3.23
cluster_5122,u0.w[3][16]$_DFF_P_,1.4,3.23
cluster_5123,_23560_,1.4,0.57
cluster_5124,_23539_,1.4,0.57
cluster_5125,_23540_,1.4,0.95
cluster_5126,_23541_,1.4,1.14
cluster_5127,_23542_,1.4,0.76
cluster_5128,_23543_,1.4,2.47
cluster_5129,_23544_,1.4,1.33
cluster_5130,_23545_,1.4,2.47
cluster_5131,_23546_,1.4,0.95
cluster_5132,_23547_,1.4,0.95
cluster_5133,_23548_,1.4,1.14
cluster_5134,_23549_,1.4,1.33
cluster_5135,_23550_,1.4,1.33
cluster_5136,_23551_,1.4,0.57
cluster_5137,_23552_,1.4,0.76
cluster_5138,_23553_,1.4,0.95
cluster_5139,_23554_,1.4,0.76
cluster_5140,_23555_,1.4,0.76
cluster_5141,_23556_,1.4,0.76
cluster_5142,_23557_,1.4,0.57
cluster_5143,_23558_,1.4,1.14
cluster_5144,_23559_,1.4,1.33
cluster_5145,_23490_,1.4,1.33
cluster_5146,_23489_,1.4,0.76
cluster_5147,_23673_,1.4,1.14
cluster_5148,_23447_,1.4,0.76
cluster_5149,_23433_,1.4,0.57
cluster_5150,_23434_,1.4,0.76
cluster_5151,_23435_,1.4,0.57
cluster_5152,_23436_,1.4,0.95
cluster_5153,_23437_,1.4,0.57
cluster_5154,_23438_,1.4,1.33
cluster_5155,_23406_,1.4,1.33
cluster_5156,_23405_,1.4,1.33
cluster_5157,_23404_,1.4,0.57
cluster_5158,_23432_,1.4,0.76
cluster_5159,_23439_,1.4,0.57
cluster_5160,_23488_,1.4,0.57
cluster_5161,_23440_,1.4,1.14
cluster_5162,_23441_,1.4,0.76
cluster_5163,_23442_,1.4,1.33
cluster_5164,_23443_,1.4,0.57
cluster_5165,_23444_,1.4,1.33
cluster_5166,_23445_,1.4,1.33
cluster_5167,_23446_,1.4,0.76
cluster_5168,_23408_,1.4,1.33
cluster_5169,_23403_,1.4,1.33
cluster_5170,_23448_,1.4,1.33
cluster_5171,_23431_,1.4,0.76
cluster_5172,_23429_,1.4,1.33
cluster_5173,_23410_,1.4,1.33
cluster_5174,_23411_,1.4,1.33
cluster_5175,_23412_,1.4,1.33
cluster_5176,_23413_,1.4,1.33
cluster_5177,_23414_,1.4,1.14
cluster_5178,_23415_,1.4,2.47
cluster_5179,_23416_,1.4,0.57
cluster_5180,_23417_,1.4,1.71
cluster_5181,_23407_,1.4,0.57
cluster_5182,_23430_,1.4,1.33
cluster_5183,_23418_,1.4,0.76
cluster_5184,_23420_,1.4,1.33
cluster_5185,_23421_,1.4,1.52
cluster_5186,_23422_,1.4,1.33
cluster_5187,_23423_,1.4,0.76
cluster_5188,_23424_,1.4,0.57
cluster_5189,_23425_,1.4,1.33
cluster_5190,_23426_,1.4,0.57
cluster_5191,_23427_,1.4,1.33
cluster_5192,_23428_,1.4,1.14
cluster_5193,_23419_,1.4,1.33
cluster_5194,_23449_,1.4,0.76
cluster_5195,_23409_,1.4,1.33
cluster_5196,_23451_,1.4,0.76
cluster_5197,_23450_,1.4,1.71
cluster_5198,_23471_,1.4,0.76
cluster_5199,_23472_,1.4,1.33
cluster_5200,_23473_,1.4,0.76
cluster_5201,_23474_,1.4,1.14
cluster_5202,_23475_,1.4,0.76
cluster_5203,_23476_,1.4,1.14
cluster_5204,_23477_,1.4,1.71
cluster_5205,_23469_,1.4,1.33
cluster_5206,_23478_,1.4,0.95
cluster_5207,_23480_,1.4,1.33
cluster_5208,_23481_,1.4,1.33
cluster_5209,_23482_,1.4,0.76
cluster_5210,_23483_,1.4,1.14
cluster_5211,_23484_,1.4,0.76
cluster_5212,_23485_,1.4,0.95
cluster_5213,_23486_,1.4,0.57
cluster_5214,_23487_,1.4,0.57
cluster_5215,_23479_,1.4,2.09
cluster_5216,_23468_,1.4,0.76
cluster_5217,_23470_,1.4,0.57
cluster_5218,_23458_,1.4,1.33
cluster_5219,_23457_,1.4,0.95
cluster_5220,_23467_,1.4,1.14
cluster_5221,_23459_,1.4,1.71
cluster_5222,_23454_,1.4,0.57
cluster_5223,_23453_,1.4,1.14
cluster_5224,_23460_,1.4,0.57
cluster_5225,_23456_,1.4,1.33
cluster_5226,_23452_,1.4,1.33
cluster_5227,_23462_,1.4,0.38
cluster_5228,_23463_,1.4,1.14
cluster_5229,_23464_,1.4,2.47
cluster_5230,_23465_,1.4,1.71
cluster_5231,_23466_,1.4,0.57
cluster_5232,_23461_,1.4,1.33
cluster_5233,_23455_,1.4,0.76
cluster_5234,sa11_sr[2]$_DFF_P_,1.4,3.23
cluster_5235,sa11_sr[3]$_DFF_P_,1.4,3.23
cluster_5236,sa11_sr[1]$_DFF_P_,1.4,3.23
cluster_5237,sa11_sr[7]$_DFF_P_,1.4,3.23
cluster_5238,sa11_sr[0]$_DFF_P_,1.4,3.23
cluster_5239,_22543_,1.4,1.71
cluster_5240,sa11_sr[4]$_DFF_P_,1.4,3.23
cluster_5241,_22542_,1.4,1.14
cluster_5242,sa11_sr[6]$_DFF_P_,1.4,3.23
cluster_5243,_22541_,1.4,1.14
cluster_5244,_22544_,1.4,0.76
cluster_5245,sa11_sr[5]$_DFF_P_,1.4,3.23
cluster_5246,_22557_,1.4,0.57
cluster_5247,_22536_,1.4,0.57
cluster_5248,_22548_,1.4,0.95
cluster_5249,_22555_,1.4,0.76
cluster_5250,_22537_,1.4,0.57
cluster_5251,_22538_,1.4,0.57
cluster_5252,_22561_,1.4,0.57
cluster_5253,_22540_,1.4,1.14
cluster_5254,_22568_,1.4,2.09
cluster_5255,_22569_,1.4,2.47
cluster_5256,_22560_,1.4,1.14
cluster_5257,_22558_,1.4,0.76
cluster_5258,_22562_,1.4,0.76
cluster_5259,_22546_,1.4,2.47
cluster_5260,_22547_,1.4,1.71
cluster_5261,_22549_,1.4,0.76
cluster_5262,_22550_,1.4,0.76
cluster_5263,_22551_,1.4,1.33
cluster_5264,_22553_,1.4,1.14
cluster_5265,_22554_,1.4,1.14
cluster_5266,_22563_,1.4,0.76
cluster_5267,_22556_,1.4,0.57
cluster_5268,_22545_,1.4,0.95
cluster_5269,_23060_,1.4,0.57
cluster_5270,_22571_,1.4,2.47
cluster_5271,_23035_,1.4,0.76
cluster_5272,_23036_,1.4,1.33
cluster_5273,_23037_,1.4,0.57
cluster_5274,_23038_,1.4,0.76
cluster_5275,_23039_,1.4,0.95
cluster_5276,_23040_,1.4,0.76
cluster_5277,_23041_,1.4,0.57
cluster_5278,_23042_,1.4,0.76
cluster_5279,_23043_,1.4,0.76
cluster_5280,_23044_,1.4,0.76
cluster_5281,_23045_,1.4,0.57
cluster_5282,_23046_,1.4,0.57
cluster_5283,_23047_,1.4,0.95
cluster_5284,_23048_,1.4,1.14
cluster_5285,_23049_,1.4,0.57
cluster_5286,_23050_,1.4,0.57
cluster_5287,_23051_,1.4,0.57
cluster_5288,_23034_,1.4,0.76
cluster_5289,_23033_,1.4,1.33
cluster_5290,_23032_,1.4,0.57
cluster_5291,_23031_,1.4,1.14
cluster_5292,_23013_,1.4,0.76
cluster_5293,_23014_,1.4,0.76
cluster_5294,_23015_,1.4,1.14
cluster_5295,_23016_,1.4,1.14
cluster_5296,_23017_,1.4,0.76
cluster_5297,_23018_,1.4,0.76
cluster_5298,_23019_,1.4,0.76
cluster_5299,_23020_,1.4,0.57
cluster_5300,_23052_,1.4,0.57
cluster_5301,_23021_,1.4,0.95
cluster_5302,_23023_,1.4,0.76
cluster_5303,_23024_,1.4,0.76
cluster_5304,_23025_,1.4,0.76
cluster_5305,_23026_,1.4,1.14
cluster_5306,_23027_,1.4,0.57
cluster_5307,_23028_,1.4,1.14
cluster_5308,_23029_,1.4,0.57
cluster_5309,_23030_,1.4,0.57
cluster_5310,_23022_,1.4,0.76
cluster_5311,_23012_,1.4,0.57
cluster_5312,_23053_,1.4,0.76
cluster_5313,_23055_,1.4,0.76
cluster_5314,_23079_,1.4,0.95
cluster_5315,_23080_,1.4,1.14
cluster_5316,_23081_,1.4,1.14
cluster_5317,_23082_,1.4,0.57
cluster_5318,_23083_,1.4,0.76
cluster_5319,_23084_,1.4,0.76
cluster_5320,_23085_,1.4,0.76
cluster_5321,_23087_,1.4,0.76
cluster_5322,_23088_,1.4,0.76
cluster_5323,_23089_,1.4,1.33
cluster_5324,_23090_,1.4,0.76
cluster_5325,_23091_,1.4,0.76
cluster_5326,_23092_,1.4,1.14
cluster_5327,_23093_,1.4,0.57
cluster_5328,_23094_,1.4,0.76
cluster_5329,_23095_,1.4,0.57
cluster_5330,_23096_,1.4,1.14
cluster_5331,_23078_,1.4,0.57
cluster_5332,_23077_,1.4,0.76
cluster_5333,_23076_,1.4,1.14
cluster_5334,_23075_,1.4,0.95
cluster_5335,_23056_,1.4,0.76
cluster_5336,_23057_,1.4,1.33
cluster_5337,_23058_,1.4,0.57
cluster_5338,_23059_,1.4,0.95
cluster_5339,_23061_,1.4,1.14
cluster_5340,_23062_,1.4,0.57
cluster_5341,_23063_,1.4,0.38
cluster_5342,_23064_,1.4,0.57
cluster_5343,_23054_,1.4,1.14
cluster_5344,_23065_,1.4,0.76
cluster_5345,_23067_,1.4,0.76
cluster_5346,_23068_,1.4,1.33
cluster_5347,_23069_,1.4,0.76
cluster_5348,_23070_,1.4,0.76
cluster_5349,_23071_,1.4,0.76
cluster_5350,_23072_,1.4,1.33
cluster_5351,_23073_,1.4,0.95
cluster_5352,_23074_,1.4,1.33
cluster_5353,_23066_,1.4,0.76
cluster_5354,_23097_,1.4,0.95
cluster_5355,_23011_,1.4,0.95
cluster_5356,_23009_,1.4,0.95
cluster_5357,_22949_,1.4,0.57
cluster_5358,_22950_,1.4,0.76
cluster_5359,_22951_,1.4,0.95
cluster_5360,_22952_,1.4,0.76
cluster_5361,_22953_,1.4,0.76
cluster_5362,_22954_,1.4,0.38
cluster_5363,_22955_,1.4,1.14
cluster_5364,_22956_,1.4,0.95
cluster_5365,_22957_,1.4,0.76
cluster_5366,_22958_,1.4,1.14
cluster_5367,_22959_,1.4,0.76
cluster_5368,_22960_,1.4,0.76
cluster_5369,_22961_,1.4,0.76
cluster_5370,_22962_,1.4,0.95
cluster_5371,_22963_,1.4,0.57
cluster_5372,_22964_,1.4,1.14
cluster_5373,_22965_,1.4,0.76
cluster_5374,_22948_,1.4,0.76
cluster_5375,_22947_,1.4,0.76
cluster_5376,_22946_,1.4,0.76
cluster_5377,_22945_,1.4,0.57
cluster_5378,_22927_,1.4,0.95
cluster_5379,_22928_,1.4,0.76
cluster_5380,_22929_,1.4,0.76
cluster_5381,_22930_,1.4,0.76
cluster_5382,_22931_,1.4,0.76
cluster_5383,_22932_,1.4,0.76
cluster_5384,_22933_,1.4,0.76
cluster_5385,_22934_,1.4,0.76
cluster_5386,_22966_,1.4,0.57
cluster_5387,_22935_,1.4,0.76
cluster_5388,_22937_,1.4,1.33
cluster_5389,_22938_,1.4,0.76
cluster_5390,_22939_,1.4,1.14
cluster_5391,_22940_,1.4,0.76
cluster_5392,_22941_,1.4,1.14
cluster_5393,_22942_,1.4,0.57
cluster_5394,_22943_,1.4,1.52
cluster_5395,_22944_,1.4,0.57
cluster_5396,_22936_,1.4,0.76
cluster_5397,_23010_,1.4,1.14
cluster_5398,_22967_,1.4,0.57
cluster_5399,_22969_,1.4,0.57
cluster_5400,_22992_,1.4,0.95
cluster_5401,_22993_,1.4,1.14
cluster_5402,_22994_,1.4,0.76
cluster_5403,_22995_,1.4,0.95
cluster_5404,_22996_,1.4,0.76
cluster_5405,_22997_,1.4,0.76
cluster_5406,_22998_,1.4,0.76
cluster_5407,_22999_,1.4,0.57
cluster_5408,_23000_,1.4,0.57
cluster_5409,_23001_,1.4,0.57
cluster_5410,_23002_,1.4,1.14
cluster_5411,_23003_,1.4,0.76
cluster_5412,_23004_,1.4,0.76
cluster_5413,_23005_,1.4,0.57
cluster_5414,_23006_,1.4,0.76
cluster_5415,_23007_,1.4,0.57
cluster_5416,_23008_,1.4,1.14
cluster_5417,_22991_,1.4,0.76
cluster_5418,_22990_,1.4,0.76
cluster_5419,_22989_,1.4,0.95
cluster_5420,_22988_,1.4,1.33
cluster_5421,_22970_,1.4,1.14
cluster_5422,_22971_,1.4,0.76
cluster_5423,_22972_,1.4,0.76
cluster_5424,_22973_,1.4,0.57
cluster_5425,_22974_,1.4,0.76
cluster_5426,_22975_,1.4,1.14
cluster_5427,_22976_,1.4,0.76
cluster_5428,_22977_,1.4,0.57
cluster_5429,_22968_,1.4,0.95
cluster_5430,_22978_,1.4,1.14
cluster_5431,_22980_,1.4,0.95
cluster_5432,_22981_,1.4,0.76
cluster_5433,_22982_,1.4,0.57
cluster_5434,_22983_,1.4,1.14
cluster_5435,_22984_,1.4,1.71
cluster_5436,_22985_,1.4,1.33
cluster_5437,_22986_,1.4,0.76
cluster_5438,_22987_,1.4,0.76
cluster_5439,_22979_,1.4,0.76
cluster_5440,_22926_,1.4,0.57
cluster_5441,_23098_,1.4,0.76
cluster_5442,_23100_,1.4,0.76
cluster_5443,_23208_,1.4,0.76
cluster_5444,_23209_,1.4,0.57
cluster_5445,_23210_,1.4,1.14
cluster_5446,_23211_,1.4,0.57
cluster_5447,_23212_,1.4,0.76
cluster_5448,_23213_,1.4,0.76
cluster_5449,clone133,1.4,0.76
cluster_5450,_19753_,1.4,1.9
cluster_5451,_19146_,1.4,0.76
cluster_5452,_19115_,1.4,1.33
cluster_5453,_19093_,1.4,0.76
cluster_5454,_19092_,1.4,0.76
cluster_5455,_19066_,1.4,0.76
cluster_5456,clone173,1.4,0.57
cluster_5457,clone174,1.4,0.95
cluster_5458,_19015_,1.4,1.33
cluster_5459,_18367_,1.4,2.47
cluster_5460,_23207_,1.4,0.76
cluster_5461,_23206_,1.4,0.76
cluster_5462,_23205_,1.4,0.57
cluster_5463,_23204_,1.4,0.76
cluster_5464,_23187_,1.4,1.14
cluster_5465,_23188_,1.4,0.95
cluster_5466,_23189_,1.4,1.14
cluster_5467,_23190_,1.4,1.33
cluster_5468,_23191_,1.4,1.33
cluster_5469,_23192_,1.4,0.76
cluster_5470,_23193_,1.4,1.33
cluster_5471,_23194_,1.4,0.57
cluster_5472,_18300_,1.4,2.47
cluster_5473,_23195_,1.4,0.57
cluster_5474,_23197_,1.4,0.76
cluster_5475,_23198_,1.4,0.57
cluster_5476,_19825_,1.4,1.9
cluster_5477,_23199_,1.4,1.33
cluster_5478,_23200_,1.4,1.52
cluster_5479,_23201_,1.4,0.76
cluster_5480,_23202_,1.4,1.14
cluster_5481,_23203_,1.4,1.14
cluster_5482,_23196_,1.4,0.76
cluster_5483,_23186_,1.4,0.76
cluster_5484,_18299_,1.4,2.47
cluster_5485,_29696_,1.4,1.9
cluster_5486,clone176,1.4,0.76
cluster_5487,clone177,1.4,0.76
cluster_5488,clone178,1.4,0.76
cluster_5489,_29454_,1.4,1.33
cluster_5490,input201,1.4,0.57
cluster_5491,input204,1.4,0.57
cluster_5492,input205,1.4,0.57
cluster_5493,input206,1.4,0.57
cluster_5494,input207,1.4,0.57
cluster_5495,input208,1.4,0.57
cluster_5496,_29453_,1.4,1.33
cluster_5497,_29452_,1.4,1.33
cluster_5498,_29451_,1.4,1.33
cluster_5499,_29450_,1.4,1.33
cluster_5500,_29449_,1.4,2.47
cluster_5501,_29446_,1.4,1.33
cluster_5502,_29282_,1.4,1.14
cluster_5503,clone175,1.4,0.76
cluster_5504,text_out[83]$_DFF_P_,1.4,3.23
cluster_5505,text_in_r[55]$_DFFE_PP_,1.4,3.23
cluster_5506,text_in_r[54]$_DFFE_PP_,1.4,3.23
cluster_5507,_29695_,1.4,1.9
cluster_5508,_29694_,1.4,1.9
cluster_5509,_29693_,1.4,1.9
cluster_5510,_29692_,1.4,1.9
cluster_5511,_29691_,1.4,1.9
cluster_5512,_29690_,1.4,1.9
cluster_5513,_29689_,1.4,1.9
cluster_5514,_29688_,1.4,1.9
cluster_5515,_18298_,1.4,0.95
cluster_5516,_29687_,1.4,1.9
cluster_5517,_29685_,1.4,1.9
cluster_5518,_29684_,1.4,1.9
cluster_5519,_22570_,1.4,1.71
cluster_5520,output368,1.4,0.57
cluster_5521,text_in_r[49]$_DFFE_PP_,1.4,3.23
cluster_5522,text_in_r[51]$_DFFE_PP_,1.4,3.23
cluster_5523,text_in_r[52]$_DFFE_PP_,1.4,3.23
cluster_5524,text_in_r[53]$_DFFE_PP_,1.4,3.23
cluster_5525,_29686_,1.4,1.9
cluster_5526,_23099_,1.4,0.76
cluster_5527,_23185_,1.4,0.76
cluster_5528,_23183_,1.4,1.14
cluster_5529,_23123_,1.4,1.14
cluster_5530,_23124_,1.4,0.95
cluster_5531,_23125_,1.4,1.14
cluster_5532,_23126_,1.4,0.76
cluster_5533,_23127_,1.4,0.76
cluster_5534,_23128_,1.4,0.76
cluster_5535,_23129_,1.4,1.14
cluster_5536,_23130_,1.4,1.14
cluster_5537,_23131_,1.4,1.14
cluster_5538,_23132_,1.4,0.57
cluster_5539,_23133_,1.4,0.76
cluster_5540,_23134_,1.4,0.76
cluster_5541,_23135_,1.4,0.76
cluster_5542,_23136_,1.4,0.76
cluster_5543,_23137_,1.4,1.14
cluster_5544,_23138_,1.4,0.76
cluster_5545,_23139_,1.4,0.57
cluster_5546,_23122_,1.4,0.57
cluster_5547,_23121_,1.4,1.14
cluster_5548,_23120_,1.4,0.95
cluster_5549,_23119_,1.4,0.76
cluster_5550,_23101_,1.4,0.95
cluster_5551,_23102_,1.4,1.14
cluster_5552,_23103_,1.4,0.95
cluster_5553,_23104_,1.4,0.76
cluster_5554,_23105_,1.4,0.95
cluster_5555,_23106_,1.4,0.57
cluster_5556,_23107_,1.4,1.33
cluster_5557,_23108_,1.4,1.33
cluster_5558,_23140_,1.4,1.33
cluster_5559,_23109_,1.4,1.14
cluster_5560,_23111_,1.4,1.14
cluster_5561,_23112_,1.4,0.57
cluster_5562,_23113_,1.4,0.57
cluster_5563,_23114_,1.4,0.57
cluster_5564,_23115_,1.4,1.14
cluster_5565,_23116_,1.4,1.14
cluster_5566,_23117_,1.4,0.57
cluster_5567,_23118_,1.4,0.76
cluster_5568,_23110_,1.4,0.76
cluster_5569,_23184_,1.4,0.95
cluster_5570,_23141_,1.4,1.71
cluster_5571,_23143_,1.4,0.76
cluster_5572,_23166_,1.4,1.71
cluster_5573,_23167_,1.4,0.95
cluster_5574,_23168_,1.4,0.95
cluster_5575,_23169_,1.4,0.76
cluster_5576,_23170_,1.4,1.33
cluster_5577,_23171_,1.4,1.14
cluster_5578,_23172_,1.4,0.76
cluster_5579,_23173_,1.4,0.95
cluster_5580,_23174_,1.4,0.76
cluster_5581,_23175_,1.4,0.76
cluster_5582,_23176_,1.4,0.76
cluster_5583,_23177_,1.4,0.76
cluster_5584,_23178_,1.4,0.57
cluster_5585,_23179_,1.4,1.33
cluster_5586,_23180_,1.4,1.14
cluster_5587,_23181_,1.4,0.76
cluster_5588,_23182_,1.4,1.71
cluster_5589,_23165_,1.4,0.95
cluster_5590,_23164_,1.4,1.14
cluster_5591,_23163_,1.4,1.14
cluster_5592,_23162_,1.4,0.76
cluster_5593,_23144_,1.4,0.76
cluster_5594,_23145_,1.4,0.76
cluster_5595,_23146_,1.4,1.14
cluster_5596,_23147_,1.4,0.76
cluster_5597,_23148_,1.4,0.76
cluster_5598,_23149_,1.4,0.76
cluster_5599,_23150_,1.4,0.76
cluster_5600,_23151_,1.4,1.14
cluster_5601,_23142_,1.4,0.76
cluster_5602,_23152_,1.4,0.76
cluster_5603,_23154_,1.4,1.14
cluster_5604,_23155_,1.4,0.76
cluster_5605,_23156_,1.4,0.76
cluster_5606,_23157_,1.4,1.14
cluster_5607,_23158_,1.4,0.95
cluster_5608,_23159_,1.4,0.76
cluster_5609,_23160_,1.4,0.76
cluster_5610,_23161_,1.4,0.76
cluster_5611,_23153_,1.4,0.76
cluster_5612,_22925_,1.4,0.57
cluster_5613,_23086_,1.4,0.76
cluster_5614,_22923_,1.4,0.57
cluster_5615,_22690_,1.4,1.33
cluster_5616,_22691_,1.4,1.14
cluster_5617,_22692_,1.4,2.47
cluster_5618,_22693_,1.4,2.47
cluster_5619,_22694_,1.4,2.66
cluster_5620,_22696_,1.4,0.76
cluster_5621,_22697_,1.4,0.57
cluster_5622,_22698_,1.4,1.14
cluster_5623,_22699_,1.4,0.76
cluster_5624,_22700_,1.4,1.9
cluster_5625,_22701_,1.4,0.95
cluster_5626,_22702_,1.4,0.57
cluster_5627,_22703_,1.4,0.57
cluster_5628,_22704_,1.4,1.33
cluster_5629,_22705_,1.4,1.33
cluster_5630,_22706_,1.4,1.33
cluster_5631,_22707_,1.4,0.95
cluster_5632,_22688_,1.4,1.33
cluster_5633,_22687_,1.4,0.76
cluster_5634,_22686_,1.4,1.33
cluster_5635,_22685_,1.4,1.33
cluster_5636,_22667_,1.4,0.76
cluster_5637,_22668_,1.4,1.14
cluster_5638,_22669_,1.4,1.14
cluster_5639,_22670_,1.4,1.14
cluster_5640,_22671_,1.4,1.14
cluster_5641,_22672_,1.4,1.71
cluster_5642,_22673_,1.4,1.14
cluster_5643,_22674_,1.4,2.47
cluster_5644,_22708_,1.4,0.76
cluster_5645,_22675_,1.4,1.33
cluster_5646,_22677_,1.4,2.47
cluster_5647,_22678_,1.4,1.71
cluster_5648,_22679_,1.4,0.95
cluster_5649,_22680_,1.4,0.57
cluster_5650,_22681_,1.4,1.33
cluster_5651,_22682_,1.4,1.33
cluster_5652,_22683_,1.4,1.33
cluster_5653,_22684_,1.4,0.76
cluster_5654,_22676_,1.4,1.71
cluster_5655,_22666_,1.4,1.33
cluster_5656,_22709_,1.4,0.95
cluster_5657,_22711_,1.4,1.33
cluster_5658,_22734_,1.4,0.57
cluster_5659,_22735_,1.4,0.95
cluster_5660,_22736_,1.4,1.33
cluster_5661,_22737_,1.4,1.14
cluster_5662,_22738_,1.4,1.14
cluster_5663,_22739_,1.4,1.33
cluster_5664,_22740_,1.4,1.33
cluster_5665,_22741_,1.4,1.33
cluster_5666,_22742_,1.4,0.57
cluster_5667,_22743_,1.4,0.95
cluster_5668,_22744_,1.4,0.76
cluster_5669,_22745_,1.4,1.71
cluster_5670,_22746_,1.4,0.57
cluster_5671,_22747_,1.4,0.76
cluster_5672,_22748_,1.4,1.33
cluster_5673,_22749_,1.4,1.33
cluster_5674,_22750_,1.4,0.57
cluster_5675,_22733_,1.4,0.95
cluster_5676,_22732_,1.4,0.76
cluster_5677,_22731_,1.4,1.33
cluster_5678,_22730_,1.4,1.33
cluster_5679,_22712_,1.4,0.57
cluster_5680,_22713_,1.4,0.76
cluster_5681,_22714_,1.4,1.33
cluster_5682,_22715_,1.4,1.33
cluster_5683,_22716_,1.4,2.66
cluster_5684,_22717_,1.4,0.95
cluster_5685,_22718_,1.4,0.57
cluster_5686,_22719_,1.4,0.76
cluster_5687,_22710_,1.4,1.33
cluster_5688,_22720_,1.4,0.57
cluster_5689,_22722_,1.4,1.33
cluster_5690,_22723_,1.4,1.33
cluster_5691,_22724_,1.4,1.33
cluster_5692,_22725_,1.4,1.33
cluster_5693,_22726_,1.4,0.76
cluster_5694,_22727_,1.4,1.33
cluster_5695,_22728_,1.4,0.57
cluster_5696,_22729_,1.4,0.76
cluster_5697,_22721_,1.4,0.95
cluster_5698,_22751_,1.4,0.57
cluster_5699,_22665_,1.4,2.47
cluster_5700,_22663_,1.4,2.47
cluster_5701,_22599_,1.4,1.33
cluster_5702,_22924_,1.4,0.76
cluster_5703,_22602_,1.4,1.14
cluster_5704,_22603_,1.4,1.14
cluster_5705,_22604_,1.4,1.71
cluster_5706,_22605_,1.4,1.9
cluster_5707,_22607_,1.4,1.14
cluster_5708,_22608_,1.4,1.14
cluster_5709,_22609_,1.4,1.14
cluster_5710,_22610_,1.4,1.71
cluster_5711,_22611_,1.4,1.71
cluster_5712,_22612_,1.4,1.33
cluster_5713,_22613_,1.4,0.95
cluster_5714,_22614_,1.4,1.33
cluster_5715,_22615_,1.4,1.33
cluster_5716,clone141,1.4,0.76
cluster_5717,_22617_,1.4,1.33
cluster_5718,_22598_,1.4,1.33
cluster_5719,_22597_,1.4,1.33
cluster_5720,_22596_,1.4,2.47
cluster_5721,_22595_,1.4,2.47
cluster_5722,_22573_,1.4,1.14
cluster_5723,_22574_,1.4,1.14
cluster_5724,_22575_,1.4,0.76
cluster_5725,_22576_,1.4,0.57
cluster_5726,_22577_,1.4,0.57
cluster_5727,_22578_,1.4,0.76
cluster_5728,_22580_,1.4,1.14
cluster_5729,_22581_,1.4,0.57
cluster_5730,_22618_,1.4,0.57
cluster_5731,_22582_,1.4,0.76
cluster_5732,_22587_,1.4,2.66
cluster_5733,_22588_,1.4,0.95
cluster_5734,_22589_,1.4,2.47
cluster_5735,_22590_,1.4,1.33
cluster_5736,_22591_,1.4,1.33
cluster_5737,_22592_,1.4,1.33
cluster_5738,_22593_,1.4,2.47
cluster_5739,_22594_,1.4,2.47
cluster_5740,_22583_,1.4,0.76
cluster_5741,_22664_,1.4,2.47
cluster_5742,_22619_,1.4,0.57
cluster_5743,_22621_,1.4,1.14
cluster_5744,_22646_,1.4,1.14
cluster_5745,_22647_,1.4,1.14
cluster_5746,_22648_,1.4,1.14
cluster_5747,_22649_,1.4,1.71
cluster_5748,_22650_,1.4,1.9
cluster_5749,_22651_,1.4,2.47
cluster_5750,_22652_,1.4,1.33
cluster_5751,_22653_,1.4,1.33
cluster_5752,_22654_,1.4,1.33
cluster_5753,_22655_,1.4,2.47
cluster_5754,_22656_,1.4,0.57
cluster_5755,_22657_,1.4,0.57
cluster_5756,_22658_,1.4,1.71
cluster_5757,_22659_,1.4,2.47
cluster_5758,_22660_,1.4,2.47
cluster_5759,_22661_,1.4,0.76
cluster_5760,_22662_,1.4,1.14
cluster_5761,_22643_,1.4,0.76
cluster_5762,_22642_,1.4,0.57
cluster_5763,_22641_,1.4,2.47
cluster_5764,_22640_,1.4,1.71
cluster_5765,_22622_,1.4,1.14
cluster_5766,_22623_,1.4,1.14
cluster_5767,_22624_,1.4,1.14
cluster_5768,_22625_,1.4,1.71
cluster_5769,_22626_,1.4,2.47
cluster_5770,_22627_,1.4,2.09
cluster_5771,_22628_,1.4,1.33
cluster_5772,_22629_,1.4,1.71
cluster_5773,_22620_,1.4,0.57
cluster_5774,_22630_,1.4,2.47
cluster_5775,_22632_,1.4,1.33
cluster_5776,_22633_,1.4,1.33
cluster_5777,_22634_,1.4,1.33
cluster_5778,_22635_,1.4,0.95
cluster_5779,_22636_,1.4,0.57
cluster_5780,_22637_,1.4,0.57
cluster_5781,_22638_,1.4,1.71
cluster_5782,_22639_,1.4,2.47
cluster_5783,_22631_,1.4,0.57
cluster_5784,_22752_,1.4,1.14
cluster_5785,_22600_,1.4,2.47
cluster_5786,_22754_,1.4,1.71
cluster_5787,_22863_,1.4,0.76
cluster_5788,_22864_,1.4,0.57
cluster_5789,_22865_,1.4,0.95
cluster_5790,_22866_,1.4,0.76
cluster_5791,_22867_,1.4,0.76
cluster_5792,_22868_,1.4,0.57
cluster_5793,_22869_,1.4,0.57
cluster_5794,_22870_,1.4,1.33
cluster_5795,_22871_,1.4,0.76
cluster_5796,_22872_,1.4,1.33
cluster_5797,_22873_,1.4,0.95
cluster_5798,_22874_,1.4,0.76
cluster_5799,_22875_,1.4,1.33
cluster_5800,_22876_,1.4,1.71
cluster_5801,_22877_,1.4,0.76
cluster_5802,_22878_,1.4,0.38
cluster_5803,_22879_,1.4,1.14
cluster_5804,_22862_,1.4,0.76
cluster_5805,_22861_,1.4,0.76
cluster_5806,_22860_,1.4,2.66
cluster_5807,_22859_,1.4,0.76
cluster_5808,_22841_,1.4,1.33
cluster_5809,_22842_,1.4,1.33
cluster_5810,_22843_,1.4,1.33
cluster_5811,_22844_,1.4,0.76
cluster_5812,_22845_,1.4,0.57
cluster_5813,_22846_,1.4,0.76
cluster_5814,_22847_,1.4,0.57
cluster_5815,_22848_,1.4,0.57
cluster_5816,_22880_,1.4,0.76
cluster_5817,_22849_,1.4,0.76
cluster_5818,_22851_,1.4,1.14
cluster_5819,_22852_,1.4,0.95
cluster_5820,_22853_,1.4,2.47
cluster_5821,_22854_,1.4,0.76
cluster_5822,_22855_,1.4,0.76
cluster_5823,_22856_,1.4,0.57
cluster_5824,_22857_,1.4,0.76
cluster_5825,_22858_,1.4,0.57
cluster_5826,_22850_,1.4,0.76
cluster_5827,_22840_,1.4,0.76
cluster_5828,_22881_,1.4,0.95
cluster_5829,_22883_,1.4,0.76
cluster_5830,_22907_,1.4,0.95
cluster_5831,_22908_,1.4,0.76
cluster_5832,_22909_,1.4,0.57
cluster_5833,_22910_,1.4,2.47
cluster_5834,_22911_,1.4,0.76
cluster_5835,_22912_,1.4,0.76
cluster_5836,_22913_,1.4,0.76
cluster_5837,_22914_,1.4,0.76
cluster_5838,_22915_,1.4,0.76
cluster_5839,_22916_,1.4,0.76
cluster_5840,_22917_,1.4,0.76
cluster_5841,_22918_,1.4,0.76
cluster_5842,_22919_,1.4,1.33
cluster_5843,_22920_,1.4,0.95
cluster_5844,_22921_,1.4,0.57
cluster_5845,_22922_,1.4,0.95
cluster_5846,_22753_,1.4,0.76
cluster_5847,_22906_,1.4,0.76
cluster_5848,_22905_,1.4,0.76
cluster_5849,_22903_,1.4,1.14
cluster_5850,_22902_,1.4,1.14
cluster_5851,_22884_,1.4,0.76
cluster_5852,_22885_,1.4,0.76
cluster_5853,_22886_,1.4,2.47
cluster_5854,_22887_,1.4,0.95
cluster_5855,_22888_,1.4,0.76
cluster_5856,_22889_,1.4,0.95
cluster_5857,_22890_,1.4,1.14
cluster_5858,_22891_,1.4,0.76
cluster_5859,_22882_,1.4,0.57
cluster_5860,_22892_,1.4,0.57
cluster_5861,_22894_,1.4,0.57
cluster_5862,_22895_,1.4,1.33
cluster_5863,_22896_,1.4,0.76
cluster_5864,_22897_,1.4,0.57
cluster_5865,_22898_,1.4,1.14
cluster_5866,_22899_,1.4,0.76
cluster_5867,_22900_,1.4,0.57
cluster_5868,_22901_,1.4,0.76
cluster_5869,_22893_,1.4,0.76
cluster_5870,_22839_,1.4,0.95
cluster_5871,_22904_,1.4,0.76
cluster_5872,_22837_,1.4,0.76
cluster_5873,_22777_,1.4,0.57
cluster_5874,_22778_,1.4,0.57
cluster_5875,_22779_,1.4,0.76
cluster_5876,_22780_,1.4,0.76
cluster_5877,_22781_,1.4,0.95
cluster_5878,_22782_,1.4,0.95
cluster_5879,_22783_,1.4,1.33
cluster_5880,_22784_,1.4,0.76
cluster_5881,_22785_,1.4,0.95
cluster_5882,_22786_,1.4,0.57
cluster_5883,_22787_,1.4,0.57
cluster_5884,_22788_,1.4,0.57
cluster_5885,_22789_,1.4,0.57
cluster_5886,_22790_,1.4,0.57
cluster_5887,_22791_,1.4,1.71
cluster_5888,_22792_,1.4,2.47
cluster_5889,_22793_,1.4,0.57
cluster_5890,_22776_,1.4,2.47
cluster_5891,_22775_,1.4,0.76
cluster_5892,_22774_,1.4,0.95
cluster_5893,_22773_,1.4,0.95
cluster_5894,_22755_,1.4,1.33
cluster_5895,_22756_,1.4,1.33
cluster_5896,_22838_,1.4,0.76
cluster_5897,_22757_,1.4,0.57
cluster_5898,_22758_,1.4,2.47
cluster_5899,_22759_,1.4,1.33
cluster_5900,_22760_,1.4,2.47
cluster_5901,_22761_,1.4,0.57
cluster_5902,_22794_,1.4,1.33
cluster_5903,_22762_,1.4,0.95
cluster_5904,_22764_,1.4,1.14
cluster_5905,_22765_,1.4,0.76
cluster_5906,_22766_,1.4,0.76
cluster_5907,_22767_,1.4,0.57
cluster_5908,_22768_,1.4,0.95
cluster_5909,_22769_,1.4,0.76
cluster_5910,_22771_,1.4,0.95
cluster_5911,_22772_,1.4,0.76
cluster_5912,_22763_,1.4,1.14
cluster_5913,_22795_,1.4,0.57
cluster_5914,_22770_,1.4,1.33
cluster_5915,_22797_,1.4,1.14
cluster_5916,_22814_,1.4,0.38
cluster_5917,_22815_,1.4,0.57
cluster_5918,_22816_,1.4,1.33
cluster_5919,_22817_,1.4,0.76
cluster_5920,_22818_,1.4,0.76
cluster_5921,_22819_,1.4,1.71
cluster_5922,_22820_,1.4,0.76
cluster_5923,_22821_,1.4,1.33
cluster_5924,_22822_,1.4,2.66
cluster_5925,_22823_,1.4,0.76
cluster_5926,_22813_,1.4,0.76
cluster_5927,_22824_,1.4,1.14
cluster_5928,_22826_,1.4,1.71
cluster_5929,_22827_,1.4,0.95
cluster_5930,_22828_,1.4,0.95
cluster_5931,_22829_,1.4,0.76
cluster_5932,_22830_,1.4,1.14
cluster_5933,_22831_,1.4,1.14
cluster_5934,_22835_,1.4,0.57
cluster_5935,_22796_,1.4,1.33
cluster_5936,_22832_,1.4,0.76
cluster_5937,_22833_,1.4,0.57
cluster_5938,_22825_,1.4,0.76
cluster_5939,_22812_,1.4,1.14
cluster_5940,_22834_,1.4,0.95
cluster_5941,_22806_,1.4,0.76
cluster_5942,_22804_,1.4,2.47
cluster_5943,_22805_,1.4,0.76
cluster_5944,_22802_,1.4,1.33
cluster_5945,_22807_,1.4,0.95
cluster_5946,_22808_,1.4,0.38
cluster_5947,_22801_,1.4,0.76
cluster_5948,_22809_,1.4,0.76
cluster_5949,_22810_,1.4,1.33
cluster_5950,_22800_,1.4,1.33
cluster_5951,_22799_,1.4,0.95
cluster_5952,_22798_,1.4,1.52
cluster_5953,_22811_,1.4,0.76
cluster_5954,_22836_,1.4,0.76
cluster_5955,_22803_,1.4,0.76
cluster_5956,_22110_,1.4,0.76
cluster_5957,_22111_,1.4,0.57
cluster_5958,_22112_,1.4,0.95
cluster_5959,_22113_,1.4,1.33
cluster_5960,_22114_,1.4,1.33
cluster_5961,_22127_,1.4,1.33
cluster_5962,_22137_,1.4,1.33
cluster_5963,_22109_,1.4,0.57
cluster_5964,_22108_,1.4,0.95
cluster_5965,_22107_,1.4,0.76
cluster_5966,_22106_,1.4,0.57
cluster_5967,_22105_,1.4,0.95
cluster_5968,_22104_,1.4,2.47
cluster_5969,_22103_,1.4,0.95
cluster_5970,_22102_,1.4,0.57
cluster_5971,_22115_,1.4,2.47
cluster_5972,_22136_,1.4,0.76
cluster_5973,_22122_,1.4,1.33
cluster_5974,_22117_,1.4,0.76
cluster_5975,_22126_,1.4,0.57
cluster_5976,_22129_,1.4,0.76
cluster_5977,_22130_,1.4,0.76
cluster_5978,_22131_,1.4,0.76
cluster_5979,_22132_,1.4,0.76
cluster_5980,_22133_,1.4,0.76
cluster_5981,_22134_,1.4,1.33
cluster_5982,_22116_,1.4,0.76
cluster_5983,_22125_,1.4,1.33
cluster_5984,_22123_,1.4,0.57
cluster_5985,_22128_,1.4,1.14
cluster_5986,_22121_,1.4,0.95
cluster_5987,_22120_,1.4,1.71
cluster_5988,_22135_,1.4,0.76
cluster_5989,_22119_,1.4,0.76
cluster_5990,_22118_,1.4,1.14
cluster_5991,_22101_,1.4,0.95
cluster_5992,_22124_,1.4,0.57
cluster_5993,_22084_,1.4,0.57
cluster_5994,_22099_,1.4,0.95
cluster_5995,_22076_,1.4,1.14
cluster_5996,_22075_,1.4,1.33
cluster_5997,_22138_,1.4,0.76
cluster_5998,_22074_,1.4,0.38
cluster_5999,_22073_,1.4,0.57
cluster_6000,_22072_,1.4,2.47
cluster_6001,_22071_,1.4,0.95
cluster_6002,_22070_,1.4,0.57
cluster_6003,_22069_,1.4,1.33
cluster_6004,_22068_,1.4,1.14
cluster_6005,_22067_,1.4,2.47
cluster_6006,_22066_,1.4,1.33
cluster_6007,_22065_,1.4,1.33
cluster_6008,_22064_,1.4,0.95
cluster_6009,_22063_,1.4,0.95
cluster_6010,_22062_,1.4,0.95
cluster_6011,_22061_,1.4,1.14
cluster_6012,_22077_,1.4,0.76
cluster_6013,_22100_,1.4,0.57
cluster_6014,_22078_,1.4,0.76
cluster_6015,_22080_,1.4,1.33
cluster_6016,_22098_,1.4,0.76
cluster_6017,_22097_,1.4,1.33
cluster_6018,_22096_,1.4,1.33
cluster_6019,_22095_,1.4,0.76
cluster_6020,_22094_,1.4,1.14
cluster_6021,_22093_,1.4,1.33
cluster_6022,_22092_,1.4,0.76
cluster_6023,_22091_,1.4,0.76
cluster_6024,_22090_,1.4,1.33
cluster_6025,_22089_,1.4,1.33
cluster_6026,_22088_,1.4,2.47
cluster_6027,_22087_,1.4,0.76
cluster_6028,_22086_,1.4,0.95
cluster_6029,_22085_,1.4,0.57
cluster_6030,_22083_,1.4,1.33
cluster_6031,_22082_,1.4,1.33
cluster_6032,_22081_,1.4,0.57
cluster_6033,_22079_,1.4,1.33
cluster_6034,_22139_,1.4,0.76
cluster_6035,_22179_,1.4,0.57
cluster_6036,_22141_,1.4,1.33
cluster_6037,_22199_,1.4,1.33
cluster_6038,_22198_,1.4,1.33
cluster_6039,_22197_,1.4,0.57
cluster_6040,_22196_,1.4,0.95
cluster_6041,_22195_,1.4,0.76
cluster_6042,_22194_,1.4,1.14
cluster_6043,_22193_,1.4,0.57
cluster_6044,_22200_,1.4,0.95
cluster_6045,_22192_,1.4,1.33
cluster_6046,_22190_,1.4,0.76
cluster_6047,_22189_,1.4,1.14
cluster_6048,_22188_,1.4,1.14
cluster_6049,_22187_,1.4,0.76
cluster_6050,_22186_,1.4,1.14
cluster_6051,_22185_,1.4,0.95
cluster_6052,_22184_,1.4,0.95
cluster_6053,_22191_,1.4,1.14
cluster_6054,_22183_,1.4,0.76
cluster_6055,_22201_,1.4,0.76
cluster_6056,_22203_,1.4,0.95
cluster_6057,_22217_,1.4,1.71
cluster_6058,_22216_,1.4,1.71
cluster_6059,_22215_,1.4,0.76
cluster_6060,_22214_,1.4,1.14
cluster_6061,_22213_,1.4,0.57
cluster_6062,_22212_,1.4,1.33
cluster_6063,_22211_,1.4,0.57
cluster_6064,_22202_,1.4,0.38
cluster_6065,_22210_,1.4,1.14
cluster_6066,_22208_,1.4,1.71
cluster_6067,_22207_,1.4,0.76
cluster_6068,_22206_,1.4,0.76
cluster_6069,_22205_,1.4,1.14
cluster_6070,_22060_,1.4,0.76
cluster_6071,_22218_,1.4,0.76
cluster_6072,_22204_,1.4,0.76
cluster_6073,_22209_,1.4,0.57
cluster_6074,_22182_,1.4,0.95
cluster_6075,_22181_,1.4,1.14
cluster_6076,_22180_,1.4,0.76
cluster_6077,_22157_,1.4,0.76
cluster_6078,_22156_,1.4,0.57
cluster_6079,_22155_,1.4,0.57
cluster_6080,_22154_,1.4,0.95
cluster_6081,_22153_,1.4,0.76
cluster_6082,_22152_,1.4,0.76
cluster_6083,_22151_,1.4,1.33
cluster_6084,_22158_,1.4,0.57
cluster_6085,_22150_,1.4,0.76
cluster_6086,_22148_,1.4,0.95
cluster_6087,_22147_,1.4,0.76
cluster_6088,_22146_,1.4,1.33
cluster_6089,_22145_,1.4,0.95
cluster_6090,_22144_,1.4,0.76
cluster_6091,_22143_,1.4,1.14
cluster_6092,_22142_,1.4,0.76
cluster_6093,_22149_,1.4,0.76
cluster_6094,_22159_,1.4,0.57
cluster_6095,_22160_,1.4,0.57
cluster_6096,_22161_,1.4,1.33
cluster_6097,_22178_,1.4,0.76
cluster_6098,_22177_,1.4,0.76
cluster_6099,_22176_,1.4,1.14
cluster_6100,_22175_,1.4,0.57
cluster_6101,_22174_,1.4,1.33
cluster_6102,_22173_,1.4,0.95
cluster_6103,_22172_,1.4,1.14
cluster_6104,_22171_,1.4,0.76
cluster_6105,_22170_,1.4,0.57
cluster_6106,_22169_,1.4,0.76
cluster_6107,_22168_,1.4,0.76
cluster_6108,_22167_,1.4,1.33
cluster_6109,_22166_,1.4,0.76
cluster_6110,_22165_,1.4,0.57
cluster_6111,_22164_,1.4,0.57
cluster_6112,_22163_,1.4,0.57
cluster_6113,_22162_,1.4,0.76
cluster_6114,_22140_,1.4,1.33
cluster_6115,_22059_,1.4,1.33
cluster_6116,_21969_,1.4,1.33
cluster_6117,_22057_,1.4,0.57
cluster_6118,_21949_,1.4,1.71
cluster_6119,_21947_,1.4,0.57
cluster_6120,_21946_,1.4,0.57
cluster_6121,_21945_,1.4,1.33
cluster_6122,_21944_,1.4,1.71
cluster_6123,_21943_,1.4,1.71
cluster_6124,_21942_,1.4,1.14
cluster_6125,_21950_,1.4,0.76
cluster_6126,_21941_,1.4,1.14
cluster_6127,_21939_,1.4,1.14
cluster_6128,_21938_,1.4,1.14
cluster_6129,_21937_,1.4,0.76
cluster_6130,_21936_,1.4,0.57
cluster_6131,_21935_,1.4,1.71
cluster_6132,_21934_,1.4,1.71
cluster_6133,_21933_,1.4,1.33
cluster_6134,_21940_,1.4,1.14
cluster_6135,_21932_,1.4,0.95
cluster_6136,_21951_,1.4,0.57
cluster_6137,_21953_,1.4,2.47
cluster_6138,_21970_,1.4,1.33
cluster_6139,_21968_,1.4,1.33
cluster_6140,_21967_,1.4,1.33
cluster_6141,_21966_,1.4,2.47
cluster_6142,_21965_,1.4,2.47
cluster_6143,_21964_,1.4,2.47
cluster_6144,_21963_,1.4,0.95
cluster_6145,_21952_,1.4,1.71
cluster_6146,_21962_,1.4,1.33
cluster_6147,_21960_,1.4,2.47
cluster_6148,_21959_,1.4,2.47
cluster_6149,_21958_,1.4,1.14
cluster_6150,_21957_,1.4,1.33
cluster_6151,_21956_,1.4,1.33
cluster_6152,_21955_,1.4,1.33
cluster_6153,_21954_,1.4,1.71
cluster_6154,_21961_,1.4,1.33
cluster_6155,_21931_,1.4,1.33
cluster_6156,_21930_,1.4,1.33
cluster_6157,_21929_,1.4,1.33
cluster_6158,_21905_,1.4,2.47
cluster_6159,_21904_,1.4,0.95
cluster_6160,_29482_,1.4,2.47
cluster_6161,_29485_,1.4,1.33
cluster_6162,_29486_,1.4,1.33
cluster_6163,_29488_,1.4,1.33
cluster_6164,_29489_,1.4,1.33
cluster_6165,_21906_,1.4,2.47
cluster_6166,_29490_,1.4,1.33
cluster_6167,_21888_,1.4,2.47
cluster_6168,_21886_,1.4,1.71
cluster_6169,_21885_,1.4,2.09
cluster_6170,_29492_,1.4,1.33
cluster_6171,_21884_,1.4,0.76
cluster_6172,_21883_,1.4,0.57
cluster_6173,_22219_,1.4,0.95
cluster_6174,_29491_,1.4,1.33
cluster_6175,_21907_,1.4,1.33
cluster_6176,_21908_,1.4,2.47
cluster_6177,_21909_,1.4,2.47
cluster_6178,_21928_,1.4,0.76
cluster_6179,_21927_,1.4,2.47
cluster_6180,_21926_,1.4,0.57
cluster_6181,_21925_,1.4,0.76
cluster_6182,_21924_,1.4,1.71
cluster_6183,_21923_,1.4,1.14
cluster_6184,_21922_,1.4,1.14
cluster_6185,_21921_,1.4,1.14
cluster_6186,_21918_,1.4,0.57
cluster_6187,_21917_,1.4,0.57
cluster_6188,_21916_,1.4,0.38
cluster_6189,_21915_,1.4,2.47
cluster_6190,_21914_,1.4,2.47
cluster_6191,_21913_,1.4,1.33
cluster_6192,_21912_,1.4,2.47
cluster_6193,_21911_,1.4,2.47
cluster_6194,_21910_,1.4,1.33
cluster_6195,_21971_,1.4,2.66
cluster_6196,_22058_,1.4,0.95
cluster_6197,_21972_,1.4,1.33
cluster_6198,_21974_,1.4,0.76
cluster_6199,_22036_,1.4,1.14
cluster_6200,_22035_,1.4,1.33
cluster_6201,_22034_,1.4,0.76
cluster_6202,_22033_,1.4,0.76
cluster_6203,_22032_,1.4,2.66
cluster_6204,_22031_,1.4,1.33
cluster_6205,_22030_,1.4,1.33
cluster_6206,_22037_,1.4,0.95
cluster_6207,_22029_,1.4,1.71
cluster_6208,_22027_,1.4,0.95
cluster_6209,_22026_,1.4,1.33
cluster_6210,_22025_,1.4,1.33
cluster_6211,_22024_,1.4,1.33
cluster_6212,_22023_,1.4,1.33
cluster_6213,_22022_,1.4,1.71
cluster_6214,_22021_,1.4,1.14
cluster_6215,_22028_,1.4,1.9
cluster_6216,_22020_,1.4,2.47
cluster_6217,_22038_,1.4,0.57
cluster_6218,_22040_,1.4,1.33
cluster_6219,_22056_,1.4,0.76
cluster_6220,_22055_,1.4,1.71
cluster_6221,_22054_,1.4,0.76
cluster_6222,_22053_,1.4,1.33
cluster_6223,_22052_,1.4,1.33
cluster_6224,_22051_,1.4,1.33
cluster_6225,_22050_,1.4,1.33
cluster_6226,_22039_,1.4,1.33
cluster_6227,_22049_,1.4,0.76
cluster_6228,_22047_,1.4,2.66
cluster_6229,_22046_,1.4,1.33
cluster_6230,_22045_,1.4,1.33
cluster_6231,_22044_,1.4,0.57
cluster_6232,_22043_,1.4,1.33
cluster_6233,_22042_,1.4,1.14
cluster_6234,_22041_,1.4,0.76
cluster_6235,_22048_,1.4,2.47
cluster_6236,_22019_,1.4,2.47
cluster_6237,_22018_,1.4,2.47
cluster_6238,_22016_,1.4,0.95
cluster_6239,_21993_,1.4,1.14
cluster_6240,_21992_,1.4,1.14
cluster_6241,_21991_,1.4,1.71
cluster_6242,_21990_,1.4,1.71
cluster_6243,_21989_,1.4,1.14
cluster_6244,_21988_,1.4,1.14
cluster_6245,_21986_,1.4,1.33
cluster_6246,_21994_,1.4,1.14
cluster_6247,_21985_,1.4,1.33
cluster_6248,_21983_,1.4,1.71
cluster_6249,_21982_,1.4,1.71
cluster_6250,_21981_,1.4,1.14
cluster_6251,_21980_,1.4,1.14
cluster_6252,_21977_,1.4,0.76
cluster_6253,_21976_,1.4,1.33
cluster_6254,_21975_,1.4,1.14
cluster_6255,_21984_,1.4,2.47
cluster_6256,_21995_,1.4,1.14
cluster_6257,_21996_,1.4,1.71
cluster_6258,_21997_,1.4,1.9
cluster_6259,_22015_,1.4,1.33
cluster_6260,_22014_,1.4,0.57
cluster_6261,_22013_,1.4,0.95
cluster_6262,clone140,1.4,1.71
cluster_6263,_22011_,1.4,0.95
cluster_6264,_22010_,1.4,0.57
cluster_6265,_22009_,1.4,1.33
cluster_6266,_22008_,1.4,1.33
cluster_6267,_22007_,1.4,0.95
cluster_6268,_22006_,1.4,1.33
cluster_6269,_22004_,1.4,0.57
cluster_6270,_22003_,1.4,0.57
cluster_6271,_22002_,1.4,0.95
cluster_6272,_22001_,1.4,1.33
cluster_6273,_22000_,1.4,1.14
cluster_6274,_21999_,1.4,0.76
cluster_6275,_21998_,1.4,2.47
cluster_6276,_21973_,1.4,1.33
cluster_6277,_22220_,1.4,0.76
cluster_6278,_29677_,1.4,1.9
cluster_6279,_22222_,1.4,0.95
cluster_6280,_22447_,1.4,0.76
cluster_6281,_22446_,1.4,1.14
cluster_6282,_22445_,1.4,0.76
cluster_6283,_22444_,1.4,0.76
cluster_6284,_22443_,1.4,1.33
cluster_6285,_22442_,1.4,0.76
cluster_6286,_22441_,1.4,0.76
cluster_6287,_22448_,1.4,0.76
cluster_6288,_22440_,1.4,0.95
cluster_6289,_22438_,1.4,0.76
cluster_6290,_22437_,1.4,1.14
cluster_6291,_22436_,1.4,0.76
cluster_6292,_22435_,1.4,0.76
cluster_6293,_22434_,1.4,0.57
cluster_6294,_22433_,1.4,0.76
cluster_6295,_22432_,1.4,0.57
cluster_6296,_22439_,1.4,0.76
cluster_6297,_22449_,1.4,0.95
cluster_6298,_22450_,1.4,0.76
cluster_6299,_22451_,1.4,0.57
cluster_6300,_22468_,1.4,1.14
cluster_6301,_22467_,1.4,1.33
cluster_6302,_22466_,1.4,0.76
cluster_6303,_22465_,1.4,0.76
cluster_6304,_22464_,1.4,0.76
cluster_6305,_22463_,1.4,0.57
cluster_6306,_22462_,1.4,1.71
cluster_6307,_22461_,1.4,0.57
cluster_6308,_22460_,1.4,0.76
cluster_6309,_22459_,1.4,1.33
cluster_6310,_22458_,1.4,0.76
cluster_6311,_22457_,1.4,0.95
cluster_6312,_22456_,1.4,0.76
cluster_6313,_22455_,1.4,1.14
cluster_6314,_22454_,1.4,0.57
cluster_6315,_22453_,1.4,0.76
cluster_6316,_22452_,1.4,0.76
cluster_6317,_22431_,1.4,0.76
cluster_6318,_22430_,1.4,0.57
cluster_6319,_22428_,1.4,0.76
cluster_6320,_22427_,1.4,0.95
cluster_6321,_22405_,1.4,1.14
cluster_6322,_22404_,1.4,0.57
cluster_6323,_22403_,1.4,1.14
cluster_6324,_22402_,1.4,0.57
cluster_6325,_22401_,1.4,1.14
cluster_6326,_22400_,1.4,0.57
cluster_6327,_22399_,1.4,1.14
cluster_6328,_22398_,1.4,0.57
cluster_6329,_22397_,1.4,0.76
cluster_6330,_22396_,1.4,0.95
cluster_6331,_22395_,1.4,0.57
cluster_6332,_22394_,1.4,0.57
cluster_6333,_22393_,1.4,0.76
cluster_6334,_22392_,1.4,0.95
cluster_6335,_22391_,1.4,0.76
cluster_6336,_22390_,1.4,1.14
cluster_6337,_22389_,1.4,0.95
cluster_6338,_22406_,1.4,0.76
cluster_6339,_22469_,1.4,0.76
cluster_6340,_22407_,1.4,1.14
cluster_6341,_22409_,1.4,0.76
cluster_6342,_22426_,1.4,0.57
cluster_6343,_22425_,1.4,1.33
cluster_6344,_22424_,1.4,0.76
cluster_6345,_22423_,1.4,0.76
cluster_6346,_22422_,1.4,0.95
cluster_6347,_22421_,1.4,0.95
cluster_6348,_22420_,1.4,0.76
cluster_6349,_22419_,1.4,0.76
cluster_6350,_22418_,1.4,0.57
cluster_6351,_22417_,1.4,0.95
cluster_6352,_22416_,1.4,0.76
cluster_6353,_22415_,1.4,0.76
cluster_6354,_22414_,1.4,0.57
cluster_6355,_22413_,1.4,1.33
cluster_6356,_22412_,1.4,0.95
cluster_6357,_22411_,1.4,0.76
cluster_6358,_22410_,1.4,0.57
cluster_6359,_22408_,1.4,0.76
cluster_6360,_22388_,1.4,0.76
cluster_6361,_22470_,1.4,1.33
cluster_6362,_22472_,1.4,0.76
cluster_6363,_22530_,1.4,0.95
cluster_6364,_22529_,1.4,0.76
cluster_6365,_22528_,1.4,0.76
cluster_6366,_22527_,1.4,1.14
cluster_6367,_22526_,1.4,0.57
cluster_6368,_22525_,1.4,0.76
cluster_6369,_22524_,1.4,0.95
cluster_6370,_22531_,1.4,1.14
cluster_6371,_22523_,1.4,0.76
cluster_6372,_22521_,1.4,0.57
cluster_6373,_22520_,1.4,1.14
cluster_6374,_22519_,1.4,1.33
cluster_6375,_22518_,1.4,0.76
cluster_6376,_22517_,1.4,0.76
cluster_6377,_22516_,1.4,0.76
cluster_6378,_22515_,1.4,0.76
cluster_6379,_22522_,1.4,1.33
cluster_6380,_22532_,1.4,0.76
cluster_6381,_22533_,1.4,0.95
cluster_6382,_22534_,1.4,0.95
cluster_6383,_21882_,1.4,0.76
cluster_6384,split203,1.4,0.76
cluster_6385,clone200,1.4,1.33
cluster_6386,clone202,1.4,0.76
cluster_6387,_29683_,1.4,1.9
cluster_6388,_29682_,1.4,1.9
cluster_6389,_29681_,1.4,1.9
cluster_6390,_29680_,1.4,1.9
cluster_6391,_29679_,1.4,1.9
cluster_6392,_29678_,1.4,1.9
cluster_6393,_29676_,1.4,1.9
cluster_6394,_29675_,1.4,1.9
cluster_6395,_29674_,1.4,1.9
cluster_6396,_29673_,1.4,1.9
cluster_6397,_22535_,1.4,1.71
cluster_6398,_29672_,1.4,1.9
cluster_6399,_29671_,1.4,1.9
cluster_6400,_22514_,1.4,0.76
cluster_6401,_22513_,1.4,0.76
cluster_6402,_22512_,1.4,0.57
cluster_6403,_22511_,1.4,0.76
cluster_6404,_22489_,1.4,0.57
cluster_6405,_22488_,1.4,1.52
cluster_6406,_22487_,1.4,0.76
cluster_6407,_22486_,1.4,0.57
cluster_6408,_22485_,1.4,0.95
cluster_6409,_22484_,1.4,0.95
cluster_6410,_22483_,1.4,0.76
cluster_6411,_22482_,1.4,1.14
cluster_6412,_22481_,1.4,1.33
cluster_6413,_22480_,1.4,0.95
cluster_6414,_22479_,1.4,0.76
cluster_6415,_22478_,1.4,0.76
cluster_6416,_22477_,1.4,0.76
cluster_6417,_22476_,1.4,1.71
cluster_6418,_22475_,1.4,0.57
cluster_6419,_22474_,1.4,0.76
cluster_6420,_22473_,1.4,0.95
cluster_6421,_22490_,1.4,0.76
cluster_6422,_22471_,1.4,0.76
cluster_6423,_22491_,1.4,0.76
cluster_6424,_22493_,1.4,0.76
cluster_6425,_22510_,1.4,0.57
cluster_6426,_22509_,1.4,1.14
cluster_6427,_22508_,1.4,1.14
cluster_6428,_22507_,1.4,0.76
cluster_6429,_22506_,1.4,0.76
cluster_6430,_22505_,1.4,0.76
cluster_6431,_22504_,1.4,0.76
cluster_6432,_22503_,1.4,0.57
cluster_6433,_22502_,1.4,1.14
cluster_6434,_22501_,1.4,0.76
cluster_6435,_22500_,1.4,0.57
cluster_6436,_22499_,1.4,0.76
cluster_6437,_22498_,1.4,0.57
cluster_6438,_22497_,1.4,1.14
cluster_6439,_22496_,1.4,1.33
cluster_6440,_22495_,1.4,0.76
cluster_6441,_22494_,1.4,1.33
cluster_6442,_22492_,1.4,0.76
cluster_6443,_22221_,1.4,0.95
cluster_6444,_22387_,1.4,0.76
cluster_6445,_22385_,1.4,1.14
cluster_6446,_22280_,1.4,0.76
cluster_6447,_22279_,1.4,0.57
cluster_6448,_22278_,1.4,0.76
cluster_6449,_22277_,1.4,0.76
cluster_6450,_22276_,1.4,1.14
cluster_6451,_22275_,1.4,0.76
cluster_6452,_22274_,1.4,0.76
cluster_6453,_22281_,1.4,1.14
cluster_6454,_22273_,1.4,0.57
cluster_6455,_22271_,1.4,1.71
cluster_6456,_22270_,1.4,0.38
cluster_6457,_22269_,1.4,1.14
cluster_6458,_22268_,1.4,0.38
cluster_6459,_22267_,1.4,0.76
cluster_6460,_22266_,1.4,0.76
cluster_6461,_22265_,1.4,0.95
cluster_6462,_22272_,1.4,0.76
cluster_6463,_22282_,1.4,0.57
cluster_6464,_22283_,1.4,0.76
cluster_6465,_22284_,1.4,1.14
cluster_6466,_22301_,1.4,1.33
cluster_6467,_22300_,1.4,0.38
cluster_6468,_22299_,1.4,0.76
cluster_6469,_22298_,1.4,0.76
cluster_6470,_22297_,1.4,1.14
cluster_6471,_22296_,1.4,0.95
cluster_6472,_22295_,1.4,0.76
cluster_6473,_22294_,1.4,0.57
cluster_6474,_22293_,1.4,0.95
cluster_6475,_22292_,1.4,0.76
cluster_6476,_22291_,1.4,0.57
cluster_6477,_22290_,1.4,0.57
cluster_6478,_22289_,1.4,0.57
cluster_6479,_22288_,1.4,0.76
cluster_6480,_22287_,1.4,0.76
cluster_6481,_22286_,1.4,0.76
cluster_6482,_22285_,1.4,1.14
cluster_6483,_22264_,1.4,0.76
cluster_6484,_22263_,1.4,0.57
cluster_6485,_22262_,1.4,0.76
cluster_6486,_22261_,1.4,0.76
cluster_6487,_22239_,1.4,0.76
cluster_6488,_22238_,1.4,0.76
cluster_6489,_22237_,1.4,1.14
cluster_6490,_22236_,1.4,0.57
cluster_6491,_22235_,1.4,0.57
cluster_6492,_22234_,1.4,1.33
cluster_6493,_22233_,1.4,0.76
cluster_6494,_22232_,1.4,0.95
cluster_6495,_22231_,1.4,0.76
cluster_6496,_22230_,1.4,0.76
cluster_6497,_22229_,1.4,0.95
cluster_6498,_22228_,1.4,0.76
cluster_6499,_22227_,1.4,0.76
cluster_6500,_22226_,1.4,1.33
cluster_6501,_22225_,1.4,1.14
cluster_6502,_22224_,1.4,0.57
cluster_6503,_22223_,1.4,0.76
cluster_6504,_22240_,1.4,0.57
cluster_6505,_22302_,1.4,0.76
cluster_6506,_22241_,1.4,1.33
cluster_6507,_22243_,1.4,1.33
cluster_6508,_22260_,1.4,1.14
cluster_6509,_22259_,1.4,0.95
cluster_6510,_22258_,1.4,0.57
cluster_6511,_22257_,1.4,1.33
cluster_6512,_22256_,1.4,0.76
cluster_6513,_22255_,1.4,0.95
cluster_6514,_22254_,1.4,0.57
cluster_6515,_22253_,1.4,0.76
cluster_6516,_22252_,1.4,0.76
cluster_6517,_22251_,1.4,1.14
cluster_6518,_22250_,1.4,1.14
cluster_6519,_22249_,1.4,0.76
cluster_6520,_22248_,1.4,0.95
cluster_6521,_22247_,1.4,0.95
cluster_6522,_22246_,1.4,0.76
cluster_6523,_22245_,1.4,1.33
cluster_6524,_22244_,1.4,0.76
cluster_6525,_22242_,1.4,0.76
cluster_6526,_22386_,1.4,0.76
cluster_6527,_22303_,1.4,0.76
cluster_6528,_22305_,1.4,1.14
cluster_6529,_22363_,1.4,0.76
cluster_6530,_22362_,1.4,0.76
cluster_6531,_22361_,1.4,0.76
cluster_6532,_22360_,1.4,1.14
cluster_6533,_22359_,1.4,1.14
cluster_6534,_22358_,1.4,0.95
cluster_6535,_22357_,1.4,0.76
cluster_6536,_22364_,1.4,1.14
cluster_6537,_22356_,1.4,0.76
cluster_6538,_22354_,1.4,1.14
cluster_6539,_22353_,1.4,0.76
cluster_6540,_22352_,1.4,0.76
cluster_6541,_22351_,1.4,0.57
cluster_6542,_22350_,1.4,1.14
cluster_6543,_22349_,1.4,0.95
cluster_6544,_22348_,1.4,0.76
cluster_6545,_22355_,1.4,0.76
cluster_6546,_22365_,1.4,1.14
cluster_6547,_22366_,1.4,1.14
cluster_6548,_22367_,1.4,1.71
cluster_6549,_22384_,1.4,0.57
cluster_6550,_22383_,1.4,1.14
cluster_6551,_22382_,1.4,0.76
cluster_6552,_22381_,1.4,0.95
cluster_6553,_22380_,1.4,1.14
cluster_6554,_22379_,1.4,0.76
cluster_6555,_22378_,1.4,0.57
cluster_6556,_22377_,1.4,1.33
cluster_6557,_22376_,1.4,0.95
cluster_6558,_22375_,1.4,0.76
cluster_6559,_22374_,1.4,0.76
cluster_6560,_22373_,1.4,1.14
cluster_6561,_22372_,1.4,0.57
cluster_6562,_22371_,1.4,0.95
cluster_6563,_22370_,1.4,0.76
cluster_6564,_22369_,1.4,0.76
cluster_6565,_22368_,1.4,0.76
cluster_6566,_22347_,1.4,0.57
cluster_6567,_22346_,1.4,1.14
cluster_6568,_22345_,1.4,0.95
cluster_6569,_22344_,1.4,0.95
cluster_6570,_22322_,1.4,0.76
cluster_6571,_22321_,1.4,0.57
cluster_6572,_22320_,1.4,0.76
cluster_6573,_22319_,1.4,1.14
cluster_6574,_22318_,1.4,0.76
cluster_6575,_22317_,1.4,0.95
cluster_6576,_22316_,1.4,1.14
cluster_6577,_22315_,1.4,0.57
cluster_6578,_22314_,1.4,1.14
cluster_6579,_22313_,1.4,0.76
cluster_6580,_22312_,1.4,0.76
cluster_6581,_22311_,1.4,1.14
cluster_6582,_22310_,1.4,0.57
cluster_6583,_22309_,1.4,1.14
cluster_6584,_22308_,1.4,0.57
cluster_6585,_22307_,1.4,0.76
cluster_6586,_22306_,1.4,0.57
cluster_6587,_22323_,1.4,1.33
cluster_6588,_22304_,1.4,1.14
cluster_6589,_22324_,1.4,0.76
cluster_6590,_22326_,1.4,1.33
cluster_6591,_22343_,1.4,0.57
cluster_6592,_22342_,1.4,0.76
cluster_6593,_22341_,1.4,0.76
cluster_6594,_22340_,1.4,0.57
cluster_6595,_22339_,1.4,1.33
cluster_6596,_22338_,1.4,0.95
cluster_6597,_22337_,1.4,1.33
cluster_6598,_22336_,1.4,0.76
cluster_6599,_22335_,1.4,0.76
cluster_6600,_22334_,1.4,1.33
cluster_6601,_22333_,1.4,1.14
cluster_6602,_22332_,1.4,0.76
cluster_6603,_22331_,1.4,0.76
cluster_6604,_22330_,1.4,0.95
cluster_6605,_22329_,1.4,1.14
cluster_6606,_22328_,1.4,0.76
cluster_6607,_22327_,1.4,1.33
cluster_6608,_22325_,1.4,0.76
cluster_6609,_21881_,1.4,0.38
cluster_6610,_22429_,1.4,0.57
cluster_6611,_21879_,1.4,0.76
cluster_6612,text_in_r[85]$_DFFE_PP_,1.4,3.23
cluster_6613,text_in_r[86]$_DFFE_PP_,1.4,3.23
cluster_6614,text_in_r[87]$_DFFE_PP_,1.4,3.23
cluster_6615,u0.w[1][19]$_DFF_P_,1.4,3.23
cluster_6616,_18330_,1.4,1.33
cluster_6617,_18312_,1.4,2.47
cluster_6618,input109,1.4,0.76
cluster_6619,_18274_,1.4,0.76
cluster_6620,_18267_,1.4,1.33
cluster_6621,input236,1.4,0.76
cluster_6622,input237,1.4,0.76
cluster_6623,input239,1.4,0.57
cluster_6624,input240,1.4,0.57
cluster_6625,input241,1.4,0.57
cluster_6626,input242,1.4,0.57
cluster_6627,text_in_r[84]$_DFFE_PP_,1.4,3.23
cluster_6628,input243,1.4,0.57
cluster_6629,_18359_,1.4,0.76
cluster_6630,text_in_r[81]$_DFFE_PP_,1.4,3.23
cluster_6631,sa10_sr[2]$_DFF_P_,1.4,3.23
cluster_6632,sa10_sr[3]$_DFF_P_,1.4,3.23
cluster_6633,sa10_sr[4]$_DFF_P_,1.4,3.23
cluster_6634,sa10_sr[5]$_DFF_P_,1.4,3.23
cluster_6635,sa10_sr[6]$_DFF_P_,1.4,3.23
cluster_6636,sa10_sr[7]$_DFF_P_,1.4,3.23
cluster_6637,_19104_,1.4,1.9
cluster_6638,split138,1.4,0.76
cluster_6639,_18454_,1.4,0.76
cluster_6640,_18385_,1.4,0.76
cluster_6641,_16021_,1.4,0.76
cluster_6642,_16020_,1.4,0.57
cluster_6643,_18363_,1.4,0.76
cluster_6644,sa10_sr[1]$_DFF_P_,1.4,3.23
cluster_6645,text_in_r[80]$_DFFE_PP_,1.4,3.23
cluster_6646,text_in_r[83]$_DFFE_PP_,1.4,3.23
cluster_6647,_21880_,1.4,0.76
cluster_6648,sa10_sr[0]$_DFF_P_,1.4,3.23
cluster_6649,_15338_,1.4,1.33
cluster_6650,_21863_,1.4,2.47
cluster_6651,_21864_,1.4,1.71
cluster_6652,clone139,1.4,0.76
cluster_6653,_21866_,1.4,1.71
cluster_6654,_21867_,1.4,2.47
cluster_6655,_21860_,1.4,1.71
cluster_6656,_21868_,1.4,2.47
cluster_6657,_21859_,1.4,1.14
cluster_6658,_21858_,1.4,1.14
cluster_6659,_21857_,1.4,1.14
cluster_6660,_21870_,1.4,1.14
cluster_6661,_21871_,1.4,1.14
cluster_6662,_21872_,1.4,0.76
cluster_6663,_21862_,1.4,0.95
cluster_6664,_21861_,1.4,0.76
cluster_6665,_21873_,1.4,0.57
cluster_6666,_21878_,1.4,0.57
cluster_6667,_21877_,1.4,1.14
cluster_6668,_21875_,1.4,0.76
cluster_6669,_21874_,1.4,0.57
cluster_6670,_21854_,1.4,0.57
cluster_6671,_21855_,1.4,0.76
cluster_6672,_26155_,1.4,1.33
cluster_6673,_26156_,1.4,0.76
cluster_6674,_26157_,1.4,0.76
cluster_6675,_26169_,1.4,1.33
cluster_6676,_26163_,1.4,1.71
cluster_6677,_26158_,1.4,0.76
cluster_6678,_26159_,1.4,1.33
cluster_6679,_26160_,1.4,0.76
cluster_6680,_26168_,1.4,0.57
cluster_6681,_26167_,1.4,2.66
cluster_6682,_26166_,1.4,0.57
cluster_6683,_26161_,1.4,1.33
cluster_6684,_26164_,1.4,0.57
cluster_6685,_26162_,1.4,1.14
cluster_6686,_26165_,1.4,1.33
cluster_6687,_26281_,1.4,0.57
cluster_6688,_26171_,1.4,0.76
cluster_6689,_26189_,1.4,0.95
cluster_6690,_26188_,1.4,1.33
cluster_6691,_26187_,1.4,0.95
cluster_6692,_26186_,1.4,1.71
cluster_6693,_26185_,1.4,0.95
cluster_6694,_26184_,1.4,0.76
cluster_6695,_26183_,1.4,0.95
cluster_6696,_26182_,1.4,2.47
cluster_6697,_26181_,1.4,0.95
cluster_6698,_26293_,1.4,0.76
cluster_6699,_26180_,1.4,1.33
cluster_6700,_26179_,1.4,0.76
cluster_6701,_26178_,1.4,0.76
cluster_6702,_26177_,1.4,2.47
cluster_6703,_26176_,1.4,0.57
cluster_6704,_26175_,1.4,1.71
cluster_6705,_26174_,1.4,1.14
cluster_6706,_26173_,1.4,1.14
cluster_6707,_26172_,1.4,0.76
cluster_6708,_26154_,1.4,1.33
cluster_6709,_26170_,1.4,1.33
cluster_6710,_26152_,1.4,0.76
cluster_6711,_26190_,1.4,0.76
cluster_6712,_26123_,1.4,1.71
cluster_6713,_26122_,1.4,0.95
cluster_6714,_26121_,1.4,0.76
cluster_6715,_26120_,1.4,1.14
cluster_6716,_26119_,1.4,0.95
cluster_6717,_26118_,1.4,1.33
cluster_6718,_26117_,1.4,1.33
cluster_6719,_26116_,1.4,0.57
cluster_6720,_26115_,1.4,0.76
cluster_6721,_26114_,1.4,0.57
cluster_6722,_26113_,1.4,1.33
cluster_6723,_26124_,1.4,1.14
cluster_6724,_26112_,1.4,2.47
cluster_6725,_26110_,1.4,1.33
cluster_6726,_26109_,1.4,0.95
cluster_6727,_26108_,1.4,0.76
cluster_6728,_26107_,1.4,2.66
cluster_6729,_26106_,1.4,0.76
cluster_6730,_26105_,1.4,1.33
cluster_6731,_26104_,1.4,1.33
cluster_6732,_26294_,1.4,0.76
cluster_6733,_26103_,1.4,1.33
cluster_6734,_26102_,1.4,0.95
cluster_6735,_26101_,1.4,1.14
cluster_6736,_26111_,1.4,1.33
cluster_6737,_26153_,1.4,1.14
cluster_6738,_26125_,1.4,0.57
cluster_6739,_26127_,1.4,0.38
cluster_6740,_26151_,1.4,1.71
cluster_6741,_26150_,1.4,1.14
cluster_6742,_26149_,1.4,0.57
cluster_6743,_26148_,1.4,1.33
cluster_6744,_26147_,1.4,0.57
cluster_6745,_26146_,1.4,0.76
cluster_6746,_26145_,1.4,0.76
cluster_6747,_26144_,1.4,1.33
cluster_6748,_26143_,1.4,0.76
cluster_6749,_26142_,1.4,1.33
cluster_6750,_26141_,1.4,2.47
cluster_6751,_26126_,1.4,0.95
cluster_6752,_26140_,1.4,1.33
cluster_6753,_26138_,1.4,1.9
cluster_6754,_26137_,1.4,0.76
cluster_6755,_26136_,1.4,1.14
cluster_6756,_26135_,1.4,0.95
cluster_6757,_26134_,1.4,0.76
cluster_6758,_26133_,1.4,2.47
cluster_6759,_26132_,1.4,0.76
cluster_6760,_26131_,1.4,0.76
cluster_6761,_26130_,1.4,1.33
cluster_6762,_26129_,1.4,0.95
cluster_6763,_26128_,1.4,0.76
cluster_6764,_26139_,1.4,1.71
cluster_6765,_26191_,1.4,1.52
cluster_6766,_26199_,1.4,0.76
cluster_6767,_26193_,1.4,0.57
cluster_6768,_26289_,1.4,1.33
cluster_6769,_26261_,1.4,0.57
cluster_6770,_26260_,1.4,0.76
cluster_6771,_26259_,1.4,0.76
cluster_6772,_26258_,1.4,0.76
cluster_6773,_26257_,1.4,1.33
cluster_6774,_26256_,1.4,0.76
cluster_6775,_26255_,1.4,0.76
cluster_6776,_26254_,1.4,0.76
cluster_6777,_26253_,1.4,0.76
cluster_6778,_26252_,1.4,0.76
cluster_6779,_26251_,1.4,0.76
cluster_6780,_26250_,1.4,2.09
cluster_6781,_26249_,1.4,0.76
cluster_6782,_26248_,1.4,0.95
cluster_6783,_26247_,1.4,0.76
cluster_6784,_26246_,1.4,0.76
cluster_6785,_26245_,1.4,0.57
cluster_6786,_26244_,1.4,0.95
cluster_6787,_26243_,1.4,0.76
cluster_6788,_26242_,1.4,0.76
cluster_6789,_26288_,1.4,1.14
cluster_6790,_26241_,1.4,0.76
cluster_6791,_26287_,1.4,0.76
cluster_6792,_26285_,1.4,0.57
cluster_6793,_26280_,1.4,0.57
cluster_6794,_26279_,1.4,0.95
cluster_6795,_26278_,1.4,0.76
cluster_6796,_26277_,1.4,0.95
cluster_6797,_26276_,1.4,0.76
cluster_6798,_26275_,1.4,0.76
cluster_6799,_26274_,1.4,0.76
cluster_6800,_26273_,1.4,0.95
cluster_6801,_26272_,1.4,0.95
cluster_6802,_26271_,1.4,1.33
cluster_6803,_26270_,1.4,1.14
cluster_6804,_26269_,1.4,1.33
cluster_6805,_26268_,1.4,0.57
cluster_6806,_26267_,1.4,0.76
cluster_6807,_26266_,1.4,0.95
cluster_6808,_26265_,1.4,0.76
cluster_6809,_26264_,1.4,0.76
cluster_6810,_26263_,1.4,0.76
cluster_6811,_26262_,1.4,0.57
cluster_6812,_26283_,1.4,1.33
cluster_6813,_26284_,1.4,1.14
cluster_6814,_26286_,1.4,0.76
cluster_6815,_26192_,1.4,1.71
cluster_6816,_26240_,1.4,0.76
cluster_6817,_26238_,1.4,0.76
cluster_6818,_26212_,1.4,0.76
cluster_6819,_26211_,1.4,1.14
cluster_6820,_26210_,1.4,0.76
cluster_6821,_26209_,1.4,1.71
cluster_6822,_26208_,1.4,0.95
cluster_6823,_26207_,1.4,0.76
cluster_6824,_26206_,1.4,0.76
cluster_6825,_26291_,1.4,1.71
cluster_6826,_26205_,1.4,1.33
cluster_6827,_26204_,1.4,0.76
cluster_6828,_26203_,1.4,1.33
cluster_6829,_26202_,1.4,0.76
cluster_6830,_26201_,1.4,0.76
cluster_6831,_26200_,1.4,0.76
cluster_6832,_26282_,1.4,0.76
cluster_6833,_26198_,1.4,0.76
cluster_6834,_26197_,1.4,0.76
cluster_6835,_26196_,1.4,0.76
cluster_6836,_26195_,1.4,1.33
cluster_6837,_26194_,1.4,0.76
cluster_6838,_26292_,1.4,0.57
cluster_6839,_26214_,1.4,0.57
cluster_6840,_26239_,1.4,0.95
cluster_6841,_26215_,1.4,0.76
cluster_6842,_26217_,1.4,0.76
cluster_6843,_26237_,1.4,1.33
cluster_6844,_26236_,1.4,0.76
cluster_6845,_26235_,1.4,0.76
cluster_6846,_26234_,1.4,0.76
cluster_6847,_26233_,1.4,0.76
cluster_6848,_26232_,1.4,1.33
cluster_6849,_26231_,1.4,0.76
cluster_6850,_26230_,1.4,0.76
cluster_6851,_26229_,1.4,0.76
cluster_6852,_26228_,1.4,1.14
cluster_6853,_26227_,1.4,0.76
cluster_6854,_26226_,1.4,0.76
cluster_6855,_26225_,1.4,1.33
cluster_6856,_26224_,1.4,0.76
cluster_6857,_26223_,1.4,0.76
cluster_6858,_26222_,1.4,0.76
cluster_6859,_26221_,1.4,0.57
cluster_6860,_26220_,1.4,1.71
cluster_6861,_26219_,1.4,0.76
cluster_6862,_26218_,1.4,0.76
cluster_6863,_26290_,1.4,0.76
cluster_6864,_26216_,1.4,0.76
cluster_6865,_26213_,1.4,0.76
cluster_6866,_20598_,1.4,1.14
cluster_6867,_26098_,1.4,2.47
cluster_6868,_25990_,1.4,0.76
cluster_6869,_25989_,1.4,1.71
cluster_6870,_25988_,1.4,1.33
cluster_6871,_25987_,1.4,2.47
cluster_6872,_25986_,1.4,1.71
cluster_6873,_25985_,1.4,1.14
cluster_6874,_25984_,1.4,1.14
cluster_6875,_25980_,1.4,0.76
cluster_6876,_25979_,1.4,0.57
cluster_6877,_25991_,1.4,0.57
cluster_6878,_25978_,1.4,2.47
cluster_6879,_25976_,1.4,1.71
cluster_6880,_25975_,1.4,1.71
cluster_6881,_25974_,1.4,1.33
cluster_6882,_25973_,1.4,0.95
cluster_6883,_25972_,1.4,1.33
cluster_6884,_25971_,1.4,1.33
cluster_6885,_25970_,1.4,2.47
cluster_6886,_25969_,1.4,2.47
cluster_6887,_25968_,1.4,2.47
cluster_6888,_25977_,1.4,2.47
cluster_6889,_25992_,1.4,1.71
cluster_6890,_25993_,1.4,1.71
cluster_6891,_25994_,1.4,1.33
cluster_6892,_26018_,1.4,1.14
cluster_6893,_26017_,1.4,1.71
cluster_6894,_26016_,1.4,1.9
cluster_6895,_26015_,1.4,0.57
cluster_6896,_26014_,1.4,0.57
cluster_6897,_26013_,1.4,0.76
cluster_6898,_26012_,1.4,1.14
cluster_6899,_26011_,1.4,2.47
cluster_6900,_23321_,1.4,1.14
cluster_6901,_26010_,1.4,1.9
cluster_6902,_26009_,1.4,1.71
cluster_6903,_26008_,1.4,1.14
cluster_6904,_26004_,1.4,0.76
cluster_6905,_26003_,1.4,0.76
cluster_6906,_26002_,1.4,1.33
cluster_6907,_26001_,1.4,1.33
cluster_6908,_26000_,1.4,2.47
cluster_6909,_25999_,1.4,2.47
cluster_6910,_25997_,1.4,1.71
cluster_6911,_25996_,1.4,1.33
cluster_6912,_25995_,1.4,1.33
cluster_6913,_25967_,1.4,2.47
cluster_6914,_26019_,1.4,0.57
cluster_6915,_25966_,1.4,1.33
cluster_6916,_25964_,1.4,1.33
cluster_6917,_25922_,1.4,1.14
cluster_6918,_25921_,1.4,1.14
cluster_6919,_25920_,1.4,1.14
cluster_6920,_25919_,1.4,1.14
cluster_6921,_25917_,1.4,0.57
cluster_6922,_25916_,1.4,0.57
cluster_6923,_25915_,1.4,0.38
cluster_6924,_29755_,1.4,1.9
cluster_6925,_29756_,1.4,1.9
cluster_6926,_25923_,1.4,1.71
cluster_6927,_29757_,1.4,1.9
cluster_6928,_29759_,1.4,1.9
cluster_6929,_29760_,1.4,1.9
cluster_6930,_29761_,1.4,1.9
cluster_6931,_29762_,1.4,1.9
cluster_6932,_29763_,1.4,1.9
cluster_6933,_29764_,1.4,1.9
cluster_6934,_29765_,1.4,1.9
cluster_6935,_29766_,1.4,1.9
cluster_6936,_29767_,1.4,1.9
cluster_6937,_29758_,1.4,1.9
cluster_6938,_25924_,1.4,0.76
cluster_6939,_25925_,1.4,0.57
cluster_6940,_25926_,1.4,1.33
cluster_6941,_25963_,1.4,1.33
cluster_6942,_25962_,1.4,1.33
cluster_6943,_25961_,1.4,1.71
cluster_6944,_25960_,1.4,2.66
cluster_6945,_25959_,1.4,0.76
cluster_6946,_25958_,1.4,0.57
cluster_6947,_25957_,1.4,0.76
cluster_6948,_25956_,1.4,0.76
cluster_6949,_25955_,1.4,0.76
cluster_6950,_25954_,1.4,0.95
cluster_6951,_25953_,1.4,1.14
cluster_6952,_25952_,1.4,1.33
cluster_6953,_25951_,1.4,0.76
cluster_6954,_25950_,1.4,0.95
cluster_6955,_25949_,1.4,1.14
cluster_6956,_25948_,1.4,2.47
cluster_6957,_25947_,1.4,1.71
cluster_6958,_25930_,1.4,2.47
cluster_6959,_25929_,1.4,1.33
cluster_6960,_25928_,1.4,0.57
cluster_6961,_25927_,1.4,1.71
cluster_6962,_25965_,1.4,2.47
cluster_6963,_26020_,1.4,0.76
cluster_6964,_23305_,1.4,1.14
cluster_6965,_23304_,1.4,1.14
cluster_6966,_26073_,1.4,1.33
cluster_6967,_26072_,1.4,1.33
cluster_6968,_26071_,1.4,0.38
cluster_6969,_26070_,1.4,0.76
cluster_6970,_26069_,1.4,1.33
cluster_6971,_26068_,1.4,0.57
cluster_6972,_20453_,1.4,1.9
cluster_6973,_26067_,1.4,0.76
cluster_6974,_26066_,1.4,1.33
cluster_6975,_26074_,1.4,0.57
cluster_6976,_26065_,1.4,1.33
cluster_6977,_26063_,1.4,0.38
cluster_6978,_26062_,1.4,0.95
cluster_6979,_26061_,1.4,1.9
cluster_6980,_26060_,1.4,1.71
cluster_6981,_26059_,1.4,1.14
cluster_6982,_26058_,1.4,1.14
cluster_6983,_26057_,1.4,1.14
cluster_6984,_26056_,1.4,1.71
cluster_6985,_26055_,1.4,1.71
cluster_6986,_26064_,1.4,0.57
cluster_6987,_26075_,1.4,1.33
cluster_6988,_26076_,1.4,1.33
cluster_6989,_26077_,1.4,0.76
cluster_6990,_26097_,1.4,0.76
cluster_6991,_26096_,1.4,2.66
cluster_6992,_26095_,1.4,2.47
cluster_6993,_26094_,1.4,0.95
cluster_6994,_26093_,1.4,1.33
cluster_6995,_26092_,1.4,1.33
cluster_6996,_26091_,1.4,1.14
cluster_6997,_26090_,1.4,1.33
cluster_6998,_26089_,1.4,2.47
cluster_6999,_26088_,1.4,1.33
cluster_7000,_26087_,1.4,0.76
cluster_7001,_26086_,1.4,1.33
cluster_7002,_26085_,1.4,1.33
cluster_7003,_26084_,1.4,1.33
cluster_7004,_26083_,1.4,1.33
cluster_7005,_26082_,1.4,1.33
cluster_7006,_26081_,1.4,1.71
cluster_7007,_26080_,1.4,0.95
cluster_7008,_26079_,1.4,0.76
cluster_7009,_26078_,1.4,0.76
cluster_7010,_26295_,1.4,0.76
cluster_7011,_26054_,1.4,1.14
cluster_7012,_26053_,1.4,1.14
cluster_7013,_26052_,1.4,0.76
cluster_7014,_26051_,1.4,0.57
cluster_7015,_19143_,1.4,1.33
cluster_7016,_26034_,1.4,0.76
cluster_7017,_19121_,1.4,1.33
cluster_7018,_26033_,1.4,1.33
cluster_7019,_26032_,1.4,2.47
cluster_7020,_19103_,1.4,1.33
cluster_7021,_26031_,1.4,1.33
cluster_7022,_26030_,1.4,1.33
cluster_7023,_19094_,1.4,1.33
cluster_7024,_19067_,1.4,1.33
cluster_7025,_26029_,1.4,0.95
cluster_7026,_26028_,1.4,2.47
cluster_7027,_26027_,1.4,3.42
cluster_7028,_23295_,1.4,1.14
cluster_7029,_26026_,1.4,1.71
cluster_7030,_29768_,1.4,1.9
cluster_7031,_26025_,1.4,2.47
cluster_7032,_26024_,1.4,2.47
cluster_7033,_26023_,1.4,1.33
cluster_7034,_26022_,1.4,2.09
cluster_7035,_26021_,1.4,1.71
cluster_7036,_26035_,1.4,1.33
cluster_7037,_26100_,1.4,0.95
cluster_7038,_26036_,1.4,0.76
cluster_7039,_26038_,1.4,0.95
cluster_7040,_26050_,1.4,2.47
cluster_7041,_26049_,1.4,1.33
cluster_7042,_26048_,1.4,0.76
cluster_7043,_26047_,1.4,1.33
cluster_7044,sa21_sr[0]$_DFF_P_,1.4,3.23
cluster_7045,sa21_sr[1]$_DFF_P_,1.4,3.23
cluster_7046,sa21_sr[2]$_DFF_P_,1.4,3.23
cluster_7047,sa21_sr[3]$_DFF_P_,1.4,3.23
cluster_7048,sa21_sr[4]$_DFF_P_,1.4,3.23
cluster_7049,sa21_sr[5]$_DFF_P_,1.4,3.23
cluster_7050,sa21_sr[6]$_DFF_P_,1.4,3.23
cluster_7051,sa21_sr[7]$_DFF_P_,1.4,3.23
cluster_7052,_26046_,1.4,2.47
cluster_7053,_26045_,1.4,2.47
cluster_7054,_26044_,1.4,2.47
cluster_7055,_26043_,1.4,1.33
cluster_7056,_26042_,1.4,1.33
cluster_7057,_26041_,1.4,1.71
cluster_7058,_26040_,1.4,2.47
cluster_7059,_26039_,1.4,1.71
cluster_7060,_19176_,1.4,1.33
cluster_7061,_26037_,1.4,0.76
cluster_7062,_26296_,1.4,0.76
cluster_7063,_29769_,1.4,1.9
cluster_7064,_26298_,1.4,1.33
cluster_7065,_26508_,1.4,0.57
cluster_7066,_26507_,1.4,0.76
cluster_7067,_26506_,1.4,0.76
cluster_7068,_26505_,1.4,0.76
cluster_7069,_26504_,1.4,0.95
cluster_7070,_26503_,1.4,0.76
cluster_7071,_26502_,1.4,1.14
cluster_7072,_26501_,1.4,0.76
cluster_7073,_26500_,1.4,0.76
cluster_7074,_26499_,1.4,0.76
cluster_7075,_26498_,1.4,0.76
cluster_7076,_26497_,1.4,0.76
cluster_7077,_26496_,1.4,0.76
cluster_7078,_26495_,1.4,0.76
cluster_7079,_26494_,1.4,0.57
cluster_7080,_26509_,1.4,0.57
cluster_7081,_26510_,1.4,0.76
cluster_7082,_26511_,1.4,0.76
cluster_7083,_26512_,1.4,1.33
cluster_7084,_26528_,1.4,0.95
cluster_7085,_26527_,1.4,0.76
cluster_7086,_26526_,1.4,1.33
cluster_7087,_26525_,1.4,0.76
cluster_7088,_26524_,1.4,0.76
cluster_7089,_26523_,1.4,0.95
cluster_7090,_26522_,1.4,0.57
cluster_7091,input162,1.4,0.57
cluster_7092,_26521_,1.4,0.95
cluster_7093,_26519_,1.4,0.95
cluster_7094,_26518_,1.4,0.76
cluster_7095,_26517_,1.4,0.95
cluster_7096,_26516_,1.4,1.33
cluster_7097,_26515_,1.4,0.76
cluster_7098,_26514_,1.4,1.33
cluster_7099,_26513_,1.4,0.76
cluster_7100,_26520_,1.4,0.76
cluster_7101,input163,1.4,0.57
cluster_7102,input164,1.4,0.57
cluster_7103,_26493_,1.4,0.57
cluster_7104,_26472_,1.4,0.76
cluster_7105,_26471_,1.4,0.76
cluster_7106,_26470_,1.4,1.14
cluster_7107,_26469_,1.4,0.76
cluster_7108,_26468_,1.4,1.14
cluster_7109,_26467_,1.4,0.76
cluster_7110,_26466_,1.4,1.14
cluster_7111,_26473_,1.4,0.57
cluster_7112,_26465_,1.4,0.76
cluster_7113,_26463_,1.4,1.14
cluster_7114,_26462_,1.4,1.14
cluster_7115,_26461_,1.4,0.76
cluster_7116,_26460_,1.4,0.76
cluster_7117,_26459_,1.4,0.76
cluster_7118,_26458_,1.4,0.76
cluster_7119,_26457_,1.4,0.76
cluster_7120,_26464_,1.4,0.76
cluster_7121,_26529_,1.4,1.14
cluster_7122,_26474_,1.4,1.14
cluster_7123,_26476_,1.4,0.95
cluster_7124,_26492_,1.4,1.14
cluster_7125,_26491_,1.4,0.76
cluster_7126,_26490_,1.4,1.14
cluster_7127,_26489_,1.4,0.76
cluster_7128,_26488_,1.4,0.57
cluster_7129,_26487_,1.4,0.76
cluster_7130,_26486_,1.4,0.95
cluster_7131,_26475_,1.4,0.95
cluster_7132,_26485_,1.4,0.76
cluster_7133,_26483_,1.4,0.76
cluster_7134,_26482_,1.4,0.76
cluster_7135,_26481_,1.4,1.14
cluster_7136,_26480_,1.4,0.76
cluster_7137,_26479_,1.4,1.14
cluster_7138,_26478_,1.4,0.76
cluster_7139,_26477_,1.4,0.57
cluster_7140,_26484_,1.4,0.57
cluster_7141,_26456_,1.4,0.95
cluster_7142,_26531_,1.4,0.95
cluster_7143,_26533_,1.4,0.57
cluster_7144,_26547_,1.4,1.14
cluster_7145,_26567_,1.4,0.76
cluster_7146,_26568_,1.4,0.76
cluster_7147,_26297_,1.4,0.76
cluster_7148,_26569_,1.4,1.52
cluster_7149,_26570_,1.4,1.14
cluster_7150,_26571_,1.4,1.14
cluster_7151,_26572_,1.4,0.76
cluster_7152,_26573_,1.4,0.76
cluster_7153,_26574_,1.4,1.71
cluster_7154,_26575_,1.4,0.76
cluster_7155,_26576_,1.4,0.76
cluster_7156,_26577_,1.4,0.76
cluster_7157,_26578_,1.4,2.09
cluster_7158,_26545_,1.4,0.76
cluster_7159,_26546_,1.4,0.76
cluster_7160,_26566_,1.4,1.33
cluster_7161,_26565_,1.4,0.76
cluster_7162,_26564_,1.4,1.33
cluster_7163,_26549_,1.4,0.57
cluster_7164,_26550_,1.4,0.76
cluster_7165,_26551_,1.4,0.76
cluster_7166,_26552_,1.4,0.76
cluster_7167,_26553_,1.4,0.57
cluster_7168,_26554_,1.4,0.76
cluster_7169,_26555_,1.4,0.76
cluster_7170,_26544_,1.4,1.14
cluster_7171,_26556_,1.4,0.57
cluster_7172,_26558_,1.4,0.76
cluster_7173,_26559_,1.4,0.76
cluster_7174,_26560_,1.4,0.76
cluster_7175,_26561_,1.4,1.14
cluster_7176,_26562_,1.4,0.76
cluster_7177,_26563_,1.4,0.57
cluster_7178,_26548_,1.4,0.76
cluster_7179,_26557_,1.4,0.76
cluster_7180,text_in_r[10]$_DFFE_PP_,1.4,3.23
cluster_7181,text_in_r[11]$_DFFE_PP_,1.4,3.23
cluster_7182,text_in_r[12]$_DFFE_PP_,1.4,3.23
cluster_7183,_15681_,1.4,1.33
cluster_7184,_15667_,1.4,1.33
cluster_7185,_15650_,1.4,1.33
cluster_7186,_15602_,1.4,0.76
cluster_7187,input141,1.4,0.76
cluster_7188,_26542_,1.4,0.57
cluster_7189,_26541_,1.4,0.76
cluster_7190,_15690_,1.4,0.76
cluster_7191,_26540_,1.4,0.76
cluster_7192,input161,1.4,0.57
cluster_7193,_26539_,1.4,0.57
cluster_7194,_26538_,1.4,0.76
cluster_7195,_26537_,1.4,0.57
cluster_7196,_26536_,1.4,0.95
cluster_7197,_26535_,1.4,1.14
cluster_7198,_26534_,1.4,0.76
cluster_7199,input152,1.4,0.76
cluster_7200,_26532_,1.4,0.76
cluster_7201,_15700_,1.4,1.33
cluster_7202,u0.w[3][15]$_DFF_P_,1.4,3.23
cluster_7203,text_in_r[13]$_DFFE_PP_,1.4,3.23
cluster_7204,text_in_r[14]$_DFFE_PP_,1.4,3.23
cluster_7205,text_in_r[15]$_DFFE_PP_,1.4,3.23
cluster_7206,_29406_,1.4,1.33
cluster_7207,_29404_,1.4,1.33
cluster_7208,_29403_,1.4,1.33
cluster_7209,_29402_,1.4,1.33
cluster_7210,u0.w[3][9]$_DFF_P_,1.4,3.23
cluster_7211,_29391_,1.4,1.33
cluster_7212,input257,1.4,0.76
cluster_7213,text_in_r[9]$_DFFE_PP_,1.4,3.23
cluster_7214,u0.w[3][11]$_DFF_P_,1.4,3.23
cluster_7215,u0.w[3][12]$_DFF_P_,1.4,3.23
cluster_7216,_26543_,1.4,1.14
cluster_7217,u0.w[3][13]$_DFF_P_,1.4,3.23
cluster_7218,u0.w[3][14]$_DFF_P_,1.4,3.23
cluster_7219,_29379_,1.4,1.33
cluster_7220,_26455_,1.4,0.76
cluster_7221,_26530_,1.4,0.76
cluster_7222,_26453_,1.4,0.57
cluster_7223,_26354_,1.4,1.33
cluster_7224,_26353_,1.4,0.57
cluster_7225,_26352_,1.4,1.33
cluster_7226,_26350_,1.4,0.57
cluster_7227,_26349_,1.4,0.76
cluster_7228,_26348_,1.4,0.57
cluster_7229,_26347_,1.4,1.14
cluster_7230,_26346_,1.4,0.76
cluster_7231,_26345_,1.4,0.76
cluster_7232,_26299_,1.4,0.76
cluster_7233,_26344_,1.4,0.95
cluster_7234,_26343_,1.4,0.76
cluster_7235,_26342_,1.4,0.76
cluster_7236,_26341_,1.4,0.76
cluster_7237,_26340_,1.4,0.76
cluster_7238,_26355_,1.4,2.47
cluster_7239,_26356_,1.4,0.95
cluster_7240,_26357_,1.4,1.33
cluster_7241,_26358_,1.4,1.14
cluster_7242,_26374_,1.4,0.95
cluster_7243,_26373_,1.4,0.76
cluster_7244,_26372_,1.4,0.76
cluster_7245,_26371_,1.4,0.76
cluster_7246,_26370_,1.4,0.76
cluster_7247,_26369_,1.4,1.52
cluster_7248,_26368_,1.4,0.76
cluster_7249,_26339_,1.4,0.76
cluster_7250,_26367_,1.4,1.14
cluster_7251,_26365_,1.4,0.95
cluster_7252,_26364_,1.4,1.14
cluster_7253,_26363_,1.4,0.57
cluster_7254,_26362_,1.4,0.76
cluster_7255,_26361_,1.4,1.14
cluster_7256,_26360_,1.4,0.76
cluster_7257,_26359_,1.4,0.76
cluster_7258,_26366_,1.4,0.76
cluster_7259,_26338_,1.4,0.76
cluster_7260,_26337_,1.4,1.14
cluster_7261,_26336_,1.4,0.95
cluster_7262,_26319_,1.4,1.14
cluster_7263,_26318_,1.4,0.38
cluster_7264,_26317_,1.4,0.76
cluster_7265,_26316_,1.4,0.95
cluster_7266,_26303_,1.4,0.76
cluster_7267,_26304_,1.4,1.33
cluster_7268,_26305_,1.4,1.14
cluster_7269,_26302_,1.4,0.57
cluster_7270,_26306_,1.4,1.14
cluster_7271,_26308_,1.4,0.76
cluster_7272,_26309_,1.4,0.76
cluster_7273,_26315_,1.4,1.33
cluster_7274,_26310_,1.4,0.76
cluster_7275,_26311_,1.4,0.76
cluster_7276,_26312_,1.4,0.57
cluster_7277,_26313_,1.4,0.57
cluster_7278,_26307_,1.4,0.95
cluster_7279,_26375_,1.4,0.76
cluster_7280,_26320_,1.4,0.76
cluster_7281,_26301_,1.4,0.76
cluster_7282,_26335_,1.4,0.76
cluster_7283,_26300_,1.4,0.57
cluster_7284,_26334_,1.4,1.14
cluster_7285,_26333_,1.4,0.95
cluster_7286,_26454_,1.4,1.14
cluster_7287,_26332_,1.4,0.57
cluster_7288,_26331_,1.4,0.76
cluster_7289,_26321_,1.4,0.76
cluster_7290,_26330_,1.4,0.76
cluster_7291,_26328_,1.4,0.76
cluster_7292,_26327_,1.4,1.14
cluster_7293,_26326_,1.4,0.95
cluster_7294,_26325_,1.4,0.76
cluster_7295,_26324_,1.4,0.76
cluster_7296,_26323_,1.4,0.76
cluster_7297,_26322_,1.4,0.95
cluster_7298,_26329_,1.4,0.76
cluster_7299,_26376_,1.4,1.71
cluster_7300,_26351_,1.4,0.38
cluster_7301,_26377_,1.4,0.76
cluster_7302,_26429_,1.4,1.33
cluster_7303,_26428_,1.4,0.57
cluster_7304,_26427_,1.4,0.76
cluster_7305,_26426_,1.4,0.76
cluster_7306,_26425_,1.4,0.57
cluster_7307,_26424_,1.4,0.76
cluster_7308,_26423_,1.4,0.95
cluster_7309,_26422_,1.4,1.14
cluster_7310,_26420_,1.4,0.76
cluster_7311,_26430_,1.4,0.57
cluster_7312,_26419_,1.4,0.76
cluster_7313,_26417_,1.4,0.76
cluster_7314,_26416_,1.4,0.76
cluster_7315,_26415_,1.4,0.76
cluster_7316,_26414_,1.4,0.76
cluster_7317,_26413_,1.4,0.76
cluster_7318,_26412_,1.4,1.14
cluster_7319,_26411_,1.4,0.57
cluster_7320,_26410_,1.4,1.71
cluster_7321,_26409_,1.4,0.95
cluster_7322,_26418_,1.4,0.76
cluster_7323,_26408_,1.4,0.95
cluster_7324,_26431_,1.4,0.57
cluster_7325,_26433_,1.4,0.76
cluster_7326,_26452_,1.4,1.33
cluster_7327,_26451_,1.4,0.76
cluster_7328,_26450_,1.4,1.14
cluster_7329,_26449_,1.4,0.76
cluster_7330,_26448_,1.4,1.33
cluster_7331,_26447_,1.4,0.76
cluster_7332,_26446_,1.4,0.57
cluster_7333,_29507_,1.4,1.33
cluster_7334,_26445_,1.4,0.76
cluster_7335,_26432_,1.4,1.33
cluster_7336,_26444_,1.4,0.95
cluster_7337,_26442_,1.4,0.95
cluster_7338,_26441_,1.4,1.14
cluster_7339,_26440_,1.4,0.76
cluster_7340,_26439_,1.4,0.57
cluster_7341,_26438_,1.4,0.57
cluster_7342,_26437_,1.4,1.33
cluster_7343,_26436_,1.4,1.14
cluster_7344,_26435_,1.4,0.76
cluster_7345,_26434_,1.4,1.14
cluster_7346,_26443_,1.4,1.14
cluster_7347,_26407_,1.4,0.76
cluster_7348,_26421_,1.4,1.33
cluster_7349,_26314_,1.4,1.14
cluster_7350,_26398_,1.4,1.14
cluster_7351,_26390_,1.4,0.76
cluster_7352,_26389_,1.4,0.76
cluster_7353,_26397_,1.4,0.57
cluster_7354,_26388_,1.4,0.76
cluster_7355,_26400_,1.4,0.76
cluster_7356,_26396_,1.4,0.76
cluster_7357,_26395_,1.4,1.33
cluster_7358,_26394_,1.4,1.14
cluster_7359,_26393_,1.4,0.76
cluster_7360,_26401_,1.4,1.71
cluster_7361,_26392_,1.4,0.95
cluster_7362,_26399_,1.4,0.95
cluster_7363,_26402_,1.4,0.95
cluster_7364,_26391_,1.4,0.57
cluster_7365,_26405_,1.4,0.95
cluster_7366,_26406_,1.4,0.76
cluster_7367,_26386_,1.4,0.76
cluster_7368,_26378_,1.4,0.76
cluster_7369,_26379_,1.4,0.76
cluster_7370,_26380_,1.4,0.95
cluster_7371,_26381_,1.4,0.76
cluster_7372,_26403_,1.4,0.76
cluster_7373,_26404_,1.4,0.76
cluster_7374,_26382_,1.4,0.76
cluster_7375,_26387_,1.4,0.76
cluster_7376,_26385_,1.4,0.76
cluster_7377,_26384_,1.4,0.76
cluster_7378,_26383_,1.4,0.76
cluster_7379,_24067_,1.4,0.76
cluster_7380,_24072_,1.4,0.76
cluster_7381,_24023_,1.4,1.33
cluster_7382,_24071_,1.4,0.95
cluster_7383,_24070_,1.4,0.95
cluster_7384,_24068_,1.4,1.33
cluster_7385,_24073_,1.4,0.95
cluster_7386,_24069_,1.4,0.76
cluster_7387,_24078_,1.4,0.95
cluster_7388,_24022_,1.4,1.33
cluster_7389,_24021_,1.4,1.33
cluster_7390,_24088_,1.4,1.14
cluster_7391,_24087_,1.4,0.76
cluster_7392,_24086_,1.4,1.33
cluster_7393,_24085_,1.4,0.57
cluster_7394,_24084_,1.4,1.33
cluster_7395,_24083_,1.4,0.57
cluster_7396,_24082_,1.4,0.95
cluster_7397,_24081_,1.4,1.33
cluster_7398,_24080_,1.4,1.9
cluster_7399,_24079_,1.4,0.76
cluster_7400,_24066_,1.4,1.71
cluster_7401,_24077_,1.4,1.33
cluster_7402,_24076_,1.4,0.57
cluster_7403,_24075_,1.4,0.76
cluster_7404,_24074_,1.4,1.33
cluster_7405,_24024_,1.4,0.95
cluster_7406,_24036_,1.4,0.76
cluster_7407,_24065_,1.4,1.14
cluster_7408,_24089_,1.4,0.76
cluster_7409,_24047_,1.4,0.76
cluster_7410,_24046_,1.4,1.71
cluster_7411,_24045_,1.4,1.33
cluster_7412,_24044_,1.4,1.71
cluster_7413,_24043_,1.4,0.76
cluster_7414,_24042_,1.4,0.76
cluster_7415,_24041_,1.4,1.33
cluster_7416,_24040_,1.4,2.47
cluster_7417,_24039_,1.4,1.14
cluster_7418,_24030_,1.4,0.76
cluster_7419,_24031_,1.4,0.95
cluster_7420,_24032_,1.4,1.33
cluster_7421,_24033_,1.4,1.71
cluster_7422,_24034_,1.4,2.47
cluster_7423,_24038_,1.4,1.33
cluster_7424,_24035_,1.4,1.33
cluster_7425,_24048_,1.4,0.76
cluster_7426,_24020_,1.4,1.33
cluster_7427,_24049_,1.4,0.57
cluster_7428,_24050_,1.4,1.33
cluster_7429,_24064_,1.4,1.33
cluster_7430,_24063_,1.4,0.95
cluster_7431,_24062_,1.4,0.95
cluster_7432,_24026_,1.4,0.57
cluster_7433,_24061_,1.4,2.66
cluster_7434,_24037_,1.4,1.33
cluster_7435,_24028_,1.4,0.95
cluster_7436,_24029_,1.4,1.33
cluster_7437,_24025_,1.4,2.47
cluster_7438,_24060_,1.4,2.47
cluster_7439,_24058_,1.4,1.33
cluster_7440,_24057_,1.4,0.76
cluster_7441,_24056_,1.4,0.76
cluster_7442,_24055_,1.4,1.33
cluster_7443,_24054_,1.4,2.47
cluster_7444,_24053_,1.4,1.33
cluster_7445,_24052_,1.4,1.71
cluster_7446,_24051_,1.4,0.57
cluster_7447,_24059_,1.4,0.57
cluster_7448,_24027_,1.4,2.47
cluster_7449,_24141_,1.4,1.33
cluster_7450,_24091_,1.4,0.95
cluster_7451,_24154_,1.4,0.76
cluster_7452,_24153_,1.4,2.47
cluster_7453,_24152_,1.4,2.66
cluster_7454,_24151_,1.4,0.57
cluster_7455,_24150_,1.4,1.14
cluster_7456,_24149_,1.4,0.76
cluster_7457,_24148_,1.4,1.33
cluster_7458,_24147_,1.4,1.33
cluster_7459,_24155_,1.4,1.33
cluster_7460,_24146_,1.4,1.33
cluster_7461,_24144_,1.4,0.76
cluster_7462,_24143_,1.4,0.76
cluster_7463,_24142_,1.4,0.76
cluster_7464,_24140_,1.4,1.71
cluster_7465,_24139_,1.4,0.95
cluster_7466,_24138_,1.4,1.14
cluster_7467,_24137_,1.4,1.14
cluster_7468,_24136_,1.4,0.95
cluster_7469,_24145_,1.4,0.76
cluster_7470,_24135_,1.4,1.14
cluster_7471,_24156_,1.4,0.76
cluster_7472,_24158_,1.4,0.76
cluster_7473,_24019_,1.4,0.76
cluster_7474,_24175_,1.4,0.95
cluster_7475,_24174_,1.4,0.95
cluster_7476,_24173_,1.4,1.14
cluster_7477,_24172_,1.4,0.57
cluster_7478,_24171_,1.4,1.14
cluster_7479,_24170_,1.4,0.57
cluster_7480,_24169_,1.4,0.57
cluster_7481,_24157_,1.4,1.33
cluster_7482,_24168_,1.4,1.33
cluster_7483,_24166_,1.4,1.33
cluster_7484,_24165_,1.4,0.95
cluster_7485,_24164_,1.4,1.14
cluster_7486,_24163_,1.4,0.95
cluster_7487,_24162_,1.4,0.76
cluster_7488,_24161_,1.4,0.76
cluster_7489,_24160_,1.4,0.76
cluster_7490,_24159_,1.4,0.76
cluster_7491,_24167_,1.4,0.57
cluster_7492,_24090_,1.4,0.76
cluster_7493,_24134_,1.4,0.76
cluster_7494,_24132_,1.4,0.76
cluster_7495,_24109_,1.4,2.47
cluster_7496,_24108_,1.4,1.33
cluster_7497,_24107_,1.4,1.14
cluster_7498,_24106_,1.4,1.33
cluster_7499,_24105_,1.4,0.76
cluster_7500,_24104_,1.4,0.95
cluster_7501,_24103_,1.4,0.76
cluster_7502,_24102_,1.4,1.33
cluster_7503,_24110_,1.4,1.33
cluster_7504,_24101_,1.4,1.33
cluster_7505,_24099_,1.4,1.33
cluster_7506,_24098_,1.4,1.33
cluster_7507,_24097_,1.4,2.47
cluster_7508,_24096_,1.4,0.76
cluster_7509,_24095_,1.4,2.66
cluster_7510,_24094_,1.4,1.33
cluster_7511,_24093_,1.4,0.76
cluster_7512,_24092_,1.4,0.57
cluster_7513,_24100_,1.4,1.14
cluster_7514,_24133_,1.4,1.33
cluster_7515,_24111_,1.4,1.33
cluster_7516,_24113_,1.4,1.33
cluster_7517,_24131_,1.4,0.76
cluster_7518,_24130_,1.4,1.33
cluster_7519,_24129_,1.4,1.33
cluster_7520,_24128_,1.4,0.76
cluster_7521,_24127_,1.4,1.33
cluster_7522,_24126_,1.4,1.33
cluster_7523,_24125_,1.4,1.33
cluster_7524,_24124_,1.4,1.33
cluster_7525,_24112_,1.4,0.57
cluster_7526,_24123_,1.4,0.76
cluster_7527,_24121_,1.4,1.33
cluster_7528,_24120_,1.4,0.95
cluster_7529,_24119_,1.4,1.33
cluster_7530,_24118_,1.4,1.33
cluster_7531,_24117_,1.4,1.14
cluster_7532,_24116_,1.4,0.76
cluster_7533,_24115_,1.4,1.71
cluster_7534,_24114_,1.4,1.33
cluster_7535,_24122_,1.4,0.76
cluster_7536,_24018_,1.4,1.33
cluster_7537,_29718_,1.4,1.9
cluster_7538,_24016_,1.4,0.76
cluster_7539,_23902_,1.4,1.14
cluster_7540,_23901_,1.4,0.76
cluster_7541,_23900_,1.4,0.95
cluster_7542,_23899_,1.4,0.76
cluster_7543,_23898_,1.4,1.14
cluster_7544,_23897_,1.4,2.47
cluster_7545,_23896_,1.4,2.47
cluster_7546,_23903_,1.4,0.38
cluster_7547,_23895_,1.4,0.57
cluster_7548,_23893_,1.4,1.71
cluster_7549,_23892_,1.4,1.14
cluster_7550,_23891_,1.4,1.14
cluster_7551,_23890_,1.4,1.14
cluster_7552,_23889_,1.4,1.14
cluster_7553,_29724_,1.4,1.9
cluster_7554,_29723_,1.4,1.9
cluster_7555,_23894_,1.4,1.71
cluster_7556,_29722_,1.4,1.9
cluster_7557,_23904_,1.4,0.76
cluster_7558,_23906_,1.4,0.76
cluster_7559,_23937_,1.4,2.47
cluster_7560,_23936_,1.4,2.47
cluster_7561,_23935_,1.4,2.47
cluster_7562,_23934_,1.4,2.47
cluster_7563,_23933_,1.4,2.47
cluster_7564,_23932_,1.4,2.47
cluster_7565,_23931_,1.4,1.33
cluster_7566,_23905_,1.4,0.95
cluster_7567,_23930_,1.4,2.47
cluster_7568,_23913_,1.4,2.47
cluster_7569,_23912_,1.4,1.33
cluster_7570,_23911_,1.4,1.71
cluster_7571,_23910_,1.4,2.09
cluster_7572,_23909_,1.4,0.76
cluster_7573,_23908_,1.4,0.57
cluster_7574,_23907_,1.4,0.76
cluster_7575,_23929_,1.4,1.71
cluster_7576,_29721_,1.4,1.9
cluster_7577,_29720_,1.4,1.9
cluster_7578,_29719_,1.4,1.9
cluster_7579,_29380_,1.4,1.33
cluster_7580,_29378_,1.4,1.33
cluster_7581,_29377_,1.4,1.33
cluster_7582,_29376_,1.4,1.33
cluster_7583,_29374_,1.4,1.33
cluster_7584,_29373_,1.4,1.33
cluster_7585,_29371_,1.4,2.47
cluster_7586,_29381_,1.4,1.33
cluster_7587,_18283_,1.4,2.47
cluster_7588,input136,1.4,0.57
cluster_7589,input138,1.4,0.57
cluster_7590,input139,1.4,0.57
cluster_7591,clone8,1.4,1.71
cluster_7592,input140,1.4,0.57
cluster_7593,input142,1.4,0.57
cluster_7594,input143,1.4,0.57
cluster_7595,input135,1.4,0.57
cluster_7596,_18411_,1.4,2.47
cluster_7597,_18446_,1.4,1.71
cluster_7598,_18473_,1.4,2.47
cluster_7599,_24176_,1.4,0.57
cluster_7600,_29717_,1.4,1.9
cluster_7601,_29716_,1.4,1.9
cluster_7602,_29715_,1.4,1.9
cluster_7603,sa22_sr[7]$_DFF_P_,1.4,3.23
cluster_7604,_29714_,1.4,1.9
cluster_7605,_29713_,1.4,1.9
cluster_7606,_29712_,1.4,1.9
cluster_7607,_29711_,1.4,1.9
cluster_7608,_29710_,1.4,1.9
cluster_7609,text_in_r[104]$_DFFE_PP_,1.4,3.23
cluster_7610,text_in_r[105]$_DFFE_PP_,1.4,3.23
cluster_7611,text_in_r[107]$_DFFE_PP_,1.4,3.23
cluster_7612,text_in_r[108]$_DFFE_PP_,1.4,3.23
cluster_7613,text_in_r[109]$_DFFE_PP_,1.4,3.23
cluster_7614,text_in_r[110]$_DFFE_PP_,1.4,3.23
cluster_7615,text_in_r[111]$_DFFE_PP_,1.4,3.23
cluster_7616,_23938_,1.4,1.14
cluster_7617,_23939_,1.4,1.14
cluster_7618,_23940_,1.4,1.14
cluster_7619,_23941_,1.4,1.33
cluster_7620,_23995_,1.4,2.09
cluster_7621,_23994_,1.4,1.33
cluster_7622,_23993_,1.4,2.47
cluster_7623,_23992_,1.4,1.71
cluster_7624,_23991_,1.4,1.14
cluster_7625,_23990_,1.4,1.14
cluster_7626,_23989_,1.4,1.14
cluster_7627,_23996_,1.4,1.33
cluster_7628,_23985_,1.4,0.57
cluster_7629,_23983_,1.4,0.57
cluster_7630,_23981_,1.4,1.33
cluster_7631,_19857_,1.4,0.76
cluster_7632,_23980_,1.4,1.33
cluster_7633,_23979_,1.4,0.95
cluster_7634,_23978_,1.4,1.33
cluster_7635,_23977_,1.4,1.33
cluster_7636,_23984_,1.4,0.57
cluster_7637,_19872_,1.4,0.76
cluster_7638,_23997_,1.4,1.71
cluster_7639,_23998_,1.4,2.47
cluster_7640,_24015_,1.4,0.76
cluster_7641,_24014_,1.4,1.71
cluster_7642,_24013_,1.4,1.33
cluster_7643,_24012_,1.4,2.47
cluster_7644,_24011_,1.4,0.76
cluster_7645,_24010_,1.4,0.76
cluster_7646,_24009_,1.4,2.47
cluster_7647,_24008_,1.4,2.47
cluster_7648,_24007_,1.4,1.71
cluster_7649,_24006_,1.4,2.47
cluster_7650,_24005_,1.4,2.47
cluster_7651,_24004_,1.4,1.71
cluster_7652,_24003_,1.4,0.57
cluster_7653,_24002_,1.4,0.57
cluster_7654,_24001_,1.4,1.33
cluster_7655,_24000_,1.4,0.76
cluster_7656,_23999_,1.4,1.33
cluster_7657,_23976_,1.4,0.57
cluster_7658,_24017_,1.4,0.76
cluster_7659,_23975_,1.4,1.33
cluster_7660,_23973_,1.4,0.76
cluster_7661,_23952_,1.4,1.14
cluster_7662,_23951_,1.4,1.71
cluster_7663,_23948_,1.4,0.76
cluster_7664,_23947_,1.4,0.76
cluster_7665,_23946_,1.4,1.14
cluster_7666,_23944_,1.4,0.38
cluster_7667,_23943_,1.4,0.95
cluster_7668,_23953_,1.4,0.76
cluster_7669,_23942_,1.4,1.9
cluster_7670,sa22_sr[1]$_DFF_P_,1.4,3.23
cluster_7671,sa22_sr[2]$_DFF_P_,1.4,3.23
cluster_7672,sa22_sr[3]$_DFF_P_,1.4,3.23
cluster_7673,sa22_sr[4]$_DFF_P_,1.4,3.23
cluster_7674,_19797_,1.4,1.33
cluster_7675,sa22_sr[5]$_DFF_P_,1.4,3.23
cluster_7676,sa22_sr[6]$_DFF_P_,1.4,3.23
cluster_7677,sa22_sr[0]$_DFF_P_,1.4,3.23
cluster_7678,_23954_,1.4,0.76
cluster_7679,_19824_,1.4,1.33
cluster_7680,_23955_,1.4,1.71
cluster_7681,_23972_,1.4,1.71
cluster_7682,_23971_,1.4,1.14
cluster_7683,_19844_,1.4,0.76
cluster_7684,_23968_,1.4,0.57
cluster_7685,_23967_,1.4,0.38
cluster_7686,_23966_,1.4,0.57
cluster_7687,_23965_,1.4,1.71
cluster_7688,_23964_,1.4,1.71
cluster_7689,_23963_,1.4,1.14
cluster_7690,_23962_,1.4,1.14
cluster_7691,_23961_,1.4,1.33
cluster_7692,_19834_,1.4,0.76
cluster_7693,_23960_,1.4,1.33
cluster_7694,_23959_,1.4,2.09
cluster_7695,_23958_,1.4,1.33
cluster_7696,_23957_,1.4,0.57
cluster_7697,_23956_,1.4,0.76
cluster_7698,_23974_,1.4,0.57
cluster_7699,_24177_,1.4,0.76
cluster_7700,_24296_,1.4,0.95
cluster_7701,_24179_,1.4,0.95
cluster_7702,_24434_,1.4,0.76
cluster_7703,_24433_,1.4,0.57
cluster_7704,_24432_,1.4,0.76
cluster_7705,_24431_,1.4,0.76
cluster_7706,_24430_,1.4,0.95
cluster_7707,_24429_,1.4,0.76
cluster_7708,_24428_,1.4,0.76
cluster_7709,_24427_,1.4,1.33
cluster_7710,_24426_,1.4,0.57
cluster_7711,_24425_,1.4,0.76
cluster_7712,_24424_,1.4,0.76
cluster_7713,_24423_,1.4,1.14
cluster_7714,_24422_,1.4,1.14
cluster_7715,_24421_,1.4,1.33
cluster_7716,_24420_,1.4,0.95
cluster_7717,_24419_,1.4,0.57
cluster_7718,_24418_,1.4,1.14
cluster_7719,_24417_,1.4,0.76
cluster_7720,_24416_,1.4,0.76
cluster_7721,_24435_,1.4,0.57
cluster_7722,_24436_,1.4,1.33
cluster_7723,_24437_,1.4,0.57
cluster_7724,_24438_,1.4,1.14
cluster_7725,_24458_,1.4,0.57
cluster_7726,_24457_,1.4,1.14
cluster_7727,_24456_,1.4,1.33
cluster_7728,_24455_,1.4,0.38
cluster_7729,_24454_,1.4,1.14
cluster_7730,_24453_,1.4,1.14
cluster_7731,_24452_,1.4,0.76
cluster_7732,_24451_,1.4,1.14
cluster_7733,_24450_,1.4,1.14
cluster_7734,_24415_,1.4,0.76
cluster_7735,_24449_,1.4,0.57
cluster_7736,_24447_,1.4,0.76
cluster_7737,_24446_,1.4,0.57
cluster_7738,_24445_,1.4,1.14
cluster_7739,_24444_,1.4,0.95
cluster_7740,_24443_,1.4,1.14
cluster_7741,_24442_,1.4,0.76
cluster_7742,_24441_,1.4,1.14
cluster_7743,_24440_,1.4,1.33
cluster_7744,_24439_,1.4,0.57
cluster_7745,_24448_,1.4,0.76
cluster_7746,_24459_,1.4,0.76
cluster_7747,_24414_,1.4,0.76
cluster_7748,_24412_,1.4,0.95
cluster_7749,_24387_,1.4,1.14
cluster_7750,_24386_,1.4,1.14
cluster_7751,_24385_,1.4,0.76
cluster_7752,_24384_,1.4,0.57
cluster_7753,_24383_,1.4,0.76
cluster_7754,_24382_,1.4,0.76
cluster_7755,_24381_,1.4,0.76
cluster_7756,_24380_,1.4,0.57
cluster_7757,_24379_,1.4,0.76
cluster_7758,_24178_,1.4,0.57
cluster_7759,_24377_,1.4,1.33
cluster_7760,_24376_,1.4,0.76
cluster_7761,_24375_,1.4,0.76
cluster_7762,_24374_,1.4,0.76
cluster_7763,_24373_,1.4,0.57
cluster_7764,_24372_,1.4,0.57
cluster_7765,_24371_,1.4,0.76
cluster_7766,_24370_,1.4,1.14
cluster_7767,_24369_,1.4,0.76
cluster_7768,_24388_,1.4,1.33
cluster_7769,_24389_,1.4,0.76
cluster_7770,_24390_,1.4,0.76
cluster_7771,_24391_,1.4,0.57
cluster_7772,_24411_,1.4,0.76
cluster_7773,_24410_,1.4,1.33
cluster_7774,_24409_,1.4,0.76
cluster_7775,_24408_,1.4,1.71
cluster_7776,_24407_,1.4,1.14
cluster_7777,_24406_,1.4,0.76
cluster_7778,_24405_,1.4,0.76
cluster_7779,_24404_,1.4,0.76
cluster_7780,_24403_,1.4,0.76
cluster_7781,_24413_,1.4,0.95
cluster_7782,_24402_,1.4,0.76
cluster_7783,_24400_,1.4,0.76
cluster_7784,_24399_,1.4,0.57
cluster_7785,_24398_,1.4,0.95
cluster_7786,_24397_,1.4,0.57
cluster_7787,_24396_,1.4,0.76
cluster_7788,_24395_,1.4,0.76
cluster_7789,_24394_,1.4,0.95
cluster_7790,_24393_,1.4,0.76
cluster_7791,_24392_,1.4,1.14
cluster_7792,_24401_,1.4,1.14
cluster_7793,_24368_,1.4,1.14
cluster_7794,_24460_,1.4,0.76
cluster_7795,_24462_,1.4,0.76
cluster_7796,_24528_,1.4,0.76
cluster_7797,_24527_,1.4,0.76
cluster_7798,_24526_,1.4,0.76
cluster_7799,_24525_,1.4,1.14
cluster_7800,_24524_,1.4,0.57
cluster_7801,_24523_,1.4,0.57
cluster_7802,_24522_,1.4,0.57
cluster_7803,_24521_,1.4,0.76
cluster_7804,_24520_,1.4,0.57
cluster_7805,_24519_,1.4,0.76
cluster_7806,_24518_,1.4,0.95
cluster_7807,_24517_,1.4,0.95
cluster_7808,_24516_,1.4,0.76
cluster_7809,_24515_,1.4,0.76
cluster_7810,_24514_,1.4,0.76
cluster_7811,_24513_,1.4,1.14
cluster_7812,_24512_,1.4,0.76
cluster_7813,_24511_,1.4,0.95
cluster_7814,_24510_,1.4,0.76
cluster_7815,_24529_,1.4,1.14
cluster_7816,_24530_,1.4,0.76
cluster_7817,_24531_,1.4,1.52
cluster_7818,_24532_,1.4,0.76
cluster_7819,_24552_,1.4,0.95
cluster_7820,_24551_,1.4,1.14
cluster_7821,_24550_,1.4,0.95
cluster_7822,_24549_,1.4,0.76
cluster_7823,_24548_,1.4,0.76
cluster_7824,_24547_,1.4,0.76
cluster_7825,_24546_,1.4,0.76
cluster_7826,_24545_,1.4,0.76
cluster_7827,_24544_,1.4,0.76
cluster_7828,_24509_,1.4,0.76
cluster_7829,_24543_,1.4,0.76
cluster_7830,_24541_,1.4,0.57
cluster_7831,_24540_,1.4,0.76
cluster_7832,_24539_,1.4,0.76
cluster_7833,_24538_,1.4,0.95
cluster_7834,_24537_,1.4,0.76
cluster_7835,_24536_,1.4,0.76
cluster_7836,_24535_,1.4,0.76
cluster_7837,_24534_,1.4,0.95
cluster_7838,_24533_,1.4,0.76
cluster_7839,_24542_,1.4,0.57
cluster_7840,_24461_,1.4,0.76
cluster_7841,_24508_,1.4,1.14
cluster_7842,_24506_,1.4,0.76
cluster_7843,_24481_,1.4,0.76
cluster_7844,_24480_,1.4,1.33
cluster_7845,_24479_,1.4,0.76
cluster_7846,_24478_,1.4,1.14
cluster_7847,_24477_,1.4,0.95
cluster_7848,_24476_,1.4,1.33
cluster_7849,_24475_,1.4,0.76
cluster_7850,_24474_,1.4,0.76
cluster_7851,_24473_,1.4,1.14
cluster_7852,_24472_,1.4,0.76
cluster_7853,_24471_,1.4,1.33
cluster_7854,_24470_,1.4,1.14
cluster_7855,_24469_,1.4,0.76
cluster_7856,_24468_,1.4,0.76
cluster_7857,_24467_,1.4,0.76
cluster_7858,_24466_,1.4,1.71
cluster_7859,_24465_,1.4,0.95
cluster_7860,_24464_,1.4,1.14
cluster_7861,_24463_,1.4,0.57
cluster_7862,_24482_,1.4,0.76
cluster_7863,_24483_,1.4,0.95
cluster_7864,_24484_,1.4,0.76
cluster_7865,_24485_,1.4,0.76
cluster_7866,_24505_,1.4,0.76
cluster_7867,_24504_,1.4,0.57
cluster_7868,_24503_,1.4,0.95
cluster_7869,_24502_,1.4,0.76
cluster_7870,_24501_,1.4,1.14
cluster_7871,_24500_,1.4,0.76
cluster_7872,_24499_,1.4,0.76
cluster_7873,_24498_,1.4,0.57
cluster_7874,_24497_,1.4,0.76
cluster_7875,_24507_,1.4,0.76
cluster_7876,_24496_,1.4,0.76
cluster_7877,_24494_,1.4,0.76
cluster_7878,_24493_,1.4,0.95
cluster_7879,_24492_,1.4,0.76
cluster_7880,_24491_,1.4,0.76
cluster_7881,_24490_,1.4,0.95
cluster_7882,_24489_,1.4,0.95
cluster_7883,_24488_,1.4,1.14
cluster_7884,_24487_,1.4,1.33
cluster_7885,_24486_,1.4,0.76
cluster_7886,_24495_,1.4,0.76
cluster_7887,_24367_,1.4,0.57
cluster_7888,_24378_,1.4,1.14
cluster_7889,_24365_,1.4,0.76
cluster_7890,_24245_,1.4,0.76
cluster_7891,_24244_,1.4,0.57
cluster_7892,_24243_,1.4,0.76
cluster_7893,_24242_,1.4,1.33
cluster_7894,_24241_,1.4,0.38
cluster_7895,_24240_,1.4,0.57
cluster_7896,_24239_,1.4,0.95
cluster_7897,_24238_,1.4,0.95
cluster_7898,_24237_,1.4,0.95
cluster_7899,_24236_,1.4,0.76
cluster_7900,_24235_,1.4,0.76
cluster_7901,_24234_,1.4,0.76
cluster_7902,_24233_,1.4,1.71
cluster_7903,_24232_,1.4,0.76
cluster_7904,_24231_,1.4,1.71
cluster_7905,_24230_,1.4,0.95
cluster_7906,_24229_,1.4,1.33
cluster_7907,_24228_,1.4,0.76
cluster_7908,_24227_,1.4,1.33
cluster_7909,_24246_,1.4,0.76
cluster_7910,_24247_,1.4,0.76
cluster_7911,_24248_,1.4,0.57
cluster_7912,_24249_,1.4,0.95
cluster_7913,_24269_,1.4,1.14
cluster_7914,_24268_,1.4,0.57
cluster_7915,_24267_,1.4,0.76
cluster_7916,_24266_,1.4,0.57
cluster_7917,_24265_,1.4,0.76
cluster_7918,_24264_,1.4,0.76
cluster_7919,_24263_,1.4,0.76
cluster_7920,_24262_,1.4,0.57
cluster_7921,_24261_,1.4,0.95
cluster_7922,_24226_,1.4,1.14
cluster_7923,_24366_,1.4,0.57
cluster_7924,_24258_,1.4,0.76
cluster_7925,_24257_,1.4,0.57
cluster_7926,_24256_,1.4,0.76
cluster_7927,_24255_,1.4,0.76
cluster_7928,_24254_,1.4,0.57
cluster_7929,_24253_,1.4,0.76
cluster_7930,_24252_,1.4,0.57
cluster_7931,_24251_,1.4,0.95
cluster_7932,_24250_,1.4,0.95
cluster_7933,_24259_,1.4,0.76
cluster_7934,_24270_,1.4,0.76
cluster_7935,_24225_,1.4,0.57
cluster_7936,_24223_,1.4,2.09
cluster_7937,_24198_,1.4,1.33
cluster_7938,_24197_,1.4,1.71
cluster_7939,_24196_,1.4,0.95
cluster_7940,_24195_,1.4,0.57
cluster_7941,_24194_,1.4,0.57
cluster_7942,_24193_,1.4,0.76
cluster_7943,_24192_,1.4,1.33
cluster_7944,_24191_,1.4,0.76
cluster_7945,_24190_,1.4,1.14
cluster_7946,_24189_,1.4,0.38
cluster_7947,_24188_,1.4,0.76
cluster_7948,_24187_,1.4,0.57
cluster_7949,_24186_,1.4,1.14
cluster_7950,_24185_,1.4,0.76
cluster_7951,_24184_,1.4,0.57
cluster_7952,_24183_,1.4,2.66
cluster_7953,_24182_,1.4,0.76
cluster_7954,_24181_,1.4,2.47
cluster_7955,_24180_,1.4,0.76
cluster_7956,_24199_,1.4,0.57
cluster_7957,_24200_,1.4,1.14
cluster_7958,_24201_,1.4,0.57
cluster_7959,_24202_,1.4,1.33
cluster_7960,_24222_,1.4,0.95
cluster_7961,_24221_,1.4,0.76
cluster_7962,_24220_,1.4,1.33
cluster_7963,_24219_,1.4,1.14
cluster_7964,_24218_,1.4,0.76
cluster_7965,_24217_,1.4,1.33
cluster_7966,_24216_,1.4,0.76
cluster_7967,_24215_,1.4,0.76
cluster_7968,_24214_,1.4,1.33
cluster_7969,_24224_,1.4,1.33
cluster_7970,_24213_,1.4,0.76
cluster_7971,_24211_,1.4,0.57
cluster_7972,_24210_,1.4,0.76
cluster_7973,_24209_,1.4,1.14
cluster_7974,_24208_,1.4,0.95
cluster_7975,_24207_,1.4,0.95
cluster_7976,_24206_,1.4,0.76
cluster_7977,_24205_,1.4,0.76
cluster_7978,_24204_,1.4,1.33
cluster_7979,_24203_,1.4,0.76
cluster_7980,_24212_,1.4,1.14
cluster_7981,_24271_,1.4,0.76
cluster_7982,_24260_,1.4,1.14
cluster_7983,_24273_,1.4,1.14
cluster_7984,_24340_,1.4,0.57
cluster_7985,_24339_,1.4,0.95
cluster_7986,_24338_,1.4,0.76
cluster_7987,_24337_,1.4,0.76
cluster_7988,_24336_,1.4,1.33
cluster_7989,_24335_,1.4,1.14
cluster_7990,_24334_,1.4,0.57
cluster_7991,_24333_,1.4,0.76
cluster_7992,_24332_,1.4,1.14
cluster_7993,_24272_,1.4,0.76
cluster_7994,_24330_,1.4,0.95
cluster_7995,_24329_,1.4,0.57
cluster_7996,_24328_,1.4,1.14
cluster_7997,_24327_,1.4,1.14
cluster_7998,_24326_,1.4,0.76
cluster_7999,_24325_,1.4,1.14
cluster_8000,_24324_,1.4,0.57
cluster_8001,_24323_,1.4,0.76
cluster_8002,_24322_,1.4,0.76
cluster_8003,_24341_,1.4,1.33
cluster_8004,_24342_,1.4,0.95
cluster_8005,_24343_,1.4,0.57
cluster_8006,_24344_,1.4,0.57
cluster_8007,_24364_,1.4,0.76
cluster_8008,_24363_,1.4,1.14
cluster_8009,_24362_,1.4,1.33
cluster_8010,_24361_,1.4,1.14
cluster_8011,_24360_,1.4,0.57
cluster_8012,_24359_,1.4,1.14
cluster_8013,_24358_,1.4,0.76
cluster_8014,_24357_,1.4,1.14
cluster_8015,_24356_,1.4,0.76
cluster_8016,_24321_,1.4,0.76
cluster_8017,_24355_,1.4,0.57
cluster_8018,_24353_,1.4,0.76
cluster_8019,_24352_,1.4,0.95
cluster_8020,_24351_,1.4,0.57
cluster_8021,_24350_,1.4,0.76
cluster_8022,_24349_,1.4,0.76
cluster_8023,_24348_,1.4,0.76
cluster_8024,_24347_,1.4,0.76
cluster_8025,_24346_,1.4,1.14
cluster_8026,_24345_,1.4,0.76
cluster_8027,_24354_,1.4,0.76
cluster_8028,_24320_,1.4,0.76
cluster_8029,_24331_,1.4,0.76
cluster_8030,_24318_,1.4,0.76
cluster_8031,_24293_,1.4,0.57
cluster_8032,_24292_,1.4,0.57
cluster_8033,_24291_,1.4,1.14
cluster_8034,_24290_,1.4,0.76
cluster_8035,_24289_,1.4,0.76
cluster_8036,_24288_,1.4,1.14
cluster_8037,_24287_,1.4,0.57
cluster_8038,_24319_,1.4,0.76
cluster_8039,_24285_,1.4,0.76
cluster_8040,_24294_,1.4,1.14
cluster_8041,_24284_,1.4,0.57
cluster_8042,_24282_,1.4,1.14
cluster_8043,_24281_,1.4,0.76
cluster_8044,_24280_,1.4,0.57
cluster_8045,_24279_,1.4,0.76
cluster_8046,_24278_,1.4,0.76
cluster_8047,_24277_,1.4,1.14
cluster_8048,_24276_,1.4,1.33
cluster_8049,_24275_,1.4,0.76
cluster_8050,_24274_,1.4,0.76
cluster_8051,_24283_,1.4,0.95
cluster_8052,_24295_,1.4,1.14
cluster_8053,_24286_,1.4,1.14
cluster_8054,_24297_,1.4,0.76
cluster_8055,_24316_,1.4,0.95
cluster_8056,_24315_,1.4,0.57
cluster_8057,_24314_,1.4,0.57
cluster_8058,_24313_,1.4,1.33
cluster_8059,_24312_,1.4,0.76
cluster_8060,_24311_,1.4,1.14
cluster_8061,_24310_,1.4,0.76
cluster_8062,_24309_,1.4,0.57
cluster_8063,_24308_,1.4,0.57
cluster_8064,_24307_,1.4,0.57
cluster_8065,_24317_,1.4,0.57
cluster_8066,_24305_,1.4,0.76
cluster_8067,_24306_,1.4,1.14
cluster_8068,_24299_,1.4,0.76
cluster_8069,_24300_,1.4,0.57
cluster_8070,_24301_,1.4,0.76
cluster_8071,_24298_,1.4,0.76
cluster_8072,_24303_,1.4,0.95
cluster_8073,_24304_,1.4,0.95
cluster_8074,_24302_,1.4,1.14
cluster_8075,_29642_,1.4,1.9
cluster_8076,_29634_,1.4,1.9
cluster_8077,_29641_,1.4,1.9
cluster_8078,_29640_,1.4,1.9
cluster_8079,_29639_,1.4,1.9
cluster_8080,_29638_,1.4,1.9
cluster_8081,_29637_,1.4,1.9
cluster_8082,_29636_,1.4,1.9
cluster_8083,_29643_,1.4,1.9
cluster_8084,_29635_,1.4,1.9
cluster_8085,sa02_sr[2]$_DFF_P_,1.4,3.23
cluster_8086,_29463_,1.4,1.33
cluster_8087,sa02_sr[0]$_DFF_P_,1.4,3.23
cluster_8088,sa02_sr[3]$_DFF_P_,1.4,3.23
cluster_8089,_29464_,1.4,1.33
cluster_8090,_29462_,1.4,1.33
cluster_8091,_29461_,1.4,1.33
cluster_8092,_29458_,1.4,1.33
cluster_8093,_29456_,1.4,1.33
cluster_8094,_29455_,1.4,1.33
cluster_8095,_29644_,1.4,1.9
cluster_8096,_29632_,1.4,1.9
cluster_8097,_29633_,1.4,1.9
cluster_8098,sa02_sr[1]$_DFF_P_,1.4,3.23
cluster_8099,input217,1.4,0.57
cluster_8100,_19030_,1.4,2.47
cluster_8101,input215,1.4,0.57
cluster_8102,_20053_,1.4,0.76
cluster_8103,_20052_,1.4,0.95
cluster_8104,_20051_,1.4,1.71
cluster_8105,_20050_,1.4,0.95
cluster_8106,_20049_,1.4,1.33
cluster_8107,_20048_,1.4,0.76
cluster_8108,_20054_,1.4,0.95
cluster_8109,_20047_,1.4,0.76
cluster_8110,_20045_,1.4,2.47
cluster_8111,_20044_,1.4,0.57
cluster_8112,_20043_,1.4,0.95
cluster_8113,_20042_,1.4,0.95
cluster_8114,_20041_,1.4,1.33
cluster_8115,_20040_,1.4,0.95
cluster_8116,_20046_,1.4,0.57
cluster_8117,_20055_,1.4,0.76
cluster_8118,_20056_,1.4,0.57
cluster_8119,_20057_,1.4,1.33
cluster_8120,_20072_,1.4,0.76
cluster_8121,_20071_,1.4,0.57
cluster_8122,_20070_,1.4,0.57
cluster_8123,_20069_,1.4,0.95
cluster_8124,_20068_,1.4,0.95
cluster_8125,_20067_,1.4,0.95
cluster_8126,_20066_,1.4,0.95
cluster_8127,_20065_,1.4,0.57
cluster_8128,_20064_,1.4,0.95
cluster_8129,_20063_,1.4,2.47
cluster_8130,_20062_,1.4,0.76
cluster_8131,_20061_,1.4,0.76
cluster_8132,_20060_,1.4,0.76
cluster_8133,_20059_,1.4,0.76
cluster_8134,_20058_,1.4,0.76
cluster_8135,_20039_,1.4,0.95
cluster_8136,_20073_,1.4,0.95
cluster_8137,_20038_,1.4,0.57
cluster_8138,_20036_,1.4,0.76
cluster_8139,_20016_,1.4,1.33
cluster_8140,_20015_,1.4,0.76
cluster_8141,_20014_,1.4,1.33
cluster_8142,_20013_,1.4,0.76
cluster_8143,_20012_,1.4,1.71
cluster_8144,_20011_,1.4,2.47
cluster_8145,_20017_,1.4,1.14
cluster_8146,_20010_,1.4,1.33
cluster_8147,_20008_,1.4,1.14
cluster_8148,_20007_,1.4,1.33
cluster_8149,_20006_,1.4,1.14
cluster_8150,_20005_,1.4,0.76
cluster_8151,_20004_,1.4,1.33
cluster_8152,_20003_,1.4,0.76
cluster_8153,_20009_,1.4,0.76
cluster_8154,_20018_,1.4,2.47
cluster_8155,_20019_,1.4,0.57
cluster_8156,_20020_,1.4,1.14
cluster_8157,_20035_,1.4,0.95
cluster_8158,_20034_,1.4,1.14
cluster_8159,_20033_,1.4,0.57
cluster_8160,_20032_,1.4,1.33
cluster_8161,_20031_,1.4,0.57
cluster_8162,_20030_,1.4,1.14
cluster_8163,_20029_,1.4,0.76
cluster_8164,_20028_,1.4,0.95
cluster_8165,_20027_,1.4,0.95
cluster_8166,_20026_,1.4,0.95
cluster_8167,_20025_,1.4,0.95
cluster_8168,_20024_,1.4,0.95
cluster_8169,_20023_,1.4,0.57
cluster_8170,_20022_,1.4,1.71
cluster_8171,_20021_,1.4,0.76
cluster_8172,_20037_,1.4,1.9
cluster_8173,_20002_,1.4,0.57
cluster_8174,_20074_,1.4,1.14
cluster_8175,_20076_,1.4,0.76
cluster_8176,_20127_,1.4,0.38
cluster_8177,_20126_,1.4,1.71
cluster_8178,_20125_,1.4,0.57
cluster_8179,_20124_,1.4,0.76
cluster_8180,_20123_,1.4,1.33
cluster_8181,_20122_,1.4,0.76
cluster_8182,_20128_,1.4,1.14
cluster_8183,_20121_,1.4,1.33
cluster_8184,_20119_,1.4,0.76
cluster_8185,_20118_,1.4,0.76
cluster_8186,_20117_,1.4,1.71
cluster_8187,_20116_,1.4,1.33
cluster_8188,_20115_,1.4,1.14
cluster_8189,_20114_,1.4,0.76
cluster_8190,_20120_,1.4,0.76
cluster_8191,_20129_,1.4,0.76
cluster_8192,_20130_,1.4,1.33
cluster_8193,_20131_,1.4,1.14
cluster_8194,_20146_,1.4,0.76
cluster_8195,_20145_,1.4,1.33
cluster_8196,_20144_,1.4,0.76
cluster_8197,_20143_,1.4,0.76
cluster_8198,_20142_,1.4,0.76
cluster_8199,_20141_,1.4,0.57
cluster_8200,_20140_,1.4,0.76
cluster_8201,_20139_,1.4,0.95
cluster_8202,_20138_,1.4,0.57
cluster_8203,_20137_,1.4,1.33
cluster_8204,_20136_,1.4,0.76
cluster_8205,_20135_,1.4,1.14
cluster_8206,_20134_,1.4,0.38
cluster_8207,_20133_,1.4,0.95
cluster_8208,_20132_,1.4,0.95
cluster_8209,_20113_,1.4,0.76
cluster_8210,_20075_,1.4,1.52
cluster_8211,_20112_,1.4,0.57
cluster_8212,_20110_,1.4,0.76
cluster_8213,_20090_,1.4,0.38
cluster_8214,_20089_,1.4,0.76
cluster_8215,_20088_,1.4,0.76
cluster_8216,_20087_,1.4,1.33
cluster_8217,_20086_,1.4,0.38
cluster_8218,_20085_,1.4,1.14
cluster_8219,_20091_,1.4,0.76
cluster_8220,_20084_,1.4,0.76
cluster_8221,_20082_,1.4,0.76
cluster_8222,_20081_,1.4,0.76
cluster_8223,_20080_,1.4,0.76
cluster_8224,_20079_,1.4,2.47
cluster_8225,_20078_,1.4,0.76
cluster_8226,_20077_,1.4,1.33
cluster_8227,_20083_,1.4,0.95
cluster_8228,_20092_,1.4,1.14
cluster_8229,_20093_,1.4,1.71
cluster_8230,_20094_,1.4,0.57
cluster_8231,_20109_,1.4,0.57
cluster_8232,_20108_,1.4,0.76
cluster_8233,_20107_,1.4,0.76
cluster_8234,_20106_,1.4,0.76
cluster_8235,_20105_,1.4,0.76
cluster_8236,_20104_,1.4,0.95
cluster_8237,_20103_,1.4,0.57
cluster_8238,_20102_,1.4,0.38
cluster_8239,_20101_,1.4,1.14
cluster_8240,_20100_,1.4,0.76
cluster_8241,_20099_,1.4,0.76
cluster_8242,_20098_,1.4,0.76
cluster_8243,_20097_,1.4,1.14
cluster_8244,_20096_,1.4,0.76
cluster_8245,_20095_,1.4,1.14
cluster_8246,_20111_,1.4,1.33
cluster_8247,_20001_,1.4,1.33
cluster_8248,_20000_,1.4,0.95
cluster_8249,_19999_,1.4,0.95
cluster_8250,_19903_,1.4,1.33
cluster_8251,_19902_,1.4,2.47
cluster_8252,_19901_,1.4,1.71
cluster_8253,_19900_,1.4,1.14
cluster_8254,_19899_,1.4,1.33
cluster_8255,_19898_,1.4,0.76
cluster_8256,_19904_,1.4,2.47
cluster_8257,_19897_,1.4,1.71
cluster_8258,_19895_,1.4,1.71
cluster_8259,_19894_,1.4,0.57
cluster_8260,_19893_,1.4,0.57
cluster_8261,_19892_,1.4,2.47
cluster_8262,_19891_,1.4,2.66
cluster_8263,_19890_,1.4,1.71
cluster_8264,_19896_,1.4,2.47
cluster_8265,_19905_,1.4,2.47
cluster_8266,_19906_,1.4,2.47
cluster_8267,_19907_,1.4,1.33
cluster_8268,_19922_,1.4,1.33
cluster_8269,input216,1.4,0.57
cluster_8270,_19920_,1.4,1.33
cluster_8271,_19919_,1.4,1.33
cluster_8272,_19918_,1.4,1.33
cluster_8273,_19917_,1.4,1.33
cluster_8274,_19916_,1.4,1.33
cluster_8275,_19915_,1.4,0.76
cluster_8276,_19914_,1.4,0.76
cluster_8277,_19913_,1.4,0.57
cluster_8278,_19912_,1.4,1.33
cluster_8279,_19911_,1.4,2.66
cluster_8280,_19910_,1.4,1.33
cluster_8281,_19909_,1.4,1.9
cluster_8282,_19908_,1.4,1.14
cluster_8283,_19889_,1.4,2.47
cluster_8284,_19923_,1.4,2.47
cluster_8285,_19888_,1.4,1.71
cluster_8286,_19886_,1.4,0.57
cluster_8287,_19861_,1.4,1.14
cluster_8288,_19859_,1.4,1.9
cluster_8289,_19858_,1.4,1.14
cluster_8290,_19856_,1.4,0.76
cluster_8291,_19855_,1.4,1.33
cluster_8292,_19854_,1.4,1.33
cluster_8293,_19863_,1.4,1.14
cluster_8294,_19853_,1.4,1.71
cluster_8295,_19851_,1.4,1.14
cluster_8296,_19850_,1.4,1.14
cluster_8297,_19849_,1.4,1.14
cluster_8298,_19848_,1.4,0.76
cluster_8299,_19846_,1.4,1.14
cluster_8300,_19843_,1.4,0.95
cluster_8301,_19852_,1.4,1.71
cluster_8302,_19864_,1.4,1.14
cluster_8303,_19865_,1.4,1.14
cluster_8304,_19866_,1.4,1.71
cluster_8305,_19885_,1.4,1.33
cluster_8306,_19884_,1.4,2.47
cluster_8307,_19883_,1.4,1.33
cluster_8308,_19882_,1.4,0.76
cluster_8309,_19881_,1.4,1.33
cluster_8310,_19880_,1.4,2.09
cluster_8311,_19879_,1.4,1.71
cluster_8312,_19878_,1.4,1.14
cluster_8313,_19877_,1.4,1.14
cluster_8314,_19876_,1.4,1.14
cluster_8315,_19871_,1.4,1.33
cluster_8316,_19870_,1.4,0.57
cluster_8317,_19869_,1.4,0.57
cluster_8318,_19868_,1.4,0.57
cluster_8319,_19867_,1.4,1.71
cluster_8320,_19887_,1.4,0.57
cluster_8321,_19924_,1.4,1.33
cluster_8322,_19925_,1.4,0.95
cluster_8323,_19926_,1.4,0.76
cluster_8324,_19978_,1.4,1.33
cluster_8325,_19977_,1.4,1.71
cluster_8326,_19976_,1.4,1.33
cluster_8327,_19975_,1.4,1.33
cluster_8328,_19974_,1.4,0.95
cluster_8329,_19973_,1.4,0.76
cluster_8330,_19979_,1.4,0.57
cluster_8331,_19972_,1.4,0.38
cluster_8332,_19970_,1.4,0.76
cluster_8333,_19969_,1.4,1.33
cluster_8334,_19968_,1.4,0.57
cluster_8335,_19967_,1.4,1.33
cluster_8336,_19966_,1.4,1.9
cluster_8337,_19965_,1.4,0.76
cluster_8338,_19971_,1.4,2.47
cluster_8339,_19980_,1.4,0.76
cluster_8340,_19981_,1.4,1.33
cluster_8341,_19982_,1.4,0.76
cluster_8342,_19998_,1.4,0.76
cluster_8343,_19996_,1.4,0.95
cluster_8344,_19995_,1.4,0.57
cluster_8345,_19994_,1.4,0.76
cluster_8346,_19993_,1.4,1.33
cluster_8347,_19992_,1.4,0.57
cluster_8348,_19991_,1.4,0.95
cluster_8349,_19990_,1.4,0.57
cluster_8350,_19989_,1.4,1.33
cluster_8351,_19988_,1.4,0.38
cluster_8352,_19987_,1.4,0.95
cluster_8353,_19986_,1.4,0.76
cluster_8354,_19985_,1.4,0.95
cluster_8355,_19984_,1.4,0.76
cluster_8356,_19983_,1.4,0.57
cluster_8357,_19964_,1.4,1.14
cluster_8358,_19963_,1.4,1.71
cluster_8359,_19962_,1.4,0.57
cluster_8360,_19961_,1.4,0.95
cluster_8361,_19941_,1.4,2.47
cluster_8362,_19940_,1.4,2.47
cluster_8363,_19939_,1.4,2.47
cluster_8364,_19938_,1.4,0.57
cluster_8365,_19937_,1.4,1.33
cluster_8366,_19936_,1.4,0.76
cluster_8367,_19935_,1.4,1.33
cluster_8368,_19934_,1.4,1.33
cluster_8369,_19933_,1.4,1.33
cluster_8370,_19932_,1.4,0.95
cluster_8371,_19931_,1.4,0.57
cluster_8372,_19930_,1.4,0.95
cluster_8373,split165,1.4,0.76
cluster_8374,_19928_,1.4,1.33
cluster_8375,_19927_,1.4,1.33
cluster_8376,_19942_,1.4,0.76
cluster_8377,_20147_,1.4,1.33
cluster_8378,_19943_,1.4,1.33
cluster_8379,_19945_,1.4,1.14
cluster_8380,_19960_,1.4,1.33
cluster_8381,_19959_,1.4,0.76
cluster_8382,_19958_,1.4,0.95
cluster_8383,_19957_,1.4,0.57
cluster_8384,_19956_,1.4,1.71
cluster_8385,_19955_,1.4,0.76
cluster_8386,_19954_,1.4,0.76
cluster_8387,_19953_,1.4,1.33
cluster_8388,_19952_,1.4,1.33
cluster_8389,_19951_,1.4,0.76
cluster_8390,_19950_,1.4,1.33
cluster_8391,_19949_,1.4,1.71
cluster_8392,_19948_,1.4,1.33
cluster_8393,_19947_,1.4,1.71
cluster_8394,_19946_,1.4,1.14
cluster_8395,_19944_,1.4,1.33
cluster_8396,_20148_,1.4,0.76
cluster_8397,_20149_,1.4,0.76
cluster_8398,_20150_,1.4,1.14
cluster_8399,_20350_,1.4,0.76
cluster_8400,_20349_,1.4,0.95
cluster_8401,_20348_,1.4,0.76
cluster_8402,_20347_,1.4,1.33
cluster_8403,_20346_,1.4,0.95
cluster_8404,_20345_,1.4,0.76
cluster_8405,_20351_,1.4,1.14
cluster_8406,_20344_,1.4,0.57
cluster_8407,_20342_,1.4,1.14
cluster_8408,_20341_,1.4,0.76
cluster_8409,_20340_,1.4,0.76
cluster_8410,_20339_,1.4,0.76
cluster_8411,_20338_,1.4,0.76
cluster_8412,_20337_,1.4,0.95
cluster_8413,_20343_,1.4,0.76
cluster_8414,_20352_,1.4,0.76
cluster_8415,_20353_,1.4,0.57
cluster_8416,_20354_,1.4,1.33
cluster_8417,_20369_,1.4,0.76
cluster_8418,_20368_,1.4,1.14
cluster_8419,_20367_,1.4,0.76
cluster_8420,_20366_,1.4,0.95
cluster_8421,_20365_,1.4,0.76
cluster_8422,_20364_,1.4,0.76
cluster_8423,_20363_,1.4,0.76
cluster_8424,_20362_,1.4,0.57
cluster_8425,_20361_,1.4,0.76
cluster_8426,_20360_,1.4,1.14
cluster_8427,_20359_,1.4,0.57
cluster_8428,_20358_,1.4,0.57
cluster_8429,_20357_,1.4,0.76
cluster_8430,_20356_,1.4,0.95
cluster_8431,_20355_,1.4,1.14
cluster_8432,_20336_,1.4,0.76
cluster_8433,_20370_,1.4,0.76
cluster_8434,_20335_,1.4,1.14
cluster_8435,_20333_,1.4,1.14
cluster_8436,_20313_,1.4,0.76
cluster_8437,_20312_,1.4,1.14
cluster_8438,_20311_,1.4,0.76
cluster_8439,_20310_,1.4,0.57
cluster_8440,_20309_,1.4,0.76
cluster_8441,_20308_,1.4,0.76
cluster_8442,_20314_,1.4,0.38
cluster_8443,_20307_,1.4,0.57
cluster_8444,_20305_,1.4,0.76
cluster_8445,_20304_,1.4,0.57
cluster_8446,_20303_,1.4,0.57
cluster_8447,_20302_,1.4,0.76
cluster_8448,_20301_,1.4,0.57
cluster_8449,_20300_,1.4,0.76
cluster_8450,_20306_,1.4,1.14
cluster_8451,_20315_,1.4,0.76
cluster_8452,_20316_,1.4,1.14
cluster_8453,_20317_,1.4,1.14
cluster_8454,_20332_,1.4,1.33
cluster_8455,_20331_,1.4,0.95
cluster_8456,_20330_,1.4,1.33
cluster_8457,_20329_,1.4,0.95
cluster_8458,_20328_,1.4,0.76
cluster_8459,_20327_,1.4,0.76
cluster_8460,_20326_,1.4,1.14
cluster_8461,_20325_,1.4,1.33
cluster_8462,_20324_,1.4,0.76
cluster_8463,_20323_,1.4,1.14
cluster_8464,_20322_,1.4,0.76
cluster_8465,_20321_,1.4,1.33
cluster_8466,_20320_,1.4,0.76
cluster_8467,_20319_,1.4,0.95
cluster_8468,_20318_,1.4,0.76
cluster_8469,_20334_,1.4,1.14
cluster_8470,_20371_,1.4,0.76
cluster_8471,_20372_,1.4,0.76
cluster_8472,_20373_,1.4,0.76
cluster_8473,_20425_,1.4,0.76
cluster_8474,_20424_,1.4,0.76
cluster_8475,_20423_,1.4,0.76
cluster_8476,_20422_,1.4,0.57
cluster_8477,_20421_,1.4,0.76
cluster_8478,_20420_,1.4,1.14
cluster_8479,_20426_,1.4,0.76
cluster_8480,_20419_,1.4,1.33
cluster_8481,_20417_,1.4,0.76
cluster_8482,_20416_,1.4,0.95
cluster_8483,_20415_,1.4,1.14
cluster_8484,_20414_,1.4,1.14
cluster_8485,_20413_,1.4,1.33
cluster_8486,_20412_,1.4,1.14
cluster_8487,_20418_,1.4,0.76
cluster_8488,_20427_,1.4,0.76
cluster_8489,_20428_,1.4,0.76
cluster_8490,_20429_,1.4,0.76
cluster_8491,sa02_sr[4]$_DFF_P_,1.4,3.23
cluster_8492,sa02_sr[5]$_DFF_P_,1.4,3.23
cluster_8493,sa02_sr[6]$_DFF_P_,1.4,3.23
cluster_8494,sa02_sr[7]$_DFF_P_,1.4,3.23
cluster_8495,_20440_,1.4,1.14
cluster_8496,_20439_,1.4,0.76
cluster_8497,_20438_,1.4,0.57
cluster_8498,_20437_,1.4,1.14
cluster_8499,_20436_,1.4,0.76
cluster_8500,_20435_,1.4,0.76
cluster_8501,_20434_,1.4,0.76
cluster_8502,_20433_,1.4,0.76
cluster_8503,_20432_,1.4,0.95
cluster_8504,_20431_,1.4,0.76
cluster_8505,_20430_,1.4,1.14
cluster_8506,_20411_,1.4,0.76
cluster_8507,_20410_,1.4,0.95
cluster_8508,_20409_,1.4,0.76
cluster_8509,_20408_,1.4,0.76
cluster_8510,_20388_,1.4,0.76
cluster_8511,_20387_,1.4,1.14
cluster_8512,_20386_,1.4,0.76
cluster_8513,_20385_,1.4,0.76
cluster_8514,_20384_,1.4,1.14
cluster_8515,_20383_,1.4,1.14
cluster_8516,_20382_,1.4,0.57
cluster_8517,_20381_,1.4,0.57
cluster_8518,_20380_,1.4,0.95
cluster_8519,_20379_,1.4,0.57
cluster_8520,_20378_,1.4,0.57
cluster_8521,_20377_,1.4,1.71
cluster_8522,_20376_,1.4,1.33
cluster_8523,_20375_,1.4,0.95
cluster_8524,_20374_,1.4,0.76
cluster_8525,_20389_,1.4,1.14
cluster_8526,_20299_,1.4,0.57
cluster_8527,_20390_,1.4,0.95
cluster_8528,_20392_,1.4,0.95
cluster_8529,_20407_,1.4,0.76
cluster_8530,_20406_,1.4,0.76
cluster_8531,_20405_,1.4,0.38
cluster_8532,_20404_,1.4,0.76
cluster_8533,_20403_,1.4,0.76
cluster_8534,_20402_,1.4,1.52
cluster_8535,_20401_,1.4,0.76
cluster_8536,_20400_,1.4,0.76
cluster_8537,_20399_,1.4,0.57
cluster_8538,_20398_,1.4,1.14
cluster_8539,_20397_,1.4,0.76
cluster_8540,_20396_,1.4,0.76
cluster_8541,_20395_,1.4,0.57
cluster_8542,_20394_,1.4,0.76
cluster_8543,_20393_,1.4,1.14
cluster_8544,_20391_,1.4,0.76
cluster_8545,_19842_,1.4,1.9
cluster_8546,_20298_,1.4,1.14
cluster_8547,_20296_,1.4,1.33
cluster_8548,_20201_,1.4,0.57
cluster_8549,_20200_,1.4,1.33
cluster_8550,_20199_,1.4,1.14
cluster_8551,_20198_,1.4,0.76
cluster_8552,_20197_,1.4,0.95
cluster_8553,_20196_,1.4,0.76
cluster_8554,_20202_,1.4,0.57
cluster_8555,_20195_,1.4,0.76
cluster_8556,_20193_,1.4,1.14
cluster_8557,_20192_,1.4,0.76
cluster_8558,_20191_,1.4,0.76
cluster_8559,_20190_,1.4,1.71
cluster_8560,_20189_,1.4,1.33
cluster_8561,_20188_,1.4,0.76
cluster_8562,_20194_,1.4,0.76
cluster_8563,_20203_,1.4,0.76
cluster_8564,_20204_,1.4,0.76
cluster_8565,_20205_,1.4,0.76
cluster_8566,_20220_,1.4,0.76
cluster_8567,_20219_,1.4,0.95
cluster_8568,_20218_,1.4,1.14
cluster_8569,_20217_,1.4,0.95
cluster_8570,_20216_,1.4,1.14
cluster_8571,_20215_,1.4,0.76
cluster_8572,_20214_,1.4,0.76
cluster_8573,_20213_,1.4,0.76
cluster_8574,_20212_,1.4,0.76
cluster_8575,_20211_,1.4,0.76
cluster_8576,_20210_,1.4,0.76
cluster_8577,_20209_,1.4,0.57
cluster_8578,_20208_,1.4,1.14
cluster_8579,_20207_,1.4,0.76
cluster_8580,_20206_,1.4,0.76
cluster_8581,_20187_,1.4,1.33
cluster_8582,_20221_,1.4,0.76
cluster_8583,_20186_,1.4,1.14
cluster_8584,_20184_,1.4,0.95
cluster_8585,_20164_,1.4,0.76
cluster_8586,_20163_,1.4,0.76
cluster_8587,_20162_,1.4,0.76
cluster_8588,_20161_,1.4,0.57
cluster_8589,_20160_,1.4,0.57
cluster_8590,_20159_,1.4,1.71
cluster_8591,_20165_,1.4,1.33
cluster_8592,_20158_,1.4,0.76
cluster_8593,_20156_,1.4,0.76
cluster_8594,_20155_,1.4,0.76
cluster_8595,_20154_,1.4,1.33
cluster_8596,_20153_,1.4,0.76
cluster_8597,_20152_,1.4,1.14
cluster_8598,_20151_,1.4,0.57
cluster_8599,_20157_,1.4,1.33
cluster_8600,_20166_,1.4,0.76
cluster_8601,_20167_,1.4,0.57
cluster_8602,_20168_,1.4,0.95
cluster_8603,_20183_,1.4,0.57
cluster_8604,_20182_,1.4,0.57
cluster_8605,_20181_,1.4,1.14
cluster_8606,_20180_,1.4,1.33
cluster_8607,_20179_,1.4,0.57
cluster_8608,_20178_,1.4,0.76
cluster_8609,_20177_,1.4,0.76
cluster_8610,_20176_,1.4,0.76
cluster_8611,_20175_,1.4,2.47
cluster_8612,_20174_,1.4,0.76
cluster_8613,_20173_,1.4,1.14
cluster_8614,_20172_,1.4,0.76
cluster_8615,_20171_,1.4,1.71
cluster_8616,_20170_,1.4,0.76
cluster_8617,_20169_,1.4,0.76
cluster_8618,_20185_,1.4,1.33
cluster_8619,_20222_,1.4,0.76
cluster_8620,_20223_,1.4,0.76
cluster_8621,_20224_,1.4,1.14
cluster_8622,_20276_,1.4,0.57
cluster_8623,_20275_,1.4,0.57
cluster_8624,_20274_,1.4,1.71
cluster_8625,_20273_,1.4,1.14
cluster_8626,_20272_,1.4,0.76
cluster_8627,_20271_,1.4,0.57
cluster_8628,_20277_,1.4,0.76
cluster_8629,_20270_,1.4,0.76
cluster_8630,_20268_,1.4,0.57
cluster_8631,_20267_,1.4,1.14
cluster_8632,_20266_,1.4,0.76
cluster_8633,_20265_,1.4,1.33
cluster_8634,_20264_,1.4,0.76
cluster_8635,_20263_,1.4,0.76
cluster_8636,_20269_,1.4,0.76
cluster_8637,_20278_,1.4,0.95
cluster_8638,_20279_,1.4,1.14
cluster_8639,_20280_,1.4,1.14
cluster_8640,_20295_,1.4,1.14
cluster_8641,_20294_,1.4,0.76
cluster_8642,_20293_,1.4,0.57
cluster_8643,_20292_,1.4,0.76
cluster_8644,_20291_,1.4,1.14
cluster_8645,_20290_,1.4,1.14
cluster_8646,_20289_,1.4,0.76
cluster_8647,_20288_,1.4,0.76
cluster_8648,_20287_,1.4,1.33
cluster_8649,_20286_,1.4,1.14
cluster_8650,_20285_,1.4,0.76
cluster_8651,_20284_,1.4,0.76
cluster_8652,_20283_,1.4,1.14
cluster_8653,_20282_,1.4,0.76
cluster_8654,_20281_,1.4,1.14
cluster_8655,_20262_,1.4,0.95
cluster_8656,_20261_,1.4,1.14
cluster_8657,_20260_,1.4,0.95
cluster_8658,_20259_,1.4,0.95
cluster_8659,_20239_,1.4,0.76
cluster_8660,_20238_,1.4,0.76
cluster_8661,_20237_,1.4,0.76
cluster_8662,_20236_,1.4,0.76
cluster_8663,_20235_,1.4,0.57
cluster_8664,_20234_,1.4,0.76
cluster_8665,_20233_,1.4,0.76
cluster_8666,_20232_,1.4,0.57
cluster_8667,_20231_,1.4,0.57
cluster_8668,_20230_,1.4,0.76
cluster_8669,_20229_,1.4,0.76
cluster_8670,_20228_,1.4,1.14
cluster_8671,_20227_,1.4,0.57
cluster_8672,_20226_,1.4,0.95
cluster_8673,_20225_,1.4,1.14
cluster_8674,_20240_,1.4,0.95
cluster_8675,_20297_,1.4,1.33
cluster_8676,_20241_,1.4,0.57
cluster_8677,_20243_,1.4,0.57
cluster_8678,_20258_,1.4,0.76
cluster_8679,_20257_,1.4,1.33
cluster_8680,_20256_,1.4,1.14
cluster_8681,_20255_,1.4,0.76
cluster_8682,_20254_,1.4,0.76
cluster_8683,_20253_,1.4,0.95
cluster_8684,_20252_,1.4,0.76
cluster_8685,_20251_,1.4,0.57
cluster_8686,_20250_,1.4,1.71
cluster_8687,_20249_,1.4,0.57
cluster_8688,_20248_,1.4,0.76
cluster_8689,_20247_,1.4,0.95
cluster_8690,_20246_,1.4,1.33
cluster_8691,_20245_,1.4,1.14
cluster_8692,_20244_,1.4,0.95
cluster_8693,_20242_,1.4,0.57
cluster_8694,_19841_,1.4,1.71
cluster_8695,_19921_,1.4,1.33
cluster_8696,_19839_,1.4,1.14
cluster_8697,_19763_,1.4,0.57
cluster_8698,_19764_,1.4,2.47
cluster_8699,_19765_,1.4,0.95
cluster_8700,_19766_,1.4,1.71
cluster_8701,_19767_,1.4,0.57
cluster_8702,_19768_,1.4,2.47
cluster_8703,_19769_,1.4,2.47
cluster_8704,_19762_,1.4,0.76
cluster_8705,_19772_,1.4,1.9
cluster_8706,_19774_,1.4,0.76
cluster_8707,_19775_,1.4,1.14
cluster_8708,_19776_,1.4,0.57
cluster_8709,_19777_,1.4,0.57
cluster_8710,_19778_,1.4,0.76
cluster_8711,split166,1.4,0.76
cluster_8712,_18317_,1.4,2.47
cluster_8713,_19773_,1.4,1.14
cluster_8714,_19761_,1.4,1.71
cluster_8715,_19760_,1.4,1.14
cluster_8716,_19759_,1.4,1.14
cluster_8717,text_in_r[57]$_DFFE_PP_,1.4,3.23
cluster_8718,text_in_r[56]$_DFFE_PP_,1.4,3.23
cluster_8719,_18369_,1.4,2.47
cluster_8720,_18368_,1.4,4.75
cluster_8721,text_in_r[61]$_DFFE_PP_,1.4,3.23
cluster_8722,text_in_r[62]$_DFFE_PP_,1.4,3.23
cluster_8723,text_in_r[63]$_DFFE_PP_,1.4,3.23
cluster_8724,text_in_r[59]$_DFFE_PP_,1.4,3.23
cluster_8725,_19745_,1.4,0.38
cluster_8726,_19840_,1.4,1.14
cluster_8727,_19746_,1.4,0.57
cluster_8728,_19747_,1.4,0.57
cluster_8729,_19748_,1.4,1.33
cluster_8730,_19750_,1.4,1.14
cluster_8731,_19754_,1.4,1.14
cluster_8732,_19755_,1.4,0.76
cluster_8733,_19758_,1.4,1.14
cluster_8734,_19779_,1.4,1.14
cluster_8735,_19780_,1.4,0.57
cluster_8736,text_in_r[60]$_DFFE_PP_,1.4,3.23
cluster_8737,_19782_,1.4,0.76
cluster_8738,_19815_,1.4,1.33
cluster_8739,_19835_,1.4,1.14
cluster_8740,_19816_,1.4,1.33
cluster_8741,_19817_,1.4,1.33
cluster_8742,_19818_,1.4,1.33
cluster_8743,_19832_,1.4,1.71
cluster_8744,input209,1.4,0.76
cluster_8745,input210,1.4,0.57
cluster_8746,input212,1.4,0.57
cluster_8747,_19819_,1.4,1.33
cluster_8748,_19831_,1.4,1.71
cluster_8749,_19820_,1.4,1.33
cluster_8750,_19821_,1.4,1.33
cluster_8751,_19822_,1.4,2.47
cluster_8752,_19826_,1.4,0.76
cluster_8753,_19781_,1.4,0.76
cluster_8754,_19828_,1.4,1.14
cluster_8755,_19830_,1.4,1.14
cluster_8756,_19829_,1.4,1.14
cluster_8757,_19814_,1.4,2.47
cluster_8758,_19813_,1.4,0.95
cluster_8759,input214,1.4,0.57
cluster_8760,_19790_,1.4,2.47
cluster_8761,_19791_,1.4,2.47
cluster_8762,_19783_,1.4,0.38
cluster_8763,_19837_,1.4,0.76
cluster_8764,_19785_,1.4,0.57
cluster_8765,_19838_,1.4,1.14
cluster_8766,_19787_,1.4,2.09
cluster_8767,_19788_,1.4,2.47
cluster_8768,_19789_,1.4,0.57
cluster_8769,_19786_,1.4,0.76
cluster_8770,_19784_,1.4,0.76
cluster_8771,_25876_,1.4,1.14
cluster_8772,_25877_,1.4,0.57
cluster_8773,_25878_,1.4,0.76
cluster_8774,_25879_,1.4,1.14
cluster_8775,_25880_,1.4,0.76
cluster_8776,_25881_,1.4,0.76
cluster_8777,_25884_,1.4,0.95
cluster_8778,_25883_,1.4,0.57
cluster_8779,_25875_,1.4,0.76
cluster_8780,_25855_,1.4,0.76
cluster_8781,_25885_,1.4,1.14
cluster_8782,_25886_,1.4,1.52
cluster_8783,_25887_,1.4,0.76
cluster_8784,_25888_,1.4,0.76
cluster_8785,_25882_,1.4,1.14
cluster_8786,_25874_,1.4,0.95
cluster_8787,_25870_,1.4,1.33
cluster_8788,_25856_,1.4,1.14
cluster_8789,_25865_,1.4,0.76
cluster_8790,_25864_,1.4,0.76
cluster_8791,_25863_,1.4,1.14
cluster_8792,_25862_,1.4,1.33
cluster_8793,_25889_,1.4,0.76
cluster_8794,_25861_,1.4,1.14
cluster_8795,_25860_,1.4,1.33
cluster_8796,_25873_,1.4,0.95
cluster_8797,_25859_,1.4,0.76
cluster_8798,_25857_,1.4,0.95
cluster_8799,_25866_,1.4,1.14
cluster_8800,_25867_,1.4,0.76
cluster_8801,_25868_,1.4,0.76
cluster_8802,_25869_,1.4,0.76
cluster_8803,_25871_,1.4,0.76
cluster_8804,_25872_,1.4,1.14
cluster_8805,_25858_,1.4,0.57
cluster_8806,_25890_,1.4,0.76
cluster_8807,_25905_,1.4,1.14
cluster_8808,_25892_,1.4,0.76
cluster_8809,_25913_,1.4,0.76
cluster_8810,_25914_,1.4,2.09
cluster_8811,_29442_,1.4,1.33
cluster_8812,_29441_,1.4,1.33
cluster_8813,_29440_,1.4,1.33
cluster_8814,_25767_,1.4,0.57
cluster_8815,_29752_,1.4,1.9
cluster_8816,_25912_,1.4,1.14
cluster_8817,_29439_,1.4,1.33
cluster_8818,text_in_r[42]$_DFFE_PP_,1.4,3.23
cluster_8819,text_in_r[43]$_DFFE_PP_,1.4,3.23
cluster_8820,text_in_r[44]$_DFFE_PP_,1.4,3.23
cluster_8821,text_in_r[45]$_DFFE_PP_,1.4,3.23
cluster_8822,text_in_r[46]$_DFFE_PP_,1.4,3.23
cluster_8823,text_in_r[47]$_DFFE_PP_,1.4,3.23
cluster_8824,_25766_,1.4,0.76
cluster_8825,_29438_,1.4,2.47
cluster_8826,_25891_,1.4,0.76
cluster_8827,_25911_,1.4,0.76
cluster_8828,_25909_,1.4,0.57
cluster_8829,_25893_,1.4,0.95
cluster_8830,_25894_,1.4,0.95
cluster_8831,_25895_,1.4,0.57
cluster_8832,_25896_,1.4,0.57
cluster_8833,_25897_,1.4,0.76
cluster_8834,_25898_,1.4,0.95
cluster_8835,_25899_,1.4,0.38
cluster_8836,_25910_,1.4,0.76
cluster_8837,_25900_,1.4,1.14
cluster_8838,_25902_,1.4,0.76
cluster_8839,_25903_,1.4,0.76
cluster_8840,_25904_,1.4,0.76
cluster_8841,_25854_,1.4,0.76
cluster_8842,_25906_,1.4,0.95
cluster_8843,_25907_,1.4,0.95
cluster_8844,_25908_,1.4,0.76
cluster_8845,_25901_,1.4,2.09
cluster_8846,_25853_,1.4,0.76
cluster_8847,_25838_,1.4,0.95
cluster_8848,_25851_,1.4,0.95
cluster_8849,_25789_,1.4,0.76
cluster_8850,_25790_,1.4,0.38
cluster_8851,_25791_,1.4,0.95
cluster_8852,_25792_,1.4,1.33
cluster_8853,_25793_,1.4,1.14
cluster_8854,_25794_,1.4,1.14
cluster_8855,_25795_,1.4,0.76
cluster_8856,_25796_,1.4,1.14
cluster_8857,_25797_,1.4,0.76
cluster_8858,_25798_,1.4,0.76
cluster_8859,_25799_,1.4,0.76
cluster_8860,_25800_,1.4,0.76
cluster_8861,_25801_,1.4,0.76
cluster_8862,_25802_,1.4,0.95
cluster_8863,_25803_,1.4,0.57
cluster_8864,_25804_,1.4,0.57
cluster_8865,_25805_,1.4,0.76
cluster_8866,_25788_,1.4,0.57
cluster_8867,_25806_,1.4,0.76
cluster_8868,_25787_,1.4,1.33
cluster_8869,_25785_,1.4,0.57
cluster_8870,_25771_,1.4,0.57
cluster_8871,_25772_,1.4,0.57
cluster_8872,_25773_,1.4,0.76
cluster_8873,_25774_,1.4,1.14
cluster_8874,_25775_,1.4,0.76
cluster_8875,_25776_,1.4,0.57
cluster_8876,_25777_,1.4,0.76
cluster_8877,_25778_,1.4,1.14
cluster_8878,_25779_,1.4,1.14
cluster_8879,_25780_,1.4,0.76
cluster_8880,_25781_,1.4,1.71
cluster_8881,_25782_,1.4,0.76
cluster_8882,_25783_,1.4,1.14
cluster_8883,_25770_,1.4,0.57
cluster_8884,_25769_,1.4,0.57
cluster_8885,_25768_,1.4,1.52
cluster_8886,_25784_,1.4,1.14
cluster_8887,_25786_,1.4,0.57
cluster_8888,_25852_,1.4,0.76
cluster_8889,_25807_,1.4,0.76
cluster_8890,_25810_,1.4,0.76
cluster_8891,_25833_,1.4,0.76
cluster_8892,_25834_,1.4,0.76
cluster_8893,_25835_,1.4,0.76
cluster_8894,_25836_,1.4,1.71
cluster_8895,_25837_,1.4,0.76
cluster_8896,_25839_,1.4,0.95
cluster_8897,_25840_,1.4,0.57
cluster_8898,_25841_,1.4,0.76
cluster_8899,_25842_,1.4,1.33
cluster_8900,_25843_,1.4,0.57
cluster_8901,_25844_,1.4,0.57
cluster_8902,_25845_,1.4,0.76
cluster_8903,_25846_,1.4,0.76
cluster_8904,_25847_,1.4,0.76
cluster_8905,_25848_,1.4,0.76
cluster_8906,_25849_,1.4,0.57
cluster_8907,_25850_,1.4,0.76
cluster_8908,_25832_,1.4,0.57
cluster_8909,_25809_,1.4,1.14
cluster_8910,_25831_,1.4,0.76
cluster_8911,_25829_,1.4,1.14
cluster_8912,_25811_,1.4,0.57
cluster_8913,_25812_,1.4,0.76
cluster_8914,_25813_,1.4,0.76
cluster_8915,_25814_,1.4,0.57
cluster_8916,_25815_,1.4,1.33
cluster_8917,_25816_,1.4,1.14
cluster_8918,_25817_,1.4,0.95
cluster_8919,_25819_,1.4,1.14
cluster_8920,_25820_,1.4,0.57
cluster_8921,_25821_,1.4,1.14
cluster_8922,_25822_,1.4,0.57
cluster_8923,_25823_,1.4,1.14
cluster_8924,_25824_,1.4,1.14
cluster_8925,_25825_,1.4,0.76
cluster_8926,_25826_,1.4,1.14
cluster_8927,_25827_,1.4,0.76
cluster_8928,_25828_,1.4,0.57
cluster_8929,_25830_,1.4,0.76
cluster_8930,_25818_,1.4,1.14
cluster_8931,_25402_,1.4,0.76
cluster_8932,_29750_,1.4,1.9
cluster_8933,_25319_,1.4,1.14
cluster_8934,_25318_,1.4,1.9
cluster_8935,_25317_,1.4,1.14
cluster_8936,_25316_,1.4,1.14
cluster_8937,_25315_,1.4,0.76
cluster_8938,_25314_,1.4,0.95
cluster_8939,_25313_,1.4,0.95
cluster_8940,_25320_,1.4,1.14
cluster_8941,_25312_,1.4,1.71
cluster_8942,_25310_,1.4,1.14
cluster_8943,_25309_,1.4,1.14
cluster_8944,_25308_,1.4,1.14
cluster_8945,_25307_,1.4,2.47
cluster_8946,_25306_,1.4,1.71
cluster_8947,_25305_,1.4,1.71
cluster_8948,_25304_,1.4,1.14
cluster_8949,_25311_,1.4,1.71
cluster_8950,_25321_,1.4,1.9
cluster_8951,_25322_,1.4,1.71
cluster_8952,_25323_,1.4,1.9
cluster_8953,_25342_,1.4,1.71
cluster_8954,_25341_,1.4,1.14
cluster_8955,_25338_,1.4,1.9
cluster_8956,_25337_,1.4,1.71
cluster_8957,_25336_,1.4,1.14
cluster_8958,_25335_,1.4,1.14
cluster_8959,_25334_,1.4,0.76
cluster_8960,_25333_,1.4,0.95
cluster_8961,_25332_,1.4,2.47
cluster_8962,_25331_,1.4,2.47
cluster_8963,_25330_,1.4,1.9
cluster_8964,_25329_,1.4,0.57
cluster_8965,_25328_,1.4,1.33
cluster_8966,_25327_,1.4,0.95
cluster_8967,_25326_,1.4,1.33
cluster_8968,_25325_,1.4,2.47
cluster_8969,_25324_,1.4,2.47
cluster_8970,_25303_,1.4,1.14
cluster_8971,_25302_,1.4,1.14
cluster_8972,_25301_,1.4,1.33
cluster_8973,_25300_,1.4,1.33
cluster_8974,_25278_,1.4,0.76
cluster_8975,_25277_,1.4,1.14
cluster_8976,_25276_,1.4,1.14
cluster_8977,_25275_,1.4,2.47
cluster_8978,_25274_,1.4,1.71
cluster_8979,_29753_,1.4,1.9
cluster_8980,_29754_,1.4,1.9
cluster_8981,_29444_,1.4,1.33
cluster_8982,input194,1.4,0.57
cluster_8983,input195,1.4,0.57
cluster_8984,input196,1.4,0.57
cluster_8985,input197,1.4,0.76
cluster_8986,input198,1.4,0.57
cluster_8987,input199,1.4,0.57
cluster_8988,_25258_,1.4,2.47
cluster_8989,_25257_,1.4,2.47
cluster_8990,_25256_,1.4,0.57
cluster_8991,_25279_,1.4,0.57
cluster_8992,_25343_,1.4,1.9
cluster_8993,_25280_,1.4,0.57
cluster_8994,_25282_,1.4,1.14
cluster_8995,_25299_,1.4,1.33
cluster_8996,_25298_,1.4,1.33
cluster_8997,_25297_,1.4,2.47
cluster_8998,_25296_,1.4,2.47
cluster_8999,_25295_,1.4,2.47
cluster_9000,_25294_,1.4,1.33
cluster_9001,_25293_,1.4,2.47
cluster_9002,_25292_,1.4,1.33
cluster_9003,_25291_,1.4,1.33
cluster_9004,_25290_,1.4,1.71
cluster_9005,_25289_,1.4,2.66
cluster_9006,_25288_,1.4,1.33
cluster_9007,_25287_,1.4,0.57
cluster_9008,_25286_,1.4,0.76
cluster_9009,_25285_,1.4,0.76
cluster_9010,_25284_,1.4,0.76
cluster_9011,_25283_,1.4,0.57
cluster_9012,_25281_,1.4,1.33
cluster_9013,_25344_,1.4,2.47
cluster_9014,_25345_,1.4,0.95
cluster_9015,_25346_,1.4,1.71
cluster_9016,_25407_,1.4,0.95
cluster_9017,_25406_,1.4,0.95
cluster_9018,_25405_,1.4,1.33
cluster_9019,_25404_,1.4,0.95
cluster_9020,_25403_,1.4,0.76
cluster_9021,_25765_,1.4,0.76
cluster_9022,_25401_,1.4,0.57
cluster_9023,_25400_,1.4,0.95
cluster_9024,_25399_,1.4,0.76
cluster_9025,_25398_,1.4,1.33
cluster_9026,_25397_,1.4,1.33
cluster_9027,_25396_,1.4,1.33
cluster_9028,_25395_,1.4,1.14
cluster_9029,_25394_,1.4,1.33
cluster_9030,_25393_,1.4,1.33
cluster_9031,_25392_,1.4,1.14
cluster_9032,_25391_,1.4,0.57
cluster_9033,_25408_,1.4,1.33
cluster_9034,_25390_,1.4,1.14
cluster_9035,_25409_,1.4,1.33
cluster_9036,_25411_,1.4,0.76
cluster_9037,_29749_,1.4,1.9
cluster_9038,_29748_,1.4,1.9
cluster_9039,_29747_,1.4,1.9
cluster_9040,_29746_,1.4,1.9
cluster_9041,_29745_,1.4,1.9
cluster_9042,_29744_,1.4,1.9
cluster_9043,_29743_,1.4,1.9
cluster_9044,_29742_,1.4,1.9
cluster_9045,_29741_,1.4,1.9
cluster_9046,_29740_,1.4,1.9
cluster_9047,_25418_,1.4,1.33
cluster_9048,_25417_,1.4,1.33
cluster_9049,_25416_,1.4,1.33
cluster_9050,_25415_,1.4,1.9
cluster_9051,_25414_,1.4,0.76
cluster_9052,_25413_,1.4,0.76
cluster_9053,_25412_,1.4,0.57
cluster_9054,_25410_,1.4,0.57
cluster_9055,_29751_,1.4,1.9
cluster_9056,_25389_,1.4,1.33
cluster_9057,_25387_,1.4,1.33
cluster_9058,_25364_,1.4,0.76
cluster_9059,_25363_,1.4,0.57
cluster_9060,_25362_,1.4,1.33
cluster_9061,_25361_,1.4,1.33
cluster_9062,_25360_,1.4,1.33
cluster_9063,_25359_,1.4,0.57
cluster_9064,_25358_,1.4,1.33
cluster_9065,_25357_,1.4,1.33
cluster_9066,_25356_,1.4,0.57
cluster_9067,_25355_,1.4,0.76
cluster_9068,_25354_,1.4,1.33
cluster_9069,_25353_,1.4,1.33
cluster_9070,_25352_,1.4,1.71
cluster_9071,_25351_,1.4,1.71
cluster_9072,_25350_,1.4,0.76
cluster_9073,_25349_,1.4,0.76
cluster_9074,_25348_,1.4,1.33
cluster_9075,_25365_,1.4,1.33
cluster_9076,_25388_,1.4,0.38
cluster_9077,_25366_,1.4,1.33
cluster_9078,_25368_,1.4,1.71
cluster_9079,_25386_,1.4,1.71
cluster_9080,_25385_,1.4,2.47
cluster_9081,_25384_,1.4,2.47
cluster_9082,_25383_,1.4,1.33
cluster_9083,_25382_,1.4,1.33
cluster_9084,_25381_,1.4,1.33
cluster_9085,_25379_,1.4,1.33
cluster_9086,_25378_,1.4,1.33
cluster_9087,_25377_,1.4,1.71
cluster_9088,_25376_,1.4,0.76
cluster_9089,_25375_,1.4,0.76
cluster_9090,_25374_,1.4,0.57
cluster_9091,_25373_,1.4,1.33
cluster_9092,_25372_,1.4,1.33
cluster_9093,_25371_,1.4,1.33
cluster_9094,_25370_,1.4,0.57
cluster_9095,_25369_,1.4,0.76
cluster_9096,_25367_,1.4,0.95
cluster_9097,_25764_,1.4,0.76
cluster_9098,_25735_,1.4,0.57
cluster_9099,_25762_,1.4,1.14
cluster_9100,_25528_,1.4,1.71
cluster_9101,_25529_,1.4,0.76
cluster_9102,_25530_,1.4,0.76
cluster_9103,_25531_,1.4,1.71
cluster_9104,_25532_,1.4,1.33
cluster_9105,_25533_,1.4,0.57
cluster_9106,_25534_,1.4,0.76
cluster_9107,_25535_,1.4,0.57
cluster_9108,_25536_,1.4,0.57
cluster_9109,_25537_,1.4,0.76
cluster_9110,_25538_,1.4,0.95
cluster_9111,_25539_,1.4,0.76
cluster_9112,_25540_,1.4,1.14
cluster_9113,_25541_,1.4,0.76
cluster_9114,_25542_,1.4,1.14
cluster_9115,_25543_,1.4,0.57
cluster_9116,_25544_,1.4,0.76
cluster_9117,_25527_,1.4,0.76
cluster_9118,_25526_,1.4,1.33
cluster_9119,_25525_,1.4,0.57
cluster_9120,_25524_,1.4,1.14
cluster_9121,_25506_,1.4,1.71
cluster_9122,_25507_,1.4,0.57
cluster_9123,_25508_,1.4,0.76
cluster_9124,_25509_,1.4,0.57
cluster_9125,_25510_,1.4,0.95
cluster_9126,_25511_,1.4,0.57
cluster_9127,_25512_,1.4,0.95
cluster_9128,_25513_,1.4,0.76
cluster_9129,_25545_,1.4,0.76
cluster_9130,_25514_,1.4,0.57
cluster_9131,_25516_,1.4,0.57
cluster_9132,_25517_,1.4,1.33
cluster_9133,_25518_,1.4,0.95
cluster_9134,_25519_,1.4,0.57
cluster_9135,_25520_,1.4,0.95
cluster_9136,_25521_,1.4,0.95
cluster_9137,_25522_,1.4,0.57
cluster_9138,_25523_,1.4,0.38
cluster_9139,_25515_,1.4,0.57
cluster_9140,_25505_,1.4,1.71
cluster_9141,_25546_,1.4,0.76
cluster_9142,_25548_,1.4,0.95
cluster_9143,_25571_,1.4,1.71
cluster_9144,_25572_,1.4,0.95
cluster_9145,_25573_,1.4,0.38
cluster_9146,_25574_,1.4,0.57
cluster_9147,_25575_,1.4,0.76
cluster_9148,_25576_,1.4,1.71
cluster_9149,_25577_,1.4,0.76
cluster_9150,_25578_,1.4,0.76
cluster_9151,_25579_,1.4,0.76
cluster_9152,_25580_,1.4,0.76
cluster_9153,_25581_,1.4,0.57
cluster_9154,_25582_,1.4,1.14
cluster_9155,_25583_,1.4,1.33
cluster_9156,_25584_,1.4,0.76
cluster_9157,_25585_,1.4,0.57
cluster_9158,_25586_,1.4,0.76
cluster_9159,_25587_,1.4,0.57
cluster_9160,_25570_,1.4,0.76
cluster_9161,_25569_,1.4,0.76
cluster_9162,_25568_,1.4,0.95
cluster_9163,_25567_,1.4,1.14
cluster_9164,_25549_,1.4,1.14
cluster_9165,_25550_,1.4,0.95
cluster_9166,_25551_,1.4,0.76
cluster_9167,_25552_,1.4,0.57
cluster_9168,_25553_,1.4,1.14
cluster_9169,_25554_,1.4,0.57
cluster_9170,_25555_,1.4,1.14
cluster_9171,_25556_,1.4,0.76
cluster_9172,_25547_,1.4,1.71
cluster_9173,_25557_,1.4,0.76
cluster_9174,_25559_,1.4,0.57
cluster_9175,_25560_,1.4,1.71
cluster_9176,_25561_,1.4,0.95
cluster_9177,_25562_,1.4,0.76
cluster_9178,_25563_,1.4,1.71
cluster_9179,_25564_,1.4,1.14
cluster_9180,_25565_,1.4,1.14
cluster_9181,_25566_,1.4,1.71
cluster_9182,_25558_,1.4,0.76
cluster_9183,_25588_,1.4,0.95
cluster_9184,_25504_,1.4,1.14
cluster_9185,_25502_,1.4,1.33
cluster_9186,_25442_,1.4,0.57
cluster_9187,_25443_,1.4,0.57
cluster_9188,_25444_,1.4,0.57
cluster_9189,_25445_,1.4,1.71
cluster_9190,_25446_,1.4,0.38
cluster_9191,_25447_,1.4,0.57
cluster_9192,_25448_,1.4,0.57
cluster_9193,_25449_,1.4,0.57
cluster_9194,_25450_,1.4,0.57
cluster_9195,_25451_,1.4,0.95
cluster_9196,_25452_,1.4,0.57
cluster_9197,_25453_,1.4,1.71
cluster_9198,_25454_,1.4,0.57
cluster_9199,_25455_,1.4,1.71
cluster_9200,_25456_,1.4,1.14
cluster_9201,_25457_,1.4,1.33
cluster_9202,_25458_,1.4,0.57
cluster_9203,_25441_,1.4,0.57
cluster_9204,_25440_,1.4,0.57
cluster_9205,_25439_,1.4,0.76
cluster_9206,_25438_,1.4,0.76
cluster_9207,_25424_,1.4,1.33
cluster_9208,_25423_,1.4,0.76
cluster_9209,_25422_,1.4,1.33
cluster_9210,_25425_,1.4,1.33
cluster_9211,_25426_,1.4,1.71
cluster_9212,_25421_,1.4,0.95
cluster_9213,_25420_,1.4,0.38
cluster_9214,_25419_,1.4,0.57
cluster_9215,_25459_,1.4,0.95
cluster_9216,_25427_,1.4,1.14
cluster_9217,_25429_,1.4,1.33
cluster_9218,_25430_,1.4,0.57
cluster_9219,_25431_,1.4,0.95
cluster_9220,_25432_,1.4,0.57
cluster_9221,_25433_,1.4,0.76
cluster_9222,_25435_,1.4,0.95
cluster_9223,_25436_,1.4,0.95
cluster_9224,_25437_,1.4,0.95
cluster_9225,_25428_,1.4,0.95
cluster_9226,_25503_,1.4,1.33
cluster_9227,_25460_,1.4,0.57
cluster_9228,_25462_,1.4,0.57
cluster_9229,_25485_,1.4,0.76
cluster_9230,_25486_,1.4,0.76
cluster_9231,_25487_,1.4,1.9
cluster_9232,_25488_,1.4,0.57
cluster_9233,_25489_,1.4,1.71
cluster_9234,_25490_,1.4,0.76
cluster_9235,_25491_,1.4,1.14
cluster_9236,_25492_,1.4,1.33
cluster_9237,_25493_,1.4,0.57
cluster_9238,_25494_,1.4,0.76
cluster_9239,_25495_,1.4,0.95
cluster_9240,_25496_,1.4,1.71
cluster_9241,_25497_,1.4,0.57
cluster_9242,_25498_,1.4,0.76
cluster_9243,_25499_,1.4,0.57
cluster_9244,_25500_,1.4,1.14
cluster_9245,_25501_,1.4,1.14
cluster_9246,_25484_,1.4,0.76
cluster_9247,_25483_,1.4,0.76
cluster_9248,_25482_,1.4,0.95
cluster_9249,_25481_,1.4,0.76
cluster_9250,_25463_,1.4,0.76
cluster_9251,_25464_,1.4,0.76
cluster_9252,_25465_,1.4,1.71
cluster_9253,_25466_,1.4,1.9
cluster_9254,_25467_,1.4,1.14
cluster_9255,_25468_,1.4,0.95
cluster_9256,_25469_,1.4,1.14
cluster_9257,_25470_,1.4,0.76
cluster_9258,_25461_,1.4,0.76
cluster_9259,_25471_,1.4,0.57
cluster_9260,_25473_,1.4,0.57
cluster_9261,_25474_,1.4,0.76
cluster_9262,_25475_,1.4,0.76
cluster_9263,_25476_,1.4,0.76
cluster_9264,_25477_,1.4,0.57
cluster_9265,_25478_,1.4,0.95
cluster_9266,_25479_,1.4,0.57
cluster_9267,_25480_,1.4,0.95
cluster_9268,_25472_,1.4,2.47
cluster_9269,_25589_,1.4,0.95
cluster_9270,_25590_,1.4,0.57
cluster_9271,_25591_,1.4,0.57
cluster_9272,_25701_,1.4,1.14
cluster_9273,_25702_,1.4,1.14
cluster_9274,_25703_,1.4,0.76
cluster_9275,_25704_,1.4,0.57
cluster_9276,_29443_,1.4,1.33
cluster_9277,_25706_,1.4,0.76
cluster_9278,_25707_,1.4,0.76
cluster_9279,_25708_,1.4,1.14
cluster_9280,_25709_,1.4,1.33
cluster_9281,_25710_,1.4,1.14
cluster_9282,_25711_,1.4,1.14
cluster_9283,_25712_,1.4,0.57
cluster_9284,_25713_,1.4,1.33
cluster_9285,_25714_,1.4,0.95
cluster_9286,_25715_,1.4,1.71
cluster_9287,_25716_,1.4,0.95
cluster_9288,_25717_,1.4,0.57
cluster_9289,_25700_,1.4,0.76
cluster_9290,_25699_,1.4,0.76
cluster_9291,_25698_,1.4,0.76
cluster_9292,_25697_,1.4,0.95
cluster_9293,_25679_,1.4,0.76
cluster_9294,_25680_,1.4,0.57
cluster_9295,_25681_,1.4,0.76
cluster_9296,_25682_,1.4,1.14
cluster_9297,_25683_,1.4,0.76
cluster_9298,_25684_,1.4,0.76
cluster_9299,_25685_,1.4,0.76
cluster_9300,_25686_,1.4,1.14
cluster_9301,_25718_,1.4,0.95
cluster_9302,_25687_,1.4,0.57
cluster_9303,_25689_,1.4,1.33
cluster_9304,_25690_,1.4,1.14
cluster_9305,_25691_,1.4,1.33
cluster_9306,_25692_,1.4,1.33
cluster_9307,_25693_,1.4,0.95
cluster_9308,_25694_,1.4,0.95
cluster_9309,_25695_,1.4,1.14
cluster_9310,_25696_,1.4,0.76
cluster_9311,_25688_,1.4,0.76
cluster_9312,_25678_,1.4,0.57
cluster_9313,_25719_,1.4,0.57
cluster_9314,_25721_,1.4,0.57
cluster_9315,_25745_,1.4,0.95
cluster_9316,_25746_,1.4,0.76
cluster_9317,_25747_,1.4,0.76
cluster_9318,_25748_,1.4,0.76
cluster_9319,_25749_,1.4,0.57
cluster_9320,_25750_,1.4,0.57
cluster_9321,_25751_,1.4,0.76
cluster_9322,_25752_,1.4,0.76
cluster_9323,_25753_,1.4,0.95
cluster_9324,_25754_,1.4,0.57
cluster_9325,_25755_,1.4,1.14
cluster_9326,_25756_,1.4,0.76
cluster_9327,_25757_,1.4,0.57
cluster_9328,_25758_,1.4,0.76
cluster_9329,_25759_,1.4,0.57
cluster_9330,_25760_,1.4,1.33
cluster_9331,_25761_,1.4,1.14
cluster_9332,_25744_,1.4,0.76
cluster_9333,_25743_,1.4,0.57
cluster_9334,_25742_,1.4,1.33
cluster_9335,_25741_,1.4,0.76
cluster_9336,_25722_,1.4,0.76
cluster_9337,_25723_,1.4,0.57
cluster_9338,_25724_,1.4,0.76
cluster_9339,_25725_,1.4,0.76
cluster_9340,_25726_,1.4,0.95
cluster_9341,_25727_,1.4,0.76
cluster_9342,_25728_,1.4,0.95
cluster_9343,_25729_,1.4,0.95
cluster_9344,_25720_,1.4,1.33
cluster_9345,_25730_,1.4,1.14
cluster_9346,_25732_,1.4,0.57
cluster_9347,_25733_,1.4,0.76
cluster_9348,_25734_,1.4,0.76
cluster_9349,_25736_,1.4,0.76
cluster_9350,_25737_,1.4,0.95
cluster_9351,_25738_,1.4,0.76
cluster_9352,_25739_,1.4,0.76
cluster_9353,_25740_,1.4,0.76
cluster_9354,_25731_,1.4,0.57
cluster_9355,_25677_,1.4,0.95
cluster_9356,_25676_,1.4,0.95
cluster_9357,_25675_,1.4,0.76
cluster_9358,_25614_,1.4,0.57
cluster_9359,_25615_,1.4,0.76
cluster_9360,_25616_,1.4,0.76
cluster_9361,_25617_,1.4,0.57
cluster_9362,_25618_,1.4,1.33
cluster_9363,_25619_,1.4,0.76
cluster_9364,_25620_,1.4,0.95
cluster_9365,_25621_,1.4,1.33
cluster_9366,_25622_,1.4,0.57
cluster_9367,_25623_,1.4,0.57
cluster_9368,_25624_,1.4,1.71
cluster_9369,_25625_,1.4,0.57
cluster_9370,_25626_,1.4,0.76
cluster_9371,_25627_,1.4,0.76
cluster_9372,_25628_,1.4,0.95
cluster_9373,_25629_,1.4,0.76
cluster_9374,_25630_,1.4,0.76
cluster_9375,_25613_,1.4,0.76
cluster_9376,_25612_,1.4,0.57
cluster_9377,_25611_,1.4,1.14
cluster_9378,_25610_,1.4,0.76
cluster_9379,_25592_,1.4,1.33
cluster_9380,_25593_,1.4,1.14
cluster_9381,_25594_,1.4,0.57
cluster_9382,_25595_,1.4,1.14
cluster_9383,_25596_,1.4,1.33
cluster_9384,_25597_,1.4,0.95
cluster_9385,_25598_,1.4,1.33
cluster_9386,_25599_,1.4,0.57
cluster_9387,_25631_,1.4,0.57
cluster_9388,_25600_,1.4,0.95
cluster_9389,_25602_,1.4,1.33
cluster_9390,_25603_,1.4,0.95
cluster_9391,_25604_,1.4,1.33
cluster_9392,_25605_,1.4,0.57
cluster_9393,_25606_,1.4,0.95
cluster_9394,_25607_,1.4,0.57
cluster_9395,_25608_,1.4,0.76
cluster_9396,_25609_,1.4,0.57
cluster_9397,_25601_,1.4,0.76
cluster_9398,_25632_,1.4,0.95
cluster_9399,_25633_,1.4,0.76
cluster_9400,_25634_,1.4,1.71
cluster_9401,_25657_,1.4,0.76
cluster_9402,_25658_,1.4,0.95
cluster_9403,_25659_,1.4,0.76
cluster_9404,_25660_,1.4,1.14
cluster_9405,_25661_,1.4,1.33
cluster_9406,_25662_,1.4,0.76
cluster_9407,_25663_,1.4,0.76
cluster_9408,_25664_,1.4,0.95
cluster_9409,_25656_,1.4,1.14
cluster_9410,_25665_,1.4,0.57
cluster_9411,_25667_,1.4,1.14
cluster_9412,_25668_,1.4,0.76
cluster_9413,_25669_,1.4,0.57
cluster_9414,_25670_,1.4,0.57
cluster_9415,_25671_,1.4,0.76
cluster_9416,_25672_,1.4,1.14
cluster_9417,_25673_,1.4,0.76
cluster_9418,_25674_,1.4,0.76
cluster_9419,_25666_,1.4,0.76
cluster_9420,_25763_,1.4,1.14
cluster_9421,_25655_,1.4,0.57
cluster_9422,_25653_,1.4,0.57
cluster_9423,_25635_,1.4,0.76
cluster_9424,_25636_,1.4,0.57
cluster_9425,_25637_,1.4,1.33
cluster_9426,_25638_,1.4,1.14
cluster_9427,_25639_,1.4,0.57
cluster_9428,_25640_,1.4,0.76
cluster_9429,_25641_,1.4,0.76
cluster_9430,_25642_,1.4,0.76
cluster_9431,_25654_,1.4,0.76
cluster_9432,_25643_,1.4,1.33
cluster_9433,_25645_,1.4,0.76
cluster_9434,_25646_,1.4,0.76
cluster_9435,_25647_,1.4,0.95
cluster_9436,_25648_,1.4,1.14
cluster_9437,_25649_,1.4,2.09
cluster_9438,_25650_,1.4,0.76
cluster_9439,_25651_,1.4,0.76
cluster_9440,_25652_,1.4,0.95
cluster_9441,_25644_,1.4,1.14
cluster_9442,_25808_,1.4,0.95
cluster_9443,_25705_,1.4,0.95
cluster_9444,clone145,1.4,1.33
cluster_9445,_22606_,1.4,1.14
cluster_9446,_22644_,1.4,1.14
cluster_9447,_22645_,1.4,1.14
cluster_9448,clone143,1.4,0.76
cluster_9449,sa20_sr[4]$_DFF_P_,1.4,3.23
cluster_9450,_22572_,1.4,1.14
cluster_9451,sa20_sr[3]$_DFF_P_,1.4,3.23
cluster_9452,sa20_sr[2]$_DFF_P_,1.4,3.23
cluster_9453,sa20_sr[1]$_DFF_P_,1.4,3.23
cluster_9454,sa20_sr[6]$_DFF_P_,1.4,3.23
cluster_9455,sa20_sr[7]$_DFF_P_,1.4,3.23
cluster_9456,sa20_sr[0]$_DFF_P_,1.4,3.23
cluster_9457,clone144,1.4,1.33
cluster_9458,_22579_,1.4,1.14
cluster_9459,_18480_,1.4,1.33
cluster_9460,sa20_sr[5]$_DFF_P_,1.4,3.23
cluster_9461,_18331_,1.4,1.33
cluster_9462,_18458_,1.4,1.33
cluster_9463,_18295_,1.4,0.76
cluster_9464,_18444_,1.4,1.33
cluster_9465,_18382_,1.4,1.33
cluster_9466,_18360_,1.4,0.76
cluster_9467,_27435_,1.4,1.71
cluster_9468,_27436_,1.4,3.42
cluster_9469,_27437_,1.4,1.14
cluster_9470,_27438_,1.4,2.47
cluster_9471,_27439_,1.4,0.76
cluster_9472,_27440_,1.4,0.76
cluster_9473,_27441_,1.4,2.47
cluster_9474,_27444_,1.4,0.57
cluster_9475,_27443_,1.4,0.57
cluster_9476,_27451_,1.4,0.57
cluster_9477,_27450_,1.4,2.09
cluster_9478,_27449_,1.4,1.14
cluster_9479,_27448_,1.4,1.33
cluster_9480,_27447_,1.4,2.47
cluster_9481,_27445_,1.4,0.76
cluster_9482,_27442_,1.4,1.14
cluster_9483,_27408_,1.4,0.95
cluster_9484,_27454_,1.4,1.33
cluster_9485,_27453_,1.4,1.33
cluster_9486,_27473_,1.4,0.76
cluster_9487,_27472_,1.4,1.33
cluster_9488,_27471_,1.4,0.76
cluster_9489,_27470_,1.4,0.57
cluster_9490,_27469_,1.4,1.33
cluster_9491,_27468_,1.4,1.33
cluster_9492,_27467_,1.4,0.76
cluster_9493,_27466_,1.4,1.14
cluster_9494,_27465_,1.4,0.76
cluster_9495,_27452_,1.4,0.57
cluster_9496,_27464_,1.4,1.71
cluster_9497,_27462_,1.4,0.76
cluster_9498,_27461_,1.4,0.57
cluster_9499,_27460_,1.4,2.47
cluster_9500,_27459_,1.4,0.57
cluster_9501,_27458_,1.4,0.57
cluster_9502,_27457_,1.4,1.33
cluster_9503,_27456_,1.4,0.76
cluster_9504,_27455_,1.4,1.14
cluster_9505,_27434_,1.4,1.71
cluster_9506,_27463_,1.4,1.14
cluster_9507,_27433_,1.4,0.57
cluster_9508,_27421_,1.4,2.47
cluster_9509,_27431_,1.4,0.57
cluster_9510,_27407_,1.4,0.76
cluster_9511,_27406_,1.4,1.33
cluster_9512,_27404_,1.4,3.23
cluster_9513,_27403_,1.4,1.33
cluster_9514,_27402_,1.4,0.57
cluster_9515,_27401_,1.4,1.33
cluster_9516,_27400_,1.4,0.76
cluster_9517,_27399_,1.4,1.33
cluster_9518,_27398_,1.4,1.71
cluster_9519,_27397_,1.4,1.33
cluster_9520,_27396_,1.4,2.66
cluster_9521,_27395_,1.4,1.14
cluster_9522,_27394_,1.4,0.95
cluster_9523,_27392_,1.4,0.57
cluster_9524,_27391_,1.4,0.76
cluster_9525,_27390_,1.4,0.95
cluster_9526,_27389_,1.4,0.76
cluster_9527,_27409_,1.4,0.76
cluster_9528,_27410_,1.4,0.76
cluster_9529,_27411_,1.4,0.76
cluster_9530,_27412_,1.4,0.76
cluster_9531,_27430_,1.4,1.71
cluster_9532,_27429_,1.4,0.95
cluster_9533,_27428_,1.4,0.76
cluster_9534,_27427_,1.4,0.95
cluster_9535,_27426_,1.4,1.52
cluster_9536,_27425_,1.4,0.76
cluster_9537,_27424_,1.4,1.33
cluster_9538,_27423_,1.4,2.47
cluster_9539,_27432_,1.4,0.57
cluster_9540,_27422_,1.4,1.71
cluster_9541,_27420_,1.4,1.33
cluster_9542,_27419_,1.4,0.76
cluster_9543,_27418_,1.4,1.14
cluster_9544,_27417_,1.4,0.57
cluster_9545,_27416_,1.4,0.57
cluster_9546,_27415_,1.4,1.33
cluster_9547,_27414_,1.4,0.76
cluster_9548,_27413_,1.4,0.57
cluster_9549,_27474_,1.4,0.76
cluster_9550,_27475_,1.4,1.33
cluster_9551,_27487_,1.4,1.33
cluster_9552,_27477_,1.4,0.76
cluster_9553,_27537_,1.4,0.76
cluster_9554,_27536_,1.4,1.71
cluster_9555,_27535_,1.4,0.95
cluster_9556,clone171,1.4,0.76
cluster_9557,_27534_,1.4,0.76
cluster_9558,_27533_,1.4,0.76
cluster_9559,_27532_,1.4,0.57
cluster_9560,_27531_,1.4,0.57
cluster_9561,_27530_,1.4,0.95
cluster_9562,_27529_,1.4,1.14
cluster_9563,_27528_,1.4,0.76
cluster_9564,_27527_,1.4,1.33
cluster_9565,_27526_,1.4,0.76
cluster_9566,_27525_,1.4,0.76
cluster_9567,_27524_,1.4,0.76
cluster_9568,_27523_,1.4,0.95
cluster_9569,_27522_,1.4,0.95
cluster_9570,_27538_,1.4,1.14
cluster_9571,_27539_,1.4,0.95
cluster_9572,_27540_,1.4,0.95
cluster_9573,_27541_,1.4,2.47
cluster_9574,_27552_,1.4,0.95
cluster_9575,_27551_,1.4,0.95
cluster_9576,_27550_,1.4,1.33
cluster_9577,_27549_,1.4,0.57
cluster_9578,_27548_,1.4,0.76
cluster_9579,_27547_,1.4,0.76
cluster_9580,_27546_,1.4,0.95
cluster_9581,_27545_,1.4,2.47
cluster_9582,_27521_,1.4,0.95
cluster_9583,_27544_,1.4,0.57
cluster_9584,text_in_r[71]$_DFFE_PP_,1.4,3.23
cluster_9585,text_in_r[70]$_DFFE_PP_,1.4,3.23
cluster_9586,text_in_r[69]$_DFFE_PP_,1.4,3.23
cluster_9587,text_in_r[68]$_DFFE_PP_,1.4,3.23
cluster_9588,text_in_r[67]$_DFFE_PP_,1.4,3.23
cluster_9589,text_in_r[65]$_DFFE_PP_,1.4,3.23
cluster_9590,text_in_r[64]$_DFFE_PP_,1.4,3.23
cluster_9591,_27542_,1.4,0.95
cluster_9592,_27543_,1.4,0.76
cluster_9593,_27476_,1.4,0.57
cluster_9594,_27520_,1.4,0.95
cluster_9595,_27518_,1.4,0.76
cluster_9596,_27495_,1.4,0.76
cluster_9597,_27494_,1.4,0.95
cluster_9598,_27493_,1.4,0.76
cluster_9599,_27492_,1.4,0.76
cluster_9600,_27491_,1.4,0.95
cluster_9601,_27489_,1.4,2.47
cluster_9602,_27488_,1.4,0.76
cluster_9603,_27388_,1.4,1.33
cluster_9604,_27486_,1.4,0.57
cluster_9605,_27485_,1.4,0.95
cluster_9606,_27484_,1.4,1.71
cluster_9607,_27483_,1.4,1.14
cluster_9608,_27482_,1.4,0.95
cluster_9609,_27481_,1.4,0.76
cluster_9610,_27480_,1.4,2.47
cluster_9611,_27479_,1.4,0.95
cluster_9612,_27478_,1.4,1.33
cluster_9613,_27496_,1.4,1.33
cluster_9614,_27497_,1.4,1.33
cluster_9615,_27498_,1.4,0.76
cluster_9616,_27499_,1.4,0.76
cluster_9617,_27517_,1.4,0.76
cluster_9618,_27516_,1.4,0.76
cluster_9619,_27515_,1.4,0.95
cluster_9620,_27514_,1.4,0.76
cluster_9621,_27513_,1.4,0.76
cluster_9622,_27512_,1.4,0.57
cluster_9623,_27511_,1.4,1.33
cluster_9624,_27510_,1.4,0.95
cluster_9625,_27519_,1.4,1.71
cluster_9626,_27509_,1.4,0.95
cluster_9627,_27507_,1.4,1.33
cluster_9628,_27506_,1.4,0.76
cluster_9629,_27505_,1.4,2.66
cluster_9630,_27504_,1.4,0.57
cluster_9631,_27503_,1.4,0.76
cluster_9632,_27502_,1.4,0.76
cluster_9633,_27501_,1.4,0.76
cluster_9634,_27500_,1.4,0.76
cluster_9635,_27508_,1.4,0.57
cluster_9636,_27387_,1.4,0.76
cluster_9637,_27375_,1.4,2.66
cluster_9638,_27385_,1.4,1.33
cluster_9639,_29787_,1.4,1.9
cluster_9640,_29788_,1.4,1.9
cluster_9641,_27269_,1.4,0.76
cluster_9642,_27268_,1.4,0.57
cluster_9643,_27267_,1.4,0.76
cluster_9644,_27266_,1.4,0.38
cluster_9645,_27265_,1.4,0.76
cluster_9646,_27264_,1.4,0.76
cluster_9647,_27263_,1.4,0.57
cluster_9648,_27262_,1.4,1.14
cluster_9649,_27261_,1.4,0.76
cluster_9650,_27260_,1.4,0.57
cluster_9651,_27259_,1.4,0.57
cluster_9652,_27258_,1.4,0.76
cluster_9653,_27257_,1.4,1.14
cluster_9654,_27256_,1.4,1.14
cluster_9655,_27255_,1.4,2.47
cluster_9656,_29786_,1.4,1.9
cluster_9657,_29785_,1.4,1.9
cluster_9658,_29784_,1.4,1.9
cluster_9659,_29783_,1.4,1.9
cluster_9660,_27301_,1.4,0.38
cluster_9661,_27300_,1.4,1.9
cluster_9662,_27299_,1.4,1.71
cluster_9663,_27298_,1.4,1.14
cluster_9664,_27297_,1.4,1.14
cluster_9665,_27296_,1.4,2.47
cluster_9666,_27295_,1.4,2.47
cluster_9667,_27294_,1.4,2.47
cluster_9668,_27254_,1.4,1.33
cluster_9669,_27293_,1.4,2.47
cluster_9670,_27291_,1.4,2.47
cluster_9671,_27290_,1.4,1.33
cluster_9672,_27289_,1.4,1.33
cluster_9673,_27288_,1.4,2.47
cluster_9674,_27287_,1.4,1.71
cluster_9675,_27272_,1.4,2.47
cluster_9676,_27271_,1.4,1.71
cluster_9677,_27270_,1.4,2.09
cluster_9678,_27292_,1.4,2.47
cluster_9679,_27302_,1.4,1.14
cluster_9680,_27253_,1.4,0.95
cluster_9681,_27251_,1.4,1.71
cluster_9682,_19793_,1.4,1.33
cluster_9683,_19770_,1.4,0.76
cluster_9684,_19163_,1.4,2.47
cluster_9685,_19145_,1.4,1.9
cluster_9686,_19144_,1.4,1.14
cluster_9687,_19095_,1.4,1.14
cluster_9688,_18488_,1.4,2.47
cluster_9689,_18487_,1.4,2.47
cluster_9690,_18472_,1.4,2.47
cluster_9691,sa32_sr[0]$_DFF_P_,1.4,3.23
cluster_9692,sa32_sr[1]$_DFF_P_,1.4,3.23
cluster_9693,sa32_sr[2]$_DFF_P_,1.4,3.23
cluster_9694,sa32_sr[3]$_DFF_P_,1.4,3.23
cluster_9695,sa32_sr[4]$_DFF_P_,1.4,3.23
cluster_9696,sa32_sr[5]$_DFF_P_,1.4,3.23
cluster_9697,sa32_sr[6]$_DFF_P_,1.4,3.23
cluster_9698,sa32_sr[7]$_DFF_P_,1.4,3.23
cluster_9699,_19827_,1.4,1.33
cluster_9700,_19833_,1.4,0.76
cluster_9701,_19845_,1.4,1.33
cluster_9702,_19862_,1.4,0.76
cluster_9703,_27250_,1.4,1.33
cluster_9704,_27249_,1.4,2.09
cluster_9705,_27248_,1.4,1.71
cluster_9706,_27247_,1.4,1.14
cluster_9707,_27246_,1.4,1.14
cluster_9708,_27245_,1.4,1.14
cluster_9709,_27244_,1.4,0.57
cluster_9710,_27243_,1.4,0.57
cluster_9711,_27252_,1.4,1.71
cluster_9712,_27242_,1.4,0.38
cluster_9713,_23945_,1.4,2.47
cluster_9714,_29790_,1.4,1.9
cluster_9715,_29791_,1.4,1.9
cluster_9716,_29792_,1.4,1.9
cluster_9717,_29793_,1.4,1.9
cluster_9718,_29794_,1.4,1.9
cluster_9719,_29795_,1.4,1.9
cluster_9720,_19875_,1.4,1.33
cluster_9721,_29789_,1.4,1.9
cluster_9722,_27386_,1.4,1.33
cluster_9723,_27303_,1.4,0.76
cluster_9724,_27305_,1.4,1.71
cluster_9725,_27362_,1.4,1.33
cluster_9726,_27361_,1.4,1.33
cluster_9727,_27360_,1.4,2.47
cluster_9728,_27359_,1.4,1.33
cluster_9729,_27358_,1.4,1.33
cluster_9730,_27357_,1.4,1.33
cluster_9731,_27356_,1.4,1.33
cluster_9732,_27355_,1.4,1.33
cluster_9733,_27354_,1.4,1.33
cluster_9734,_27353_,1.4,1.71
cluster_9735,_27352_,1.4,1.71
cluster_9736,_27351_,1.4,1.71
cluster_9737,_27350_,1.4,0.95
cluster_9738,_27348_,1.4,1.71
cluster_9739,_27347_,1.4,1.71
cluster_9740,_27346_,1.4,1.14
cluster_9741,_27345_,1.4,0.95
cluster_9742,_27363_,1.4,0.95
cluster_9743,_27364_,1.4,1.14
cluster_9744,_27365_,1.4,1.33
cluster_9745,_27366_,1.4,1.33
cluster_9746,_27384_,1.4,1.33
cluster_9747,_27383_,1.4,0.95
cluster_9748,_27382_,1.4,2.47
cluster_9749,_27381_,1.4,0.76
cluster_9750,_27380_,1.4,0.95
cluster_9751,_27379_,1.4,1.33
cluster_9752,_27378_,1.4,1.71
cluster_9753,_27377_,1.4,1.71
cluster_9754,_27344_,1.4,1.33
cluster_9755,_27376_,1.4,0.95
cluster_9756,_27374_,1.4,2.47
cluster_9757,_27373_,1.4,2.47
cluster_9758,_27372_,1.4,0.95
cluster_9759,_27371_,1.4,0.57
cluster_9760,_27370_,1.4,0.57
cluster_9761,_27369_,1.4,1.33
cluster_9762,_27368_,1.4,2.47
cluster_9763,_27367_,1.4,1.9
cluster_9764,_27553_,1.4,0.76
cluster_9765,_27304_,1.4,0.76
cluster_9766,_27343_,1.4,0.76
cluster_9767,_27341_,1.4,1.33
cluster_9768,_27321_,1.4,0.76
cluster_9769,_27320_,1.4,0.57
cluster_9770,_27319_,1.4,1.9
cluster_9771,_27318_,1.4,1.71
cluster_9772,_27317_,1.4,1.14
cluster_9773,_27316_,1.4,1.14
cluster_9774,_27315_,1.4,0.95
cluster_9775,_27314_,1.4,1.33
cluster_9776,_27313_,1.4,2.66
cluster_9777,_27312_,1.4,1.33
cluster_9778,_24626_,1.4,1.14
cluster_9779,_27311_,1.4,0.57
cluster_9780,_27310_,1.4,0.76
cluster_9781,_27309_,1.4,1.71
cluster_9782,_27308_,1.4,0.76
cluster_9783,_27307_,1.4,0.76
cluster_9784,_27306_,1.4,1.14
cluster_9785,_27322_,1.4,0.95
cluster_9786,_27323_,1.4,0.57
cluster_9787,_27324_,1.4,0.57
cluster_9788,_27325_,1.4,1.71
cluster_9789,_27340_,1.4,2.47
cluster_9790,_27339_,1.4,0.95
cluster_9791,_27338_,1.4,2.47
cluster_9792,_27337_,1.4,2.47
cluster_9793,_27336_,1.4,3.23
cluster_9794,_27335_,1.4,0.95
cluster_9795,_27334_,1.4,2.47
cluster_9796,_27333_,1.4,3.23
cluster_9797,_27342_,1.4,0.57
cluster_9798,_24648_,1.4,1.9
cluster_9799,_24646_,1.4,1.14
cluster_9800,_27332_,1.4,0.95
cluster_9801,_27331_,1.4,2.66
cluster_9802,_27330_,1.4,1.71
cluster_9803,_27329_,1.4,1.9
cluster_9804,_27328_,1.4,0.57
cluster_9805,_27327_,1.4,0.38
cluster_9806,_27326_,1.4,1.71
cluster_9807,_24647_,1.4,1.14
cluster_9808,_27554_,1.4,0.57
cluster_9809,_27490_,1.4,0.57
cluster_9810,_27556_,1.4,0.57
cluster_9811,_27779_,1.4,0.57
cluster_9812,_27778_,1.4,0.76
cluster_9813,_27777_,1.4,0.76
cluster_9814,_27776_,1.4,0.76
cluster_9815,_27775_,1.4,0.76
cluster_9816,_27774_,1.4,0.95
cluster_9817,_27773_,1.4,0.57
cluster_9818,input226,1.4,0.57
cluster_9819,_27772_,1.4,1.14
cluster_9820,_27771_,1.4,0.57
cluster_9821,_27770_,1.4,1.14
cluster_9822,_27769_,1.4,1.14
cluster_9823,input225,1.4,0.57
cluster_9824,_27768_,1.4,0.57
cluster_9825,_27767_,1.4,0.76
cluster_9826,_27766_,1.4,0.95
cluster_9827,_27765_,1.4,0.76
cluster_9828,_27764_,1.4,0.76
cluster_9829,_27763_,1.4,0.57
cluster_9830,_27780_,1.4,1.14
cluster_9831,_27762_,1.4,0.76
cluster_9832,_27555_,1.4,0.57
cluster_9833,_27783_,1.4,0.76
cluster_9834,_27801_,1.4,0.76
cluster_9835,_27800_,1.4,1.14
cluster_9836,_27799_,1.4,0.57
cluster_9837,_27798_,1.4,0.76
cluster_9838,_27797_,1.4,0.76
cluster_9839,_27796_,1.4,0.57
cluster_9840,_27795_,1.4,0.95
cluster_9841,_27794_,1.4,0.95
cluster_9842,_27793_,1.4,1.14
cluster_9843,_27792_,1.4,1.33
cluster_9844,_27791_,1.4,1.33
cluster_9845,_27790_,1.4,0.95
cluster_9846,_27789_,1.4,0.76
cluster_9847,_27788_,1.4,0.76
cluster_9848,clone146,1.4,0.76
cluster_9849,_27787_,1.4,0.95
cluster_9850,_27786_,1.4,0.57
cluster_9851,_27785_,1.4,0.95
cluster_9852,_27784_,1.4,0.76
cluster_9853,_27782_,1.4,0.57
cluster_9854,_27802_,1.4,0.57
cluster_9855,_27761_,1.4,0.76
cluster_9856,input223,1.4,0.76
cluster_9857,_27740_,1.4,1.14
cluster_9858,_27739_,1.4,0.76
cluster_9859,_27738_,1.4,0.76
cluster_9860,_27737_,1.4,0.76
cluster_9861,_27736_,1.4,0.76
cluster_9862,_27735_,1.4,0.57
cluster_9863,_27734_,1.4,0.95
cluster_9864,_27733_,1.4,1.71
cluster_9865,_27732_,1.4,0.57
cluster_9866,_27731_,1.4,0.38
cluster_9867,_27730_,1.4,1.14
cluster_9868,_27729_,1.4,0.76
cluster_9869,_27728_,1.4,0.76
cluster_9870,_27727_,1.4,1.14
cluster_9871,_27726_,1.4,0.76
cluster_9872,_27725_,1.4,0.76
cluster_9873,_27724_,1.4,0.76
cluster_9874,_27723_,1.4,1.33
cluster_9875,_27722_,1.4,0.95
cluster_9876,_27741_,1.4,0.57
cluster_9877,_27760_,1.4,0.57
cluster_9878,_27742_,1.4,0.76
cluster_9879,_27744_,1.4,1.14
cluster_9880,_27759_,1.4,1.14
cluster_9881,input222,1.4,0.57
cluster_9882,input221,1.4,0.57
cluster_9883,input219,1.4,0.76
cluster_9884,input218,1.4,0.57
cluster_9885,_27758_,1.4,0.95
cluster_9886,_27757_,1.4,1.14
cluster_9887,_27756_,1.4,0.76
cluster_9888,_27755_,1.4,1.14
cluster_9889,_27754_,1.4,0.57
cluster_9890,_27753_,1.4,1.14
cluster_9891,_27752_,1.4,0.76
cluster_9892,_27751_,1.4,0.76
cluster_9893,_27750_,1.4,0.76
cluster_9894,_27749_,1.4,1.14
cluster_9895,_27748_,1.4,1.33
cluster_9896,_27747_,1.4,1.14
cluster_9897,_27746_,1.4,0.76
cluster_9898,_27745_,1.4,0.95
cluster_9899,_27743_,1.4,0.76
cluster_9900,_27721_,1.4,0.76
cluster_9901,_27803_,1.4,0.76
cluster_9902,_27805_,1.4,0.76
cluster_9903,_27870_,1.4,0.95
cluster_9904,_27869_,1.4,1.14
cluster_9905,_27868_,1.4,0.76
cluster_9906,_27867_,1.4,0.76
cluster_9907,_27866_,1.4,0.76
cluster_9908,_27865_,1.4,1.14
cluster_9909,_27864_,1.4,0.76
cluster_9910,_27863_,1.4,0.76
cluster_9911,_27862_,1.4,0.76
cluster_9912,_27861_,1.4,1.14
cluster_9913,_27860_,1.4,0.76
cluster_9914,_27859_,1.4,1.33
cluster_9915,_27858_,1.4,1.14
cluster_9916,_27857_,1.4,0.76
cluster_9917,_27856_,1.4,1.14
cluster_9918,_27855_,1.4,0.76
cluster_9919,_27854_,1.4,0.76
cluster_9920,_27853_,1.4,0.76
cluster_9921,_27852_,1.4,0.76
cluster_9922,_27871_,1.4,0.76
cluster_9923,_27851_,1.4,0.57
cluster_9924,_27872_,1.4,0.76
cluster_9925,_27874_,1.4,0.57
cluster_9926,_27885_,1.4,1.33
cluster_9927,_27884_,1.4,1.14
cluster_9928,_27883_,1.4,1.14
cluster_9929,_27882_,1.4,1.33
cluster_9930,_27881_,1.4,0.95
cluster_9931,_29474_,1.4,1.33
cluster_9932,_29473_,1.4,1.33
cluster_9933,_29470_,1.4,1.33
cluster_9934,_29469_,1.4,1.33
cluster_9935,_29468_,1.4,1.33
cluster_9936,_29466_,1.4,1.33
cluster_9937,_29465_,1.4,1.33
cluster_9938,_27880_,1.4,0.76
cluster_9939,_27879_,1.4,0.76
cluster_9940,_27878_,1.4,1.33
cluster_9941,_27877_,1.4,0.76
cluster_9942,_29460_,1.4,2.47
cluster_9943,_27876_,1.4,0.76
cluster_9944,_27875_,1.4,1.33
cluster_9945,_27873_,1.4,0.57
cluster_9946,_27804_,1.4,1.33
cluster_9947,_27850_,1.4,0.95
cluster_9948,_27848_,1.4,0.57
cluster_9949,_27824_,1.4,0.76
cluster_9950,_27823_,1.4,0.57
cluster_9951,_27822_,1.4,0.76
cluster_9952,_27821_,1.4,0.95
cluster_9953,_27820_,1.4,1.14
cluster_9954,_27819_,1.4,0.57
cluster_9955,_27818_,1.4,1.14
cluster_9956,_27817_,1.4,0.76
cluster_9957,_27816_,1.4,0.76
cluster_9958,_27815_,1.4,1.14
cluster_9959,_27814_,1.4,0.76
cluster_9960,_27813_,1.4,0.76
cluster_9961,_27812_,1.4,0.76
cluster_9962,_27811_,1.4,0.76
cluster_9963,_27810_,1.4,0.76
cluster_9964,_27809_,1.4,1.71
cluster_9965,_27808_,1.4,0.95
cluster_9966,_27807_,1.4,0.76
cluster_9967,_27806_,1.4,0.57
cluster_9968,_27825_,1.4,0.57
cluster_9969,_27849_,1.4,0.76
cluster_9970,_27826_,1.4,0.76
cluster_9971,_27828_,1.4,0.95
cluster_9972,_27847_,1.4,0.57
cluster_9973,_27846_,1.4,0.76
cluster_9974,_27845_,1.4,1.14
cluster_9975,_27844_,1.4,0.76
cluster_9976,_27843_,1.4,0.76
cluster_9977,_27842_,1.4,1.14
cluster_9978,_27841_,1.4,0.95
cluster_9979,_27840_,1.4,0.76
cluster_9980,_27839_,1.4,0.95
cluster_9981,_27838_,1.4,1.71
cluster_9982,_27837_,1.4,1.14
cluster_9983,_27836_,1.4,0.76
cluster_9984,_27835_,1.4,0.76
cluster_9985,_27834_,1.4,0.57
cluster_9986,_27833_,1.4,0.76
cluster_9987,_27832_,1.4,1.14
cluster_9988,_27831_,1.4,0.76
cluster_9989,_27830_,1.4,1.14
cluster_9990,_27829_,1.4,0.95
cluster_9991,_27827_,1.4,1.14
cluster_9992,_27720_,1.4,0.57
cluster_9993,_27781_,1.4,0.76
cluster_9994,_27718_,1.4,0.95
cluster_9995,_27622_,1.4,0.57
cluster_9996,_27621_,1.4,0.76
cluster_9997,_27620_,1.4,0.95
cluster_9998,_27619_,1.4,0.76
cluster_9999,_27618_,1.4,0.57
cluster_10000,_27617_,1.4,0.76
cluster_10001,_27616_,1.4,0.76
cluster_10002,_27615_,1.4,0.95
cluster_10003,_27614_,1.4,1.33
cluster_10004,_27613_,1.4,1.14
cluster_10005,_27612_,1.4,0.57
cluster_10006,_27611_,1.4,0.57
cluster_10007,_27610_,1.4,0.76
cluster_10008,_27609_,1.4,0.95
cluster_10009,_27608_,1.4,0.57
cluster_10010,_27607_,1.4,0.38
cluster_10011,_27606_,1.4,0.76
cluster_10012,_27605_,1.4,0.57
cluster_10013,_27604_,1.4,0.57
cluster_10014,_27623_,1.4,0.76
cluster_10015,_27603_,1.4,1.14
cluster_10016,_27624_,1.4,0.57
cluster_10017,_27626_,1.4,0.95
cluster_10018,_27643_,1.4,2.47
cluster_10019,_27642_,1.4,1.14
cluster_10020,_27641_,1.4,1.14
cluster_10021,_27640_,1.4,1.33
cluster_10022,_27639_,1.4,0.95
cluster_10023,_27638_,1.4,0.76
cluster_10024,_27637_,1.4,1.14
cluster_10025,_27636_,1.4,0.76
cluster_10026,_27635_,1.4,0.76
cluster_10027,_27634_,1.4,1.14
cluster_10028,_27633_,1.4,0.76
cluster_10029,_27632_,1.4,0.57
cluster_10030,_27631_,1.4,0.95
cluster_10031,_27630_,1.4,1.14
cluster_10032,_27629_,1.4,0.76
cluster_10033,max_cap3,1.4,1.33
cluster_10034,max_cap2,1.4,1.33
cluster_10035,_27628_,1.4,0.57
cluster_10036,_27627_,1.4,0.76
cluster_10037,_27625_,1.4,1.14
cluster_10038,_27602_,1.4,1.14
cluster_10039,_27719_,1.4,0.57
cluster_10040,_27600_,1.4,0.76
cluster_10041,_27575_,1.4,1.33
cluster_10042,_27574_,1.4,0.76
cluster_10043,_27573_,1.4,0.76
cluster_10044,_27572_,1.4,0.76
cluster_10045,_27571_,1.4,0.76
cluster_10046,_27570_,1.4,1.33
cluster_10047,_27569_,1.4,0.95
cluster_10048,_27568_,1.4,0.76
cluster_10049,_27567_,1.4,0.76
cluster_10050,_27566_,1.4,1.33
cluster_10051,_27565_,1.4,0.76
cluster_10052,_27564_,1.4,0.76
cluster_10053,_27563_,1.4,0.76
cluster_10054,_27562_,1.4,0.76
cluster_10055,_27561_,1.4,0.57
cluster_10056,_27560_,1.4,0.95
cluster_10057,_27559_,1.4,0.95
cluster_10058,_27558_,1.4,0.76
cluster_10059,_27557_,1.4,0.76
cluster_10060,_27576_,1.4,1.71
cluster_10061,_27577_,1.4,0.76
cluster_10062,_27578_,1.4,0.76
cluster_10063,_27579_,1.4,0.76
cluster_10064,_27599_,1.4,0.57
cluster_10065,_27598_,1.4,0.76
cluster_10066,_27597_,1.4,0.76
cluster_10067,_27596_,1.4,0.76
cluster_10068,_27595_,1.4,0.95
cluster_10069,_27594_,1.4,1.33
cluster_10070,_27593_,1.4,1.14
cluster_10071,_27592_,1.4,1.33
cluster_10072,_27591_,1.4,1.33
cluster_10073,_27644_,1.4,1.14
cluster_10074,_27590_,1.4,0.95
cluster_10075,_27588_,1.4,0.57
cluster_10076,_27587_,1.4,0.57
cluster_10077,_27586_,1.4,0.76
cluster_10078,_27585_,1.4,0.76
cluster_10079,_27584_,1.4,0.76
cluster_10080,_27583_,1.4,0.38
cluster_10081,_27582_,1.4,1.33
cluster_10082,_27581_,1.4,1.14
cluster_10083,_27580_,1.4,1.33
cluster_10084,_27589_,1.4,0.95
cluster_10085,_27645_,1.4,0.76
cluster_10086,_27601_,1.4,0.76
cluster_10087,_27691_,1.4,1.14
cluster_10088,_27695_,1.4,0.76
cluster_10089,_27694_,1.4,0.76
cluster_10090,_27693_,1.4,1.14
cluster_10091,_27692_,1.4,0.95
cluster_10092,_27712_,1.4,0.76
cluster_10093,_27690_,1.4,1.33
cluster_10094,_27689_,1.4,0.76
cluster_10095,_27688_,1.4,0.76
cluster_10096,_27687_,1.4,0.76
cluster_10097,_27686_,1.4,0.57
cluster_10098,_27685_,1.4,0.57
cluster_10099,_27684_,1.4,1.33
cluster_10100,_27683_,1.4,1.33
cluster_10101,_27682_,1.4,0.76
cluster_10102,_27681_,1.4,0.76
cluster_10103,_27680_,1.4,0.76
cluster_10104,_27679_,1.4,1.33
cluster_10105,_27696_,1.4,0.76
cluster_10106,_27697_,1.4,0.76
cluster_10107,_27698_,1.4,0.57
cluster_10108,_27699_,1.4,0.76
cluster_10109,_27713_,1.4,0.76
cluster_10110,_27714_,1.4,1.14
cluster_10111,_27715_,1.4,0.57
cluster_10112,_27716_,1.4,0.76
cluster_10113,_27717_,1.4,1.14
cluster_10114,_27710_,1.4,0.76
cluster_10115,_27709_,1.4,0.76
cluster_10116,_27708_,1.4,0.57
cluster_10117,_21987_,1.4,1.14
cluster_10118,_27707_,1.4,0.76
cluster_10119,_27705_,1.4,0.95
cluster_10120,_21978_,1.4,1.14
cluster_10121,_21979_,1.4,1.14
cluster_10122,_27704_,1.4,0.76
cluster_10123,_27703_,1.4,0.57
cluster_10124,_27702_,1.4,1.33
cluster_10125,_27701_,1.4,0.76
cluster_10126,_27700_,1.4,0.76
cluster_10127,_27706_,1.4,0.95
cluster_10128,_27678_,1.4,0.76
cluster_10129,_27711_,1.4,0.57
cluster_10130,_27676_,1.4,1.14
cluster_10131,_27668_,1.4,0.76
cluster_10132,_27667_,1.4,1.14
cluster_10133,_27658_,1.4,0.76
cluster_10134,_27665_,1.4,0.95
cluster_10135,_27664_,1.4,0.76
cluster_10136,_27663_,1.4,0.57
cluster_10137,_27662_,1.4,1.33
cluster_10138,_27661_,1.4,0.76
cluster_10139,_27669_,1.4,0.76
cluster_10140,_27660_,1.4,0.76
cluster_10141,_27659_,1.4,0.76
cluster_10142,_27652_,1.4,1.14
cluster_10143,_27653_,1.4,0.76
cluster_10144,_27677_,1.4,0.95
cluster_10145,_27654_,1.4,0.76
cluster_10146,_27655_,1.4,1.14
cluster_10147,_27656_,1.4,0.76
cluster_10148,_27657_,1.4,0.76
cluster_10149,_27651_,1.4,0.76
cluster_10150,_27670_,1.4,0.95
cluster_10151,_27666_,1.4,0.95
cluster_10152,_27648_,1.4,0.57
cluster_10153,_27675_,1.4,1.14
cluster_10154,_27674_,1.4,1.33
cluster_10155,_27673_,1.4,0.76
cluster_10156,_27650_,1.4,1.33
cluster_10157,_27647_,1.4,0.57
cluster_10158,_27672_,1.4,0.76
cluster_10159,_27671_,1.4,0.76
cluster_10160,_27649_,1.4,0.76
cluster_10161,_27646_,1.4,0.76
cluster_10162,_26803_,1.4,0.76
cluster_10163,_26802_,1.4,0.57
cluster_10164,_26801_,1.4,0.57
cluster_10165,_26815_,1.4,1.71
cluster_10166,_26800_,1.4,1.14
cluster_10167,_26820_,1.4,0.76
cluster_10168,_26822_,1.4,1.14
cluster_10169,_26799_,1.4,0.76
cluster_10170,_26798_,1.4,1.33
cluster_10171,_26821_,1.4,0.57
cluster_10172,_26804_,1.4,0.57
cluster_10173,_26806_,1.4,2.47
cluster_10174,_26816_,1.4,2.47
cluster_10175,_26814_,1.4,0.57
cluster_10176,_26813_,1.4,2.47
cluster_10177,_26817_,1.4,0.76
cluster_10178,_26818_,1.4,1.14
cluster_10179,_26910_,1.4,0.95
cluster_10180,_26812_,1.4,0.57
cluster_10181,_26909_,1.4,1.33
cluster_10182,_26819_,1.4,0.57
cluster_10183,_26898_,1.4,0.95
cluster_10184,_26897_,1.4,0.57
cluster_10185,_26811_,1.4,0.57
cluster_10186,_26810_,1.4,0.95
cluster_10187,_26809_,1.4,0.76
cluster_10188,_26808_,1.4,2.47
cluster_10189,_26807_,1.4,1.33
cluster_10190,_26805_,1.4,2.47
cluster_10191,_26752_,1.4,1.33
cluster_10192,_26794_,1.4,1.71
cluster_10193,_26754_,1.4,0.57
cluster_10194,_26779_,1.4,1.14
cluster_10195,_26778_,1.4,1.33
cluster_10196,_26777_,1.4,0.57
cluster_10197,_26776_,1.4,0.57
cluster_10198,_26775_,1.4,1.33
cluster_10199,_26774_,1.4,1.33
cluster_10200,_26773_,1.4,1.33
cluster_10201,_26772_,1.4,1.33
cluster_10202,_26771_,1.4,1.33
cluster_10203,_26770_,1.4,1.33
cluster_10204,_26769_,1.4,1.14
cluster_10205,_26768_,1.4,1.33
cluster_10206,_26767_,1.4,0.76
cluster_10207,_26766_,1.4,0.76
cluster_10208,_26765_,1.4,1.33
cluster_10209,_26764_,1.4,0.95
cluster_10210,_26763_,1.4,1.14
cluster_10211,_26762_,1.4,0.76
cluster_10212,clone157,1.4,0.76
cluster_10213,_26760_,1.4,2.47
cluster_10214,_26753_,1.4,0.76
cluster_10215,_26780_,1.4,0.76
cluster_10216,_26782_,1.4,1.33
cluster_10217,_26755_,1.4,0.76
cluster_10218,_26797_,1.4,1.33
cluster_10219,_26796_,1.4,0.95
cluster_10220,_26756_,1.4,0.57
cluster_10221,_26795_,1.4,0.76
cluster_10222,_26757_,1.4,1.71
cluster_10223,_26758_,1.4,2.47
cluster_10224,_26793_,1.4,0.95
cluster_10225,_26792_,1.4,0.76
cluster_10226,_26791_,1.4,0.95
cluster_10227,_26759_,1.4,0.95
cluster_10228,_26790_,1.4,0.38
cluster_10229,_26789_,1.4,0.95
cluster_10230,_26788_,1.4,0.95
cluster_10231,_26787_,1.4,1.33
cluster_10232,_26786_,1.4,0.76
cluster_10233,_26785_,1.4,0.76
cluster_10234,_26784_,1.4,1.14
cluster_10235,_26783_,1.4,0.95
cluster_10236,_26781_,1.4,1.33
cluster_10237,_26904_,1.4,0.76
cluster_10238,_26845_,1.4,1.14
cluster_10239,_26824_,1.4,1.33
cluster_10240,_26872_,1.4,1.14
cluster_10241,_26871_,1.4,0.76
cluster_10242,_26870_,1.4,1.14
cluster_10243,_26869_,1.4,0.76
cluster_10244,_26868_,1.4,0.76
cluster_10245,_26867_,1.4,1.33
cluster_10246,_26866_,1.4,0.57
cluster_10247,_26865_,1.4,1.33
cluster_10248,_26864_,1.4,0.76
cluster_10249,_26863_,1.4,0.76
cluster_10250,_26862_,1.4,1.33
cluster_10251,_26861_,1.4,0.76
cluster_10252,_26860_,1.4,0.76
cluster_10253,_26859_,1.4,2.47
cluster_10254,_26885_,1.4,0.76
cluster_10255,_26858_,1.4,1.33
cluster_10256,_26857_,1.4,1.33
cluster_10257,_26873_,1.4,2.47
cluster_10258,_26856_,1.4,0.76
cluster_10259,_26874_,1.4,0.76
cluster_10260,_26876_,1.4,1.33
cluster_10261,_26884_,1.4,0.95
cluster_10262,_26883_,1.4,0.57
cluster_10263,_26882_,1.4,1.14
cluster_10264,_26881_,1.4,0.76
cluster_10265,_26880_,1.4,0.76
cluster_10266,_26879_,1.4,0.76
cluster_10267,_26878_,1.4,0.76
cluster_10268,_26877_,1.4,1.33
cluster_10269,_26751_,1.4,0.76
cluster_10270,_26905_,1.4,0.76
cluster_10271,_26906_,1.4,1.33
cluster_10272,_26907_,1.4,0.76
cluster_10273,_26908_,1.4,0.57
cluster_10274,_26899_,1.4,0.76
cluster_10275,_26900_,1.4,1.14
cluster_10276,_26901_,1.4,1.33
cluster_10277,_26902_,1.4,0.76
cluster_10278,_26875_,1.4,0.76
cluster_10279,_26855_,1.4,0.76
cluster_10280,_26854_,1.4,0.76
cluster_10281,_26853_,1.4,0.76
cluster_10282,_26834_,1.4,0.95
cluster_10283,_26833_,1.4,1.71
cluster_10284,_26832_,1.4,1.33
cluster_10285,_26887_,1.4,0.76
cluster_10286,_26888_,1.4,1.14
cluster_10287,_26889_,1.4,0.57
cluster_10288,_26893_,1.4,0.76
cluster_10289,_26831_,1.4,1.71
cluster_10290,_26830_,1.4,1.33
cluster_10291,_26892_,1.4,0.76
cluster_10292,_26891_,1.4,0.76
cluster_10293,_26829_,1.4,1.33
cluster_10294,_26828_,1.4,1.14
cluster_10295,_26827_,1.4,1.71
cluster_10296,_26890_,1.4,0.95
cluster_10297,_26826_,1.4,1.14
cluster_10298,_26825_,1.4,1.14
cluster_10299,_26835_,1.4,1.33
cluster_10300,_26836_,1.4,1.33
cluster_10301,_26837_,1.4,0.76
cluster_10302,_26838_,1.4,2.47
cluster_10303,_26852_,1.4,0.76
cluster_10304,_26896_,1.4,1.33
cluster_10305,_26851_,1.4,1.33
cluster_10306,_26850_,1.4,0.57
cluster_10307,_26849_,1.4,0.76
cluster_10308,_26848_,1.4,1.14
cluster_10309,_26847_,1.4,0.76
cluster_10310,_26846_,1.4,1.33
cluster_10311,_26823_,1.4,0.76
cluster_10312,_26903_,1.4,0.95
cluster_10313,_26895_,1.4,1.33
cluster_10314,_26843_,1.4,0.76
cluster_10315,_26842_,1.4,1.71
cluster_10316,_26841_,1.4,0.76
cluster_10317,_26840_,1.4,0.76
cluster_10318,_26894_,1.4,1.14
cluster_10319,_26839_,1.4,0.76
cluster_10320,_26886_,1.4,1.14
cluster_10321,_26844_,1.4,1.52
cluster_10322,_26750_,1.4,2.47
cluster_10323,_27122_,1.4,0.95
cluster_10324,_26748_,1.4,1.33
cluster_10325,_26664_,1.4,2.09
cluster_10326,_26663_,1.4,1.71
cluster_10327,_26662_,1.4,0.57
cluster_10328,_26661_,1.4,1.33
cluster_10329,_26660_,1.4,0.57
cluster_10330,_26659_,1.4,0.57
cluster_10331,_26657_,1.4,1.33
cluster_10332,_26665_,1.4,2.47
cluster_10333,_26656_,1.4,1.33
cluster_10334,_26654_,1.4,1.33
cluster_10335,_26653_,1.4,2.09
cluster_10336,_26652_,1.4,1.71
cluster_10337,_26651_,1.4,0.76
cluster_10338,_26650_,1.4,0.57
cluster_10339,_26649_,1.4,1.14
cluster_10340,_26648_,1.4,1.71
cluster_10341,_26655_,1.4,2.47
cluster_10342,_26647_,1.4,0.57
cluster_10343,_26666_,1.4,0.57
cluster_10344,_26667_,1.4,0.95
cluster_10345,sa31_sr[3]$_DFF_P_,1.4,3.23
cluster_10346,sa31_sr[2]$_DFF_P_,1.4,3.23
cluster_10347,sa31_sr[1]$_DFF_P_,1.4,3.23
cluster_10348,sa31_sr[0]$_DFF_P_,1.4,3.23
cluster_10349,_26671_,1.4,0.76
cluster_10350,_19063_,1.4,1.33
cluster_10351,_19097_,1.4,0.76
cluster_10352,split152,1.4,0.76
cluster_10353,_19106_,1.4,1.33
cluster_10354,_19131_,1.4,2.47
cluster_10355,_19148_,1.4,1.33
cluster_10356,_19179_,1.4,1.33
cluster_10357,_26670_,1.4,2.47
cluster_10358,_26669_,1.4,2.09
cluster_10359,clone153,1.4,0.76
cluster_10360,_26668_,1.4,1.9
cluster_10361,_19116_,1.4,1.33
cluster_10362,_26646_,1.4,0.57
cluster_10363,_26645_,1.4,0.76
cluster_10364,_26644_,1.4,1.14
cluster_10365,_26594_,1.4,1.33
cluster_10366,_26911_,1.4,0.95
cluster_10367,_26593_,1.4,0.76
cluster_10368,clone156,1.4,0.95
cluster_10369,_26591_,1.4,0.95
cluster_10370,_26590_,1.4,1.71
cluster_10371,_26589_,1.4,1.71
cluster_10372,_26610_,1.4,0.95
cluster_10373,_26588_,1.4,1.33
cluster_10374,_26586_,1.4,1.71
cluster_10375,_26585_,1.4,1.9
cluster_10376,_26584_,1.4,1.14
cluster_10377,_26583_,1.4,1.14
cluster_10378,_26581_,1.4,0.57
cluster_10379,_26580_,1.4,0.57
cluster_10380,_26579_,1.4,0.38
cluster_10381,_26587_,1.4,2.09
cluster_10382,_26611_,1.4,2.47
cluster_10383,_26612_,1.4,2.47
cluster_10384,_26626_,1.4,1.71
cluster_10385,_26643_,1.4,1.33
cluster_10386,_26642_,1.4,1.71
cluster_10387,_26641_,1.4,3.23
cluster_10388,_26640_,1.4,1.71
cluster_10389,_26639_,1.4,0.95
cluster_10390,_26638_,1.4,0.38
cluster_10391,_26637_,1.4,3.23
cluster_10392,_26636_,1.4,1.9
cluster_10393,_26635_,1.4,0.95
cluster_10394,_26634_,1.4,2.47
cluster_10395,_26633_,1.4,1.33
cluster_10396,_26632_,1.4,1.33
cluster_10397,_26631_,1.4,2.47
cluster_10398,_26630_,1.4,2.47
cluster_10399,_26629_,1.4,2.47
cluster_10400,_26628_,1.4,1.33
cluster_10401,_26627_,1.4,2.47
cluster_10402,_26672_,1.4,0.95
cluster_10403,sa31_sr[4]$_DFF_P_,1.4,3.23
cluster_10404,_26673_,1.4,3.23
cluster_10405,_26674_,1.4,2.47
cluster_10406,_26725_,1.4,1.33
cluster_10407,_26724_,1.4,1.33
cluster_10408,_26723_,1.4,3.42
cluster_10409,_26722_,1.4,0.76
cluster_10410,_26721_,1.4,1.71
cluster_10411,_26720_,1.4,1.71
cluster_10412,_26719_,1.4,1.71
cluster_10413,_26726_,1.4,0.76
cluster_10414,_26718_,1.4,2.47
cluster_10415,_26716_,1.4,0.76
cluster_10416,_26715_,1.4,1.33
cluster_10417,_26714_,1.4,0.95
cluster_10418,_26713_,1.4,0.95
cluster_10419,_26712_,1.4,1.71
cluster_10420,_26711_,1.4,2.66
cluster_10421,_26710_,1.4,0.95
cluster_10422,_26717_,1.4,1.33
cluster_10423,_26727_,1.4,0.57
cluster_10424,_26728_,1.4,1.33
cluster_10425,_26729_,1.4,1.33
cluster_10426,_26747_,1.4,1.33
cluster_10427,_26746_,1.4,1.71
cluster_10428,_26745_,1.4,1.14
cluster_10429,_26744_,1.4,0.57
cluster_10430,_26743_,1.4,0.57
cluster_10431,_26742_,1.4,1.33
cluster_10432,_26741_,1.4,0.57
cluster_10433,_26740_,1.4,2.66
cluster_10434,_26739_,1.4,1.14
cluster_10435,_26738_,1.4,0.57
cluster_10436,_26737_,1.4,1.33
cluster_10437,_26735_,1.4,1.14
cluster_10438,_26734_,1.4,0.76
cluster_10439,_26733_,1.4,0.76
cluster_10440,_26732_,1.4,1.33
cluster_10441,_26731_,1.4,0.76
cluster_10442,_26730_,1.4,1.33
cluster_10443,clone154,1.4,1.33
cluster_10444,_26749_,1.4,0.57
cluster_10445,_26708_,1.4,1.33
cluster_10446,_26706_,1.4,1.71
cluster_10447,_26684_,1.4,0.76
cluster_10448,_26683_,1.4,0.57
cluster_10449,_26682_,1.4,1.33
cluster_10450,_26681_,1.4,1.33
cluster_10451,clone187,1.4,0.76
cluster_10452,_26680_,1.4,0.76
cluster_10453,_26679_,1.4,0.76
cluster_10454,_26685_,1.4,1.71
cluster_10455,sa31_sr[7]$_DFF_P_,1.4,3.23
cluster_10456,_26678_,1.4,1.71
cluster_10457,_26677_,1.4,2.47
cluster_10458,_26676_,1.4,3.23
cluster_10459,_26675_,1.4,0.95
cluster_10460,_18383_,1.4,1.14
cluster_10461,_18384_,1.4,1.9
cluster_10462,sa31_sr[5]$_DFF_P_,1.4,3.23
cluster_10463,sa31_sr[6]$_DFF_P_,1.4,3.23
cluster_10464,_26686_,1.4,1.33
cluster_10465,_26687_,1.4,1.33
cluster_10466,_26688_,1.4,1.14
cluster_10467,_26705_,1.4,1.14
cluster_10468,_26704_,1.4,1.14
cluster_10469,_26703_,1.4,1.14
cluster_10470,_26702_,1.4,0.76
cluster_10471,_26701_,1.4,3.23
cluster_10472,_26700_,1.4,0.76
cluster_10473,_26699_,1.4,2.47
cluster_10474,_26698_,1.4,2.47
cluster_10475,_26697_,1.4,1.33
cluster_10476,_26696_,1.4,1.33
cluster_10477,_26695_,1.4,0.76
cluster_10478,_26694_,1.4,0.95
cluster_10479,_26693_,1.4,3.23
cluster_10480,_26692_,1.4,1.71
cluster_10481,_26691_,1.4,1.71
cluster_10482,_26690_,1.4,0.57
cluster_10483,_26689_,1.4,0.57
cluster_10484,_26707_,1.4,1.14
cluster_10485,_26912_,1.4,0.95
cluster_10486,_27134_,1.4,0.76
cluster_10487,_26914_,1.4,0.76
cluster_10488,_27166_,1.4,1.14
cluster_10489,_27165_,1.4,0.57
cluster_10490,_27164_,1.4,0.76
cluster_10491,_27163_,1.4,0.57
cluster_10492,_27162_,1.4,1.14
cluster_10493,_27161_,1.4,1.33
cluster_10494,_27160_,1.4,0.76
cluster_10495,_27159_,1.4,0.76
cluster_10496,_27158_,1.4,0.57
cluster_10497,_27157_,1.4,0.76
cluster_10498,_27156_,1.4,0.57
cluster_10499,_27155_,1.4,0.95
cluster_10500,_27154_,1.4,0.76
cluster_10501,_27153_,1.4,0.76
cluster_10502,_27152_,1.4,0.76
cluster_10503,_27151_,1.4,1.14
cluster_10504,_27150_,1.4,1.14
cluster_10505,_27149_,1.4,0.57
cluster_10506,_27148_,1.4,1.14
cluster_10507,_27167_,1.4,0.76
cluster_10508,_27147_,1.4,0.76
cluster_10509,_27168_,1.4,0.76
cluster_10510,_27170_,1.4,0.76
cluster_10511,_27189_,1.4,0.57
cluster_10512,_27188_,1.4,0.57
cluster_10513,_27187_,1.4,1.71
cluster_10514,_27186_,1.4,0.76
cluster_10515,_27185_,1.4,0.95
cluster_10516,_27184_,1.4,0.57
cluster_10517,_27183_,1.4,0.76
cluster_10518,_27182_,1.4,1.14
cluster_10519,_27181_,1.4,1.33
cluster_10520,_27180_,1.4,0.76
cluster_10521,_27179_,1.4,0.76
cluster_10522,_27178_,1.4,0.76
cluster_10523,_27177_,1.4,1.14
cluster_10524,_27176_,1.4,0.76
cluster_10525,_27175_,1.4,1.14
cluster_10526,_27174_,1.4,0.95
cluster_10527,_27173_,1.4,0.57
cluster_10528,_27172_,1.4,0.57
cluster_10529,_27171_,1.4,1.14
cluster_10530,_27169_,1.4,0.76
cluster_10531,_27190_,1.4,1.14
cluster_10532,_27146_,1.4,0.76
cluster_10533,_27144_,1.4,0.76
cluster_10534,_27118_,1.4,0.57
cluster_10535,_27117_,1.4,0.76
cluster_10536,_27116_,1.4,1.14
cluster_10537,_27115_,1.4,0.95
cluster_10538,_27114_,1.4,0.95
cluster_10539,_27113_,1.4,0.76
cluster_10540,_27112_,1.4,0.95
cluster_10541,_27111_,1.4,0.95
cluster_10542,_27110_,1.4,0.76
cluster_10543,_27109_,1.4,0.76
cluster_10544,_27108_,1.4,0.95
cluster_10545,_27107_,1.4,1.14
cluster_10546,_27106_,1.4,0.76
cluster_10547,_27105_,1.4,0.57
cluster_10548,_27104_,1.4,0.76
cluster_10549,_27103_,1.4,0.95
cluster_10550,_27102_,1.4,0.57
cluster_10551,_27101_,1.4,0.76
cluster_10552,_27100_,1.4,0.76
cluster_10553,_27119_,1.4,0.95
cluster_10554,_27145_,1.4,1.14
cluster_10555,_27120_,1.4,0.76
cluster_10556,_27123_,1.4,0.76
cluster_10557,_27143_,1.4,0.76
cluster_10558,_27142_,1.4,0.76
cluster_10559,_27141_,1.4,1.14
cluster_10560,_27140_,1.4,1.33
cluster_10561,_27139_,1.4,1.14
cluster_10562,_27138_,1.4,0.95
cluster_10563,_27137_,1.4,0.76
cluster_10564,_27136_,1.4,0.57
cluster_10565,_27135_,1.4,0.76
cluster_10566,_27133_,1.4,0.76
cluster_10567,_27132_,1.4,0.76
cluster_10568,_27131_,1.4,0.76
cluster_10569,_27130_,1.4,0.57
cluster_10570,_27129_,1.4,0.76
cluster_10571,_27128_,1.4,1.14
cluster_10572,_27127_,1.4,0.76
cluster_10573,_27126_,1.4,0.57
cluster_10574,_27125_,1.4,0.76
cluster_10575,_27124_,1.4,0.95
cluster_10576,_27121_,1.4,0.76
cluster_10577,_27099_,1.4,1.71
cluster_10578,_27191_,1.4,0.76
cluster_10579,_27193_,1.4,0.76
cluster_10580,text_in_r[100]$_DFFE_PP_,1.4,3.23
cluster_10581,clone155,1.4,0.76
cluster_10582,_29775_,1.4,1.9
cluster_10583,_29776_,1.4,1.9
cluster_10584,_29777_,1.4,1.9
cluster_10585,_29778_,1.4,1.9
cluster_10586,_29779_,1.4,1.9
cluster_10587,_29780_,1.4,1.9
cluster_10588,_29781_,1.4,1.9
cluster_10589,_29782_,1.4,1.9
cluster_10590,_27241_,1.4,1.33
cluster_10591,_27240_,1.4,0.95
cluster_10592,_27239_,1.4,1.14
cluster_10593,_23988_,1.4,1.9
cluster_10594,_23987_,1.4,1.14
cluster_10595,_23986_,1.4,1.14
cluster_10596,_27238_,1.4,0.57
cluster_10597,_23970_,1.4,1.9
cluster_10598,_23969_,1.4,1.14
cluster_10599,text_in_r[101]$_DFFE_PP_,1.4,3.23
cluster_10600,_23950_,1.4,1.9
cluster_10601,text_in_r[102]$_DFFE_PP_,1.4,3.23
cluster_10602,clone195,1.4,1.33
cluster_10603,_29506_,1.4,1.33
cluster_10604,_29504_,1.4,1.33
cluster_10605,_29372_,1.4,1.33
cluster_10606,_29370_,1.4,1.33
cluster_10607,_29369_,1.4,1.33
cluster_10608,_29368_,1.4,1.33
cluster_10609,input256,1.4,0.57
cluster_10610,input254,1.4,0.57
cluster_10611,input134,1.4,0.76
cluster_10612,input133,1.4,0.76
cluster_10613,input132,1.4,0.76
cluster_10614,input131,1.4,0.57
cluster_10615,text_in_r[99]$_DFFE_PP_,1.4,3.23
cluster_10616,text_in_r[97]$_DFFE_PP_,1.4,3.23
cluster_10617,_29774_,1.4,1.9
cluster_10618,_29773_,1.4,1.9
cluster_10619,_29772_,1.4,1.9
cluster_10620,_29771_,1.4,1.9
cluster_10621,_29770_,1.4,1.9
cluster_10622,text_in_r[103]$_DFFE_PP_,1.4,3.23
cluster_10623,_27192_,1.4,0.76
cluster_10624,_23949_,1.4,1.14
cluster_10625,_27236_,1.4,0.95
cluster_10626,_27212_,1.4,1.33
cluster_10627,_27211_,1.4,1.33
cluster_10628,_27210_,1.4,0.95
cluster_10629,_27209_,1.4,1.14
cluster_10630,_27208_,1.4,1.33
cluster_10631,_27207_,1.4,1.14
cluster_10632,_27206_,1.4,1.14
cluster_10633,_27205_,1.4,1.33
cluster_10634,_27204_,1.4,0.57
cluster_10635,_27203_,1.4,1.14
cluster_10636,_27202_,1.4,0.76
cluster_10637,_27201_,1.4,0.76
cluster_10638,_27200_,1.4,1.33
cluster_10639,_27199_,1.4,1.14
cluster_10640,_27198_,1.4,0.76
cluster_10641,_27197_,1.4,0.57
cluster_10642,_27196_,1.4,0.76
cluster_10643,_27195_,1.4,0.76
cluster_10644,_27194_,1.4,1.14
cluster_10645,_27213_,1.4,0.95
cluster_10646,_27237_,1.4,0.57
cluster_10647,_27214_,1.4,0.76
cluster_10648,_27216_,1.4,0.38
cluster_10649,_27235_,1.4,0.57
cluster_10650,_27234_,1.4,0.76
cluster_10651,_27233_,1.4,0.76
cluster_10652,_27232_,1.4,1.14
cluster_10653,_27231_,1.4,1.14
cluster_10654,_27230_,1.4,0.76
cluster_10655,_27229_,1.4,1.14
cluster_10656,_27228_,1.4,0.76
cluster_10657,_27227_,1.4,1.14
cluster_10658,_27226_,1.4,0.95
cluster_10659,_27225_,1.4,0.76
cluster_10660,_27224_,1.4,0.76
cluster_10661,_27223_,1.4,0.76
cluster_10662,_27222_,1.4,0.76
cluster_10663,_27221_,1.4,0.76
cluster_10664,_27220_,1.4,1.14
cluster_10665,_27219_,1.4,0.76
cluster_10666,_27218_,1.4,0.95
cluster_10667,_27217_,1.4,0.76
cluster_10668,_26913_,1.4,1.33
cluster_10669,_27098_,1.4,1.14
cluster_10670,_27215_,1.4,1.14
cluster_10671,_27096_,1.4,0.76
cluster_10672,_26980_,1.4,1.33
cluster_10673,_26979_,1.4,0.76
cluster_10674,_26978_,1.4,0.95
cluster_10675,_26977_,1.4,0.76
cluster_10676,_26976_,1.4,0.76
cluster_10677,_26975_,1.4,0.76
cluster_10678,_26974_,1.4,2.47
cluster_10679,_26973_,1.4,0.76
cluster_10680,_26972_,1.4,0.76
cluster_10681,_26971_,1.4,1.14
cluster_10682,_26970_,1.4,0.76
cluster_10683,_26969_,1.4,0.76
cluster_10684,_26968_,1.4,0.76
cluster_10685,_26967_,1.4,1.14
cluster_10686,_26966_,1.4,0.38
cluster_10687,_26965_,1.4,0.76
cluster_10688,_26964_,1.4,0.76
cluster_10689,_26963_,1.4,0.76
cluster_10690,_26962_,1.4,0.76
cluster_10691,_26981_,1.4,0.95
cluster_10692,_26961_,1.4,1.71
cluster_10693,_26982_,1.4,0.57
cluster_10694,_26984_,1.4,0.95
cluster_10695,_27003_,1.4,1.14
cluster_10696,_27002_,1.4,0.76
cluster_10697,_27001_,1.4,0.57
cluster_10698,_27000_,1.4,0.76
cluster_10699,_26999_,1.4,0.95
cluster_10700,_26998_,1.4,1.14
cluster_10701,_26997_,1.4,0.76
cluster_10702,_26996_,1.4,0.76
cluster_10703,_26995_,1.4,0.57
cluster_10704,_26994_,1.4,0.76
cluster_10705,_26993_,1.4,0.76
cluster_10706,_26992_,1.4,0.95
cluster_10707,_26991_,1.4,1.71
cluster_10708,_26990_,1.4,1.14
cluster_10709,_26989_,1.4,1.14
cluster_10710,_26988_,1.4,0.76
cluster_10711,_26987_,1.4,0.76
cluster_10712,_26986_,1.4,0.76
cluster_10713,_26985_,1.4,0.95
cluster_10714,_26983_,1.4,1.14
cluster_10715,_26960_,1.4,0.76
cluster_10716,_26959_,1.4,1.14
cluster_10717,_26958_,1.4,0.76
cluster_10718,_26932_,1.4,0.76
cluster_10719,_26931_,1.4,0.57
cluster_10720,_26930_,1.4,0.76
cluster_10721,_26929_,1.4,0.76
cluster_10722,_26928_,1.4,0.38
cluster_10723,_26927_,1.4,0.57
cluster_10724,_26926_,1.4,1.33
cluster_10725,_26925_,1.4,0.95
cluster_10726,_26924_,1.4,0.57
cluster_10727,_26923_,1.4,0.76
cluster_10728,_26922_,1.4,0.57
cluster_10729,_26921_,1.4,0.76
cluster_10730,_26920_,1.4,1.33
cluster_10731,_26919_,1.4,0.76
cluster_10732,_26918_,1.4,0.76
cluster_10733,_26917_,1.4,0.76
cluster_10734,_26916_,1.4,0.76
cluster_10735,_26915_,1.4,1.14
cluster_10736,_27097_,1.4,0.95
cluster_10737,_26933_,1.4,0.38
cluster_10738,_26934_,1.4,0.76
cluster_10739,_26935_,1.4,0.76
cluster_10740,_26936_,1.4,0.76
cluster_10741,_26957_,1.4,1.33
cluster_10742,_26956_,1.4,0.76
cluster_10743,_26955_,1.4,1.71
cluster_10744,_26954_,1.4,1.33
cluster_10745,_26953_,1.4,0.57
cluster_10746,_26952_,1.4,0.76
cluster_10747,_26951_,1.4,1.14
cluster_10748,_26950_,1.4,0.76
cluster_10749,_26948_,1.4,1.33
cluster_10750,_27004_,1.4,0.57
cluster_10751,_26947_,1.4,0.76
cluster_10752,_26945_,1.4,0.95
cluster_10753,_26944_,1.4,1.14
cluster_10754,_26943_,1.4,0.57
cluster_10755,_26942_,1.4,0.57
cluster_10756,_26941_,1.4,0.76
cluster_10757,_26940_,1.4,0.76
cluster_10758,_26939_,1.4,0.57
cluster_10759,_26938_,1.4,0.76
cluster_10760,_26937_,1.4,0.57
cluster_10761,_26946_,1.4,0.76
cluster_10762,_27005_,1.4,0.57
cluster_10763,_26949_,1.4,1.14
cluster_10764,_27007_,1.4,0.76
cluster_10765,_27072_,1.4,0.57
cluster_10766,_27071_,1.4,0.76
cluster_10767,_27070_,1.4,0.76
cluster_10768,_27069_,1.4,0.57
cluster_10769,_27068_,1.4,1.14
cluster_10770,_27067_,1.4,0.76
cluster_10771,_27066_,1.4,0.95
cluster_10772,_27065_,1.4,1.14
cluster_10773,_27064_,1.4,0.95
cluster_10774,_27063_,1.4,0.76
cluster_10775,_27062_,1.4,0.57
cluster_10776,_27061_,1.4,0.76
cluster_10777,_27060_,1.4,0.76
cluster_10778,_27059_,1.4,0.76
cluster_10779,_27058_,1.4,1.14
cluster_10780,_27057_,1.4,0.95
cluster_10781,_27056_,1.4,0.76
cluster_10782,_27055_,1.4,1.33
cluster_10783,_27054_,1.4,0.57
cluster_10784,_27073_,1.4,1.14
cluster_10785,_27053_,1.4,1.14
cluster_10786,_27074_,1.4,0.57
cluster_10787,_27076_,1.4,0.76
cluster_10788,_27095_,1.4,0.76
cluster_10789,_27094_,1.4,1.14
cluster_10790,_27093_,1.4,0.95
cluster_10791,_27092_,1.4,0.76
cluster_10792,_27006_,1.4,0.57
cluster_10793,_27090_,1.4,0.57
cluster_10794,_27089_,1.4,1.14
cluster_10795,_27088_,1.4,0.57
cluster_10796,_27087_,1.4,0.95
cluster_10797,_27086_,1.4,1.14
cluster_10798,_27085_,1.4,0.76
cluster_10799,_27084_,1.4,0.76
cluster_10800,_27083_,1.4,1.14
cluster_10801,_27082_,1.4,0.57
cluster_10802,_27081_,1.4,0.38
cluster_10803,_27080_,1.4,0.57
cluster_10804,_27079_,1.4,0.76
cluster_10805,_27078_,1.4,1.14
cluster_10806,_27077_,1.4,0.57
cluster_10807,_27075_,1.4,0.57
cluster_10808,_27052_,1.4,0.76
cluster_10809,_27091_,1.4,0.76
cluster_10810,_27050_,1.4,0.76
cluster_10811,_27027_,1.4,0.76
cluster_10812,_27026_,1.4,0.76
cluster_10813,_27025_,1.4,0.76
cluster_10814,_27024_,1.4,1.33
cluster_10815,_27023_,1.4,1.14
cluster_10816,_27022_,1.4,0.57
cluster_10817,_27021_,1.4,0.57
cluster_10818,_27020_,1.4,1.14
cluster_10819,_27019_,1.4,1.14
cluster_10820,_27028_,1.4,0.57
cluster_10821,_27017_,1.4,0.76
cluster_10822,_27015_,1.4,1.14
cluster_10823,_27014_,1.4,0.76
cluster_10824,_27013_,1.4,1.33
cluster_10825,_27012_,1.4,0.76
cluster_10826,_27011_,1.4,1.14
cluster_10827,_27010_,1.4,0.76
cluster_10828,_27009_,1.4,1.14
cluster_10829,_27008_,1.4,0.76
cluster_10830,_27051_,1.4,0.95
cluster_10831,_27016_,1.4,1.14
cluster_10832,_27029_,1.4,1.14
cluster_10833,_27018_,1.4,0.76
cluster_10834,_27031_,1.4,1.33
cluster_10835,_27030_,1.4,0.57
cluster_10836,_27049_,1.4,0.76
cluster_10837,_27047_,1.4,1.14
cluster_10838,_27046_,1.4,0.57
cluster_10839,_27045_,1.4,0.57
cluster_10840,_27044_,1.4,1.33
cluster_10841,_27043_,1.4,0.38
cluster_10842,_27042_,1.4,0.95
cluster_10843,_27041_,1.4,0.76
cluster_10844,_27040_,1.4,0.76
cluster_10845,_27048_,1.4,0.76
cluster_10846,_27038_,1.4,0.76
cluster_10847,_27037_,1.4,0.76
cluster_10848,_27036_,1.4,0.76
cluster_10849,_27039_,1.4,0.76
cluster_10850,_27034_,1.4,1.14
cluster_10851,_27032_,1.4,0.76
cluster_10852,_27033_,1.4,0.57
cluster_10853,_27035_,1.4,0.76
cluster_10854,_21571_,1.4,1.14
cluster_10855,_21586_,1.4,1.14
cluster_10856,_21585_,1.4,0.76
cluster_10857,_21584_,1.4,0.38
cluster_10858,_21583_,1.4,0.57
cluster_10859,_21582_,1.4,0.76
cluster_10860,_21581_,1.4,0.76
cluster_10861,_21580_,1.4,0.76
cluster_10862,_21561_,1.4,0.76
cluster_10863,_21562_,1.4,0.57
cluster_10864,_21563_,1.4,1.33
cluster_10865,_21564_,1.4,1.33
cluster_10866,_21565_,1.4,0.95
cluster_10867,_21566_,1.4,0.95
cluster_10868,_21578_,1.4,1.14
cluster_10869,_21577_,1.4,0.76
cluster_10870,_21576_,1.4,0.76
cluster_10871,_21567_,1.4,1.14
cluster_10872,_21568_,1.4,1.33
cluster_10873,_21569_,1.4,0.57
cluster_10874,_21570_,1.4,0.57
cluster_10875,_21575_,1.4,0.76
cluster_10876,_21574_,1.4,0.95
cluster_10877,_21573_,1.4,0.76
cluster_10878,_21572_,1.4,0.76
cluster_10879,_21579_,1.4,0.95
cluster_10880,_21587_,1.4,0.76
cluster_10881,_21595_,1.4,1.14
cluster_10882,_21589_,1.4,0.95
cluster_10883,_21612_,1.4,0.76
cluster_10884,_21611_,1.4,0.76
cluster_10885,_21610_,1.4,1.14
cluster_10886,_21609_,1.4,0.76
cluster_10887,_21608_,1.4,0.57
cluster_10888,_21607_,1.4,0.95
cluster_10889,_21606_,1.4,0.57
cluster_10890,_21605_,1.4,0.76
cluster_10891,_21604_,1.4,0.95
cluster_10892,_21603_,1.4,0.57
cluster_10893,_21602_,1.4,0.76
cluster_10894,_21601_,1.4,0.95
cluster_10895,_21588_,1.4,0.95
cluster_10896,_21600_,1.4,1.14
cluster_10897,_21598_,1.4,0.76
cluster_10898,_21560_,1.4,0.57
cluster_10899,_21613_,1.4,0.76
cluster_10900,_21614_,1.4,0.76
cluster_10901,_21615_,1.4,1.14
cluster_10902,_21597_,1.4,1.14
cluster_10903,_21596_,1.4,0.57
cluster_10904,_21594_,1.4,1.14
cluster_10905,_21593_,1.4,0.76
cluster_10906,_21592_,1.4,0.95
cluster_10907,_21591_,1.4,1.14
cluster_10908,_21590_,1.4,0.57
cluster_10909,_21599_,1.4,0.57
cluster_10910,_21559_,1.4,1.14
cluster_10911,_21536_,1.4,0.76
cluster_10912,_21557_,1.4,0.76
cluster_10913,_21524_,1.4,0.95
cluster_10914,_21523_,1.4,0.76
cluster_10915,_21522_,1.4,0.76
cluster_10916,_21521_,1.4,0.76
cluster_10917,_21520_,1.4,0.95
cluster_10918,_21519_,1.4,1.14
cluster_10919,_21518_,1.4,2.47
cluster_10920,_21517_,1.4,0.57
cluster_10921,_21516_,1.4,0.95
cluster_10922,_21515_,1.4,1.33
cluster_10923,_21514_,1.4,1.33
cluster_10924,_21513_,1.4,0.76
cluster_10925,_21512_,1.4,0.95
cluster_10926,_21511_,1.4,0.95
cluster_10927,_21510_,1.4,0.76
cluster_10928,_21509_,1.4,0.76
cluster_10929,_21508_,1.4,0.57
cluster_10930,_21507_,1.4,0.76
cluster_10931,_21506_,1.4,0.57
cluster_10932,_21505_,1.4,0.76
cluster_10933,_21504_,1.4,1.33
cluster_10934,_21503_,1.4,1.14
cluster_10935,_21501_,1.4,0.76
cluster_10936,_21616_,1.4,0.76
cluster_10937,_21502_,1.4,0.76
cluster_10938,_21525_,1.4,0.57
cluster_10939,_21526_,1.4,0.76
cluster_10940,_21527_,1.4,1.33
cluster_10941,_21528_,1.4,1.33
cluster_10942,_21556_,1.4,0.76
cluster_10943,_21555_,1.4,1.33
cluster_10944,_21554_,1.4,0.95
cluster_10945,_21553_,1.4,1.14
cluster_10946,_21552_,1.4,0.57
cluster_10947,_21550_,1.4,0.76
cluster_10948,_21549_,1.4,1.14
cluster_10949,_21548_,1.4,1.14
cluster_10950,_21547_,1.4,1.33
cluster_10951,_21546_,1.4,0.57
cluster_10952,_21545_,1.4,0.76
cluster_10953,_21544_,1.4,0.76
cluster_10954,_21558_,1.4,0.95
cluster_10955,_21543_,1.4,0.57
cluster_10956,_21541_,1.4,1.14
cluster_10957,_21540_,1.4,0.76
cluster_10958,_21539_,1.4,0.57
cluster_10959,_21538_,1.4,0.76
cluster_10960,_21537_,1.4,0.76
cluster_10961,_21535_,1.4,0.76
cluster_10962,_21534_,1.4,0.76
cluster_10963,_21533_,1.4,0.57
cluster_10964,_21532_,1.4,1.71
cluster_10965,_21531_,1.4,0.76
cluster_10966,_21530_,1.4,1.71
cluster_10967,_21529_,1.4,0.76
cluster_10968,_21542_,1.4,0.57
cluster_10969,_21617_,1.4,0.76
cluster_10970,_21708_,1.4,0.76
cluster_10971,_21619_,1.4,1.14
cluster_10972,_21703_,1.4,0.76
cluster_10973,_21702_,1.4,1.14
cluster_10974,_21701_,1.4,0.95
cluster_10975,_21700_,1.4,1.33
cluster_10976,_21699_,1.4,0.57
cluster_10977,_21698_,1.4,0.95
cluster_10978,_21697_,1.4,0.76
cluster_10979,_21696_,1.4,0.76
cluster_10980,_21695_,1.4,0.76
cluster_10981,_21694_,1.4,0.57
cluster_10982,_21693_,1.4,0.76
cluster_10983,_21692_,1.4,0.57
cluster_10984,_21691_,1.4,1.33
cluster_10985,_21690_,1.4,0.76
cluster_10986,_21689_,1.4,1.14
cluster_10987,_21688_,1.4,0.57
cluster_10988,_21687_,1.4,1.14
cluster_10989,_21686_,1.4,0.76
cluster_10990,_21685_,1.4,0.76
cluster_10991,_21684_,1.4,0.95
cluster_10992,_21683_,1.4,0.57
cluster_10993,_21682_,1.4,0.76
cluster_10994,_21681_,1.4,0.95
cluster_10995,_21680_,1.4,0.76
cluster_10996,_21679_,1.4,0.76
cluster_10997,_21704_,1.4,0.76
cluster_10998,_21705_,1.4,0.57
cluster_10999,_21706_,1.4,0.95
cluster_11000,_21707_,1.4,1.14
cluster_11001,_21500_,1.4,1.33
cluster_11002,clone2,1.4,0.95
cluster_11003,_21732_,1.4,0.76
cluster_11004,_21731_,1.4,0.76
cluster_11005,_21730_,1.4,0.76
cluster_11006,_21729_,1.4,0.57
cluster_11007,_21728_,1.4,0.76
cluster_11008,_21727_,1.4,0.76
cluster_11009,_21726_,1.4,0.57
cluster_11010,_21725_,1.4,0.95
cluster_11011,_21724_,1.4,1.14
cluster_11012,_21723_,1.4,0.76
cluster_11013,_21678_,1.4,0.76
cluster_11014,_21722_,1.4,0.57
cluster_11015,_21720_,1.4,0.95
cluster_11016,_21719_,1.4,1.14
cluster_11017,_21718_,1.4,0.57
cluster_11018,_21717_,1.4,0.76
cluster_11019,_21716_,1.4,0.76
cluster_11020,_21715_,1.4,0.76
cluster_11021,_21714_,1.4,0.38
cluster_11022,_21713_,1.4,0.76
cluster_11023,_21712_,1.4,1.14
cluster_11024,_21711_,1.4,0.95
cluster_11025,_21710_,1.4,0.76
cluster_11026,_21709_,1.4,0.76
cluster_11027,_21721_,1.4,1.14
cluster_11028,_21618_,1.4,0.76
cluster_11029,_21677_,1.4,0.76
cluster_11030,_21675_,1.4,0.57
cluster_11031,_21644_,1.4,1.52
cluster_11032,_21643_,1.4,1.33
cluster_11033,_21642_,1.4,0.57
cluster_11034,_21641_,1.4,0.95
cluster_11035,_21640_,1.4,0.57
cluster_11036,_21639_,1.4,0.76
cluster_11037,_21638_,1.4,0.76
cluster_11038,_21637_,1.4,0.57
cluster_11039,_21636_,1.4,1.33
cluster_11040,_21635_,1.4,0.95
cluster_11041,_21634_,1.4,0.76
cluster_11042,_21633_,1.4,0.76
cluster_11043,_21632_,1.4,1.33
cluster_11044,_21631_,1.4,0.76
cluster_11045,_21630_,1.4,0.95
cluster_11046,_21629_,1.4,0.57
cluster_11047,_21628_,1.4,1.14
cluster_11048,_21627_,1.4,0.76
cluster_11049,_21626_,1.4,0.76
cluster_11050,_21625_,1.4,0.95
cluster_11051,_21624_,1.4,0.76
cluster_11052,_21623_,1.4,0.76
cluster_11053,_21622_,1.4,0.76
cluster_11054,_21621_,1.4,0.76
cluster_11055,_21620_,1.4,0.57
cluster_11056,_21645_,1.4,0.57
cluster_11057,_21646_,1.4,1.33
cluster_11058,_21647_,1.4,0.76
cluster_11059,_21648_,1.4,0.38
cluster_11060,_21674_,1.4,0.95
cluster_11061,_21673_,1.4,0.76
cluster_11062,_21672_,1.4,0.95
cluster_11063,_21671_,1.4,1.33
cluster_11064,_21670_,1.4,0.57
cluster_11065,_21669_,1.4,0.57
cluster_11066,_21668_,1.4,1.14
cluster_11067,_21667_,1.4,0.76
cluster_11068,_21666_,1.4,0.76
cluster_11069,_21665_,1.4,0.57
cluster_11070,_21664_,1.4,1.14
cluster_11071,_21663_,1.4,0.76
cluster_11072,_21676_,1.4,0.76
cluster_11073,_21662_,1.4,0.76
cluster_11074,_21660_,1.4,1.14
cluster_11075,_21659_,1.4,0.95
cluster_11076,_21658_,1.4,0.76
cluster_11077,_21657_,1.4,1.14
cluster_11078,_21656_,1.4,0.95
cluster_11079,_21655_,1.4,1.33
cluster_11080,_21654_,1.4,1.14
cluster_11081,_21653_,1.4,0.57
cluster_11082,_21652_,1.4,0.76
cluster_11083,_21651_,1.4,1.52
cluster_11084,_21650_,1.4,0.76
cluster_11085,_21649_,1.4,1.33
cluster_11086,_21661_,1.4,0.57
cluster_11087,_21499_,1.4,0.57
cluster_11088,_21551_,1.4,0.76
cluster_11089,_21497_,1.4,0.57
cluster_11090,_21777_,1.4,0.76
cluster_11091,_20444_,1.4,1.33
cluster_11092,_21791_,1.4,0.57
cluster_11093,_20450_,1.4,1.33
cluster_11094,_20490_,1.4,2.47
cluster_11095,_20521_,1.4,1.33
cluster_11096,_20536_,1.4,1.33
cluster_11097,_21790_,1.4,0.76
cluster_11098,_20558_,1.4,0.76
cluster_11099,_21789_,1.4,1.33
cluster_11100,_21788_,1.4,0.76
cluster_11101,_20584_,1.4,1.33
cluster_11102,_21787_,1.4,1.14
cluster_11103,sa13_sr[7]$_DFF_P_,1.4,3.23
cluster_11104,sa13_sr[6]$_DFF_P_,1.4,3.23
cluster_11105,sa13_sr[5]$_DFF_P_,1.4,3.23
cluster_11106,sa13_sr[4]$_DFF_P_,1.4,3.23
cluster_11107,sa13_sr[3]$_DFF_P_,1.4,3.23
cluster_11108,sa13_sr[2]$_DFF_P_,1.4,3.23
cluster_11109,sa13_sr[1]$_DFF_P_,1.4,3.23
cluster_11110,sa13_sr[0]$_DFF_P_,1.4,3.23
cluster_11111,_21197_,1.4,1.71
cluster_11112,clone109,1.4,0.76
cluster_11113,_21792_,1.4,1.14
cluster_11114,_21793_,1.4,0.76
cluster_11115,_21794_,1.4,0.57
cluster_11116,_21795_,1.4,0.95
cluster_11117,_29668_,1.4,1.9
cluster_11118,_29669_,1.4,1.9
cluster_11119,_29670_,1.4,1.9
cluster_11120,_21768_,1.4,0.57
cluster_11121,_21769_,1.4,1.14
cluster_11122,_21770_,1.4,0.95
cluster_11123,_21771_,1.4,0.95
cluster_11124,_21772_,1.4,0.57
cluster_11125,_21773_,1.4,0.76
cluster_11126,_21774_,1.4,1.14
cluster_11127,_21803_,1.4,1.71
cluster_11128,_21199_,1.4,1.33
cluster_11129,_21802_,1.4,0.95
cluster_11130,_21801_,1.4,0.76
cluster_11131,_21800_,1.4,0.76
cluster_11132,_21775_,1.4,0.57
cluster_11133,_21799_,1.4,0.95
cluster_11134,_18361_,1.4,1.14
cluster_11135,_18460_,1.4,1.14
cluster_11136,_18462_,1.4,1.9
cluster_11137,_21798_,1.4,0.76
cluster_11138,_21797_,1.4,1.71
cluster_11139,_21776_,1.4,1.14
cluster_11140,_21796_,1.4,0.76
cluster_11141,_18301_,1.4,2.47
cluster_11142,_21200_,1.4,2.47
cluster_11143,_21218_,1.4,0.57
cluster_11144,_21219_,1.4,2.47
cluster_11145,_21261_,1.4,1.71
cluster_11146,_21262_,1.4,1.33
cluster_11147,_21263_,1.4,1.33
cluster_11148,_21264_,1.4,1.33
cluster_11149,input148,1.4,0.57
cluster_11150,input147,1.4,0.57
cluster_11151,_21786_,1.4,0.76
cluster_11152,_21785_,1.4,0.76
cluster_11153,_21784_,1.4,0.76
cluster_11154,_21783_,1.4,1.14
cluster_11155,_21779_,1.4,1.14
cluster_11156,_21260_,1.4,1.71
cluster_11157,_21782_,1.4,0.76
cluster_11158,_21780_,1.4,1.33
cluster_11159,_21265_,1.4,0.95
cluster_11160,_21266_,1.4,0.57
cluster_11161,_21267_,1.4,0.57
cluster_11162,_21268_,1.4,0.57
cluster_11163,_21269_,1.4,1.14
cluster_11164,_21270_,1.4,1.14
cluster_11165,_21271_,1.4,1.14
cluster_11166,_21272_,1.4,1.14
cluster_11167,_21273_,1.4,1.71
cluster_11168,_21274_,1.4,2.47
cluster_11169,_21781_,1.4,1.14
cluster_11170,_29667_,1.4,1.9
cluster_11171,_21259_,1.4,1.14
cluster_11172,_21257_,1.4,1.14
cluster_11173,_21220_,1.4,2.47
cluster_11174,input151,1.4,0.57
cluster_11175,_21238_,1.4,1.71
cluster_11176,_21239_,1.4,1.33
cluster_11177,_21240_,1.4,2.47
cluster_11178,_21241_,1.4,2.47
cluster_11179,_21242_,1.4,2.47
cluster_11180,_21243_,1.4,2.47
cluster_11181,_21244_,1.4,1.33
cluster_11182,_21245_,1.4,2.47
cluster_11183,_21246_,1.4,1.14
cluster_11184,_21258_,1.4,1.14
cluster_11185,input150,1.4,0.57
cluster_11186,input149,1.4,0.57
cluster_11187,_21247_,1.4,1.14
cluster_11188,_21248_,1.4,1.14
cluster_11189,_21249_,1.4,1.14
cluster_11190,_21250_,1.4,1.71
cluster_11191,_21251_,1.4,1.9
cluster_11192,_21252_,1.4,1.33
cluster_11193,_21253_,1.4,1.33
cluster_11194,_21254_,1.4,1.33
cluster_11195,_21255_,1.4,1.14
cluster_11196,_21256_,1.4,1.14
cluster_11197,_21778_,1.4,0.76
cluster_11198,_21275_,1.4,2.47
cluster_11199,_29666_,1.4,1.9
cluster_11200,_29664_,1.4,1.9
cluster_11201,_21850_,1.4,1.14
cluster_11202,_21849_,1.4,0.95
cluster_11203,_21848_,1.4,0.95
cluster_11204,_21847_,1.4,0.76
cluster_11205,_21846_,1.4,1.14
cluster_11206,_21845_,1.4,0.76
cluster_11207,_21844_,1.4,0.76
cluster_11208,_21843_,1.4,0.57
cluster_11209,_21842_,1.4,0.76
cluster_11210,_21841_,1.4,0.76
cluster_11211,_21840_,1.4,0.95
cluster_11212,_21839_,1.4,0.76
cluster_11213,_21838_,1.4,0.57
cluster_11214,_21837_,1.4,0.76
cluster_11215,_21836_,1.4,0.95
cluster_11216,_21835_,1.4,1.14
cluster_11217,output297,1.4,0.57
cluster_11218,_21834_,1.4,0.76
cluster_11219,_29390_,1.4,1.33
cluster_11220,_29389_,1.4,1.33
cluster_11221,_29388_,1.4,1.33
cluster_11222,_29387_,1.4,1.33
cluster_11223,_29386_,1.4,1.33
cluster_11224,_21851_,1.4,0.76
cluster_11225,_21852_,1.4,1.14
cluster_11226,_21853_,1.4,1.14
cluster_11227,_21750_,1.4,0.95
cluster_11228,_21498_,1.4,0.95
cluster_11229,clone76,1.4,0.76
cluster_11230,_21733_,1.4,1.14
cluster_11231,_21734_,1.4,0.57
cluster_11232,_21735_,1.4,0.76
cluster_11233,_21736_,1.4,1.14
cluster_11234,_21737_,1.4,1.14
cluster_11235,_21738_,1.4,1.14
cluster_11236,_21739_,1.4,1.33
cluster_11237,_21740_,1.4,0.76
cluster_11238,text_in_r[115]$_DFFE_PP_,1.4,3.23
cluster_11239,_29382_,1.4,1.33
cluster_11240,text_in_r[116]$_DFFE_PP_,1.4,3.23
cluster_11241,text_in_r[118]$_DFFE_PP_,1.4,3.23
cluster_11242,text_in_r[119]$_DFFE_PP_,1.4,3.23
cluster_11243,_21741_,1.4,0.76
cluster_11244,_21742_,1.4,0.76
cluster_11245,_21743_,1.4,1.71
cluster_11246,_21744_,1.4,0.76
cluster_11247,_21745_,1.4,0.95
cluster_11248,_21746_,1.4,1.14
cluster_11249,_21747_,1.4,0.76
cluster_11250,_21748_,1.4,0.95
cluster_11251,_21749_,1.4,0.57
cluster_11252,text_in_r[117]$_DFFE_PP_,1.4,3.23
cluster_11253,_21833_,1.4,0.57
cluster_11254,_21832_,1.4,1.52
cluster_11255,_21831_,1.4,1.14
cluster_11256,_29659_,1.4,1.9
cluster_11257,_29660_,1.4,1.9
cluster_11258,_29661_,1.4,1.9
cluster_11259,_21804_,1.4,0.76
cluster_11260,_29662_,1.4,1.9
cluster_11261,_21751_,1.4,0.57
cluster_11262,_21752_,1.4,0.57
cluster_11263,_21753_,1.4,1.14
cluster_11264,_21754_,1.4,0.76
cluster_11265,_21755_,1.4,1.14
cluster_11266,_21756_,1.4,0.95
cluster_11267,_29658_,1.4,1.9
cluster_11268,_21757_,1.4,0.76
cluster_11269,_21759_,1.4,1.33
cluster_11270,_21760_,1.4,0.76
cluster_11271,_21761_,1.4,0.76
cluster_11272,_21762_,1.4,0.57
cluster_11273,_21763_,1.4,1.33
cluster_11274,_21764_,1.4,0.76
cluster_11275,_21765_,1.4,1.14
cluster_11276,_21766_,1.4,0.76
cluster_11277,_21767_,1.4,0.57
cluster_11278,text_out[19]$_DFF_P_,1.4,3.23
cluster_11279,_29663_,1.4,1.9
cluster_11280,_21758_,1.4,1.33
cluster_11281,_29665_,1.4,1.9
cluster_11282,_21805_,1.4,0.57
cluster_11283,_21807_,1.4,0.76
cluster_11284,_21830_,1.4,0.57
cluster_11285,_21829_,1.4,0.76
cluster_11286,_21828_,1.4,0.95
cluster_11287,_21827_,1.4,0.76
cluster_11288,_21826_,1.4,0.76
cluster_11289,_21825_,1.4,0.76
cluster_11290,_21824_,1.4,0.57
cluster_11291,_21823_,1.4,0.57
cluster_11292,_21822_,1.4,0.76
cluster_11293,_21821_,1.4,0.95
cluster_11294,_21820_,1.4,0.57
cluster_11295,_21806_,1.4,0.95
cluster_11296,_21819_,1.4,1.14
cluster_11297,_21817_,1.4,0.57
cluster_11298,_21816_,1.4,0.95
cluster_11299,_21815_,1.4,0.76
cluster_11300,_29298_,1.4,1.14
cluster_11301,_21814_,1.4,1.14
cluster_11302,_21813_,1.4,0.57
cluster_11303,_21812_,1.4,1.33
cluster_11304,_21811_,1.4,0.76
cluster_11305,_21810_,1.4,0.76
cluster_11306,_21809_,1.4,0.57
cluster_11307,_21808_,1.4,0.95
cluster_11308,_21818_,1.4,1.33
cluster_11309,_21276_,1.4,2.09
cluster_11310,_21196_,1.4,1.71
cluster_11311,_21277_,1.4,1.33
cluster_11312,_21411_,1.4,0.95
cluster_11313,_21412_,1.4,0.57
cluster_11314,_21413_,1.4,0.57
cluster_11315,_21414_,1.4,1.33
cluster_11316,_21415_,1.4,0.95
cluster_11317,_21416_,1.4,0.76
cluster_11318,_21417_,1.4,1.33
cluster_11319,_21418_,1.4,1.33
cluster_11320,_21419_,1.4,1.33
cluster_11321,_21420_,1.4,0.76
cluster_11322,_21421_,1.4,0.57
cluster_11323,_21422_,1.4,0.76
cluster_11324,_21410_,1.4,2.66
cluster_11325,_21423_,1.4,1.9
cluster_11326,_21425_,1.4,0.57
cluster_11327,_21426_,1.4,0.76
cluster_11328,_21427_,1.4,1.14
cluster_11329,_21428_,1.4,0.57
cluster_11330,_21429_,1.4,1.33
cluster_11331,_21430_,1.4,0.76
cluster_11332,_21431_,1.4,2.47
cluster_11333,_21432_,1.4,0.57
cluster_11334,_21433_,1.4,2.47
cluster_11335,_21434_,1.4,0.57
cluster_11336,_21435_,1.4,0.95
cluster_11337,_21436_,1.4,0.95
cluster_11338,_21424_,1.4,1.33
cluster_11339,_21437_,1.4,0.76
cluster_11340,_21409_,1.4,0.57
cluster_11341,_21407_,1.4,1.71
cluster_11342,_21380_,1.4,1.33
cluster_11343,_21381_,1.4,1.33
cluster_11344,_21382_,1.4,0.95
cluster_11345,_21383_,1.4,1.14
cluster_11346,_21384_,1.4,1.33
cluster_11347,_21385_,1.4,1.33
cluster_11348,_21386_,1.4,1.14
cluster_11349,_21387_,1.4,0.76
cluster_11350,_21388_,1.4,0.76
cluster_11351,_21389_,1.4,0.76
cluster_11352,_21390_,1.4,1.33
cluster_11353,_21391_,1.4,1.33
cluster_11354,_21408_,1.4,1.33
cluster_11355,_21392_,1.4,1.33
cluster_11356,_21395_,1.4,0.57
cluster_11357,_21396_,1.4,1.14
cluster_11358,_21397_,1.4,0.76
cluster_11359,_21398_,1.4,0.38
cluster_11360,_21399_,1.4,1.33
cluster_11361,_21400_,1.4,0.76
cluster_11362,_21401_,1.4,0.76
cluster_11363,_21402_,1.4,0.95
cluster_11364,_21403_,1.4,0.95
cluster_11365,_21404_,1.4,0.76
cluster_11366,_21405_,1.4,0.76
cluster_11367,_21406_,1.4,0.57
cluster_11368,_21394_,1.4,0.95
cluster_11369,_21379_,1.4,0.57
cluster_11370,_21438_,1.4,0.76
cluster_11371,_21440_,1.4,1.14
cluster_11372,_21471_,1.4,2.47
cluster_11373,_21472_,1.4,1.71
cluster_11374,_21473_,1.4,1.14
cluster_11375,_21474_,1.4,1.14
cluster_11376,_21475_,1.4,1.33
cluster_11377,_21476_,1.4,1.33
cluster_11378,_21477_,1.4,0.76
cluster_11379,_21478_,1.4,0.76
cluster_11380,_21479_,1.4,0.76
cluster_11381,_21480_,1.4,0.76
cluster_11382,_21481_,1.4,0.57
cluster_11383,_21482_,1.4,0.95
cluster_11384,_21470_,1.4,0.57
cluster_11385,_21483_,1.4,1.14
cluster_11386,_21485_,1.4,0.76
cluster_11387,_21486_,1.4,0.95
cluster_11388,_21487_,1.4,1.33
cluster_11389,_21488_,1.4,0.57
cluster_11390,_21489_,1.4,0.76
cluster_11391,_21490_,1.4,0.76
cluster_11392,_21491_,1.4,0.95
cluster_11393,_21492_,1.4,0.76
cluster_11394,_21493_,1.4,1.33
cluster_11395,_21494_,1.4,0.95
cluster_11396,_21495_,1.4,0.76
cluster_11397,_21496_,1.4,1.14
cluster_11398,_21484_,1.4,2.47
cluster_11399,_21439_,1.4,2.47
cluster_11400,_21469_,1.4,2.47
cluster_11401,_21467_,1.4,0.76
cluster_11402,_21441_,1.4,0.76
cluster_11403,_21442_,1.4,0.95
cluster_11404,_21443_,1.4,1.14
cluster_11405,_21444_,1.4,0.76
cluster_11406,_21445_,1.4,2.66
cluster_11407,_21446_,1.4,0.95
cluster_11408,_21447_,1.4,0.76
cluster_11409,_21448_,1.4,0.76
cluster_11410,_21449_,1.4,2.09
cluster_11411,_21450_,1.4,0.38
cluster_11412,_21451_,1.4,0.57
cluster_11413,_21452_,1.4,0.57
cluster_11414,_21468_,1.4,1.14
cluster_11415,_21453_,1.4,0.38
cluster_11416,_21455_,1.4,1.14
cluster_11417,_21456_,1.4,0.57
cluster_11418,_21457_,1.4,0.76
cluster_11419,_21458_,1.4,1.14
cluster_11420,_21459_,1.4,0.76
cluster_11421,_21460_,1.4,1.33
cluster_11422,_21461_,1.4,0.57
cluster_11423,_21462_,1.4,0.76
cluster_11424,_21463_,1.4,0.76
cluster_11425,_21464_,1.4,0.76
cluster_11426,_21465_,1.4,2.47
cluster_11427,_21466_,1.4,2.66
cluster_11428,_21454_,1.4,0.76
cluster_11429,_21378_,1.4,1.33
cluster_11430,_21393_,1.4,0.57
cluster_11431,_21337_,1.4,1.33
cluster_11432,_21339_,1.4,1.33
cluster_11433,_21286_,1.4,1.33
cluster_11434,_21288_,1.4,0.57
cluster_11435,_21289_,1.4,0.57
cluster_11436,_21290_,1.4,1.71
cluster_11437,_21291_,1.4,2.47
cluster_11438,_21340_,1.4,2.47
cluster_11439,_21292_,1.4,2.47
cluster_11440,_21294_,1.4,2.47
cluster_11441,_21295_,1.4,1.33
cluster_11442,_21296_,1.4,0.95
cluster_11443,_21297_,1.4,0.76
cluster_11444,_21298_,1.4,1.14
cluster_11445,_21299_,1.4,1.14
cluster_11446,_21293_,1.4,1.71
cluster_11447,_21285_,1.4,1.33
cluster_11448,_21341_,1.4,0.76
cluster_11449,_21342_,1.4,0.76
cluster_11450,_21357_,1.4,1.33
cluster_11451,_21356_,1.4,1.33
cluster_11452,_21355_,1.4,1.33
cluster_11453,_21354_,1.4,2.66
cluster_11454,_21353_,1.4,1.33
cluster_11455,_21352_,1.4,1.71
cluster_11456,_21351_,1.4,1.71
cluster_11457,_21350_,1.4,1.14
cluster_11458,_21349_,1.4,1.14
cluster_11459,_21348_,1.4,1.14
cluster_11460,_21347_,1.4,1.33
cluster_11461,_21346_,1.4,1.14
cluster_11462,_21345_,1.4,0.57
cluster_11463,_21344_,1.4,0.95
cluster_11464,_21343_,1.4,0.57
cluster_11465,_21300_,1.4,0.76
cluster_11466,_21358_,1.4,1.33
cluster_11467,_21301_,1.4,0.57
cluster_11468,_21302_,1.4,0.57
cluster_11469,_21319_,1.4,0.95
cluster_11470,_21318_,1.4,1.33
cluster_11471,_21317_,1.4,1.33
cluster_11472,_21316_,1.4,1.71
cluster_11473,_21315_,1.4,0.57
cluster_11474,_21314_,1.4,1.33
cluster_11475,_21304_,1.4,0.76
cluster_11476,_21313_,1.4,1.33
cluster_11477,_21311_,1.4,1.33
cluster_11478,_21310_,1.4,2.09
cluster_11479,_21309_,1.4,0.95
cluster_11480,_21308_,1.4,0.76
cluster_11481,_21307_,1.4,0.95
cluster_11482,_21306_,1.4,0.95
cluster_11483,_21312_,1.4,1.33
cluster_11484,_21320_,1.4,0.57
cluster_11485,_21321_,1.4,0.57
cluster_11486,_21322_,1.4,0.76
cluster_11487,_21336_,1.4,2.47
cluster_11488,_21335_,1.4,1.9
cluster_11489,_21334_,1.4,0.76
cluster_11490,_21333_,1.4,2.09
cluster_11491,_21332_,1.4,1.71
cluster_11492,_21331_,1.4,2.47
cluster_11493,_21330_,1.4,0.76
cluster_11494,_21303_,1.4,1.33
cluster_11495,_21329_,1.4,0.76
cluster_11496,_21328_,1.4,1.33
cluster_11497,_21327_,1.4,0.95
cluster_11498,_21326_,1.4,0.57
cluster_11499,_21325_,1.4,1.33
cluster_11500,_21324_,1.4,1.33
cluster_11501,_21323_,1.4,1.33
cluster_11502,_21338_,1.4,1.33
cluster_11503,_21305_,1.4,0.95
cluster_11504,_21359_,1.4,1.33
cluster_11505,_21361_,1.4,0.95
cluster_11506,_21360_,1.4,1.33
cluster_11507,_21278_,1.4,1.71
cluster_11508,_21279_,1.4,2.47
cluster_11509,_21280_,1.4,2.47
cluster_11510,_21281_,1.4,1.33
cluster_11511,_21282_,1.4,1.33
cluster_11512,_21283_,1.4,0.57
cluster_11513,_21376_,1.4,0.76
cluster_11514,_21375_,1.4,0.76
cluster_11515,_21374_,1.4,0.95
cluster_11516,_21373_,1.4,0.57
cluster_11517,_21377_,1.4,0.76
cluster_11518,_21371_,1.4,1.33
cluster_11519,_21370_,1.4,1.33
cluster_11520,_21369_,1.4,1.33
cluster_11521,_21362_,1.4,0.76
cluster_11522,_21368_,1.4,1.71
cluster_11523,_21367_,1.4,1.14
cluster_11524,_21366_,1.4,1.71
cluster_11525,_21365_,1.4,1.33
cluster_11526,_21364_,1.4,1.71
cluster_11527,_21372_,1.4,1.33
cluster_11528,_21363_,1.4,1.33
cluster_11529,_17778_,1.4,2.09
cluster_11530,_17779_,1.4,1.71
cluster_11531,_17780_,1.4,1.14
cluster_11532,_17784_,1.4,0.76
cluster_11533,_17782_,1.4,1.71
cluster_11534,_17783_,1.4,0.95
cluster_11535,_17785_,1.4,2.09
cluster_11536,_17777_,1.4,0.57
cluster_11537,_17781_,1.4,1.33
cluster_11538,_17776_,1.4,1.71
cluster_11539,_17766_,1.4,1.33
cluster_11540,_17774_,1.4,0.76
cluster_11541,_17773_,1.4,1.33
cluster_11542,_17772_,1.4,1.33
cluster_11543,_17771_,1.4,1.14
cluster_11544,_17770_,1.4,1.33
cluster_11545,_17769_,1.4,2.47
cluster_11546,_17768_,1.4,1.33
cluster_11547,_17767_,1.4,1.33
cluster_11548,_17786_,1.4,2.47
cluster_11549,_17765_,1.4,0.76
cluster_11550,_17775_,1.4,0.76
cluster_11551,_17787_,1.4,0.76
cluster_11552,_17799_,1.4,1.33
cluster_11553,_17789_,1.4,0.95
cluster_11554,_17812_,1.4,1.33
cluster_11555,_17811_,1.4,1.33
cluster_11556,_17810_,1.4,1.33
cluster_11557,_17809_,1.4,0.57
cluster_11558,_17808_,1.4,0.76
cluster_11559,_17807_,1.4,0.57
cluster_11560,_17806_,1.4,0.95
cluster_11561,_17805_,1.4,0.76
cluster_11562,_17804_,1.4,0.76
cluster_11563,_17803_,1.4,0.76
cluster_11564,_17788_,1.4,1.33
cluster_11565,_17802_,1.4,1.33
cluster_11566,_17800_,1.4,1.33
cluster_11567,_17798_,1.4,1.33
cluster_11568,_17797_,1.4,1.33
cluster_11569,_17796_,1.4,1.33
cluster_11570,_17795_,1.4,0.76
cluster_11571,_17794_,1.4,0.76
cluster_11572,_17793_,1.4,1.33
cluster_11573,_17792_,1.4,1.33
cluster_11574,_17791_,1.4,1.14
cluster_11575,_17790_,1.4,0.57
cluster_11576,_17801_,1.4,1.33
cluster_11577,_17813_,1.4,0.57
cluster_11578,_17866_,1.4,0.76
cluster_11579,_17815_,1.4,0.76
cluster_11580,_17846_,1.4,0.76
cluster_11581,_17845_,1.4,0.76
cluster_11582,_17844_,1.4,0.95
cluster_11583,_17843_,1.4,0.95
cluster_11584,_17842_,1.4,0.76
cluster_11585,_17841_,1.4,0.76
cluster_11586,_17840_,1.4,1.33
cluster_11587,_17839_,1.4,1.33
cluster_11588,_17838_,1.4,0.76
cluster_11589,_17868_,1.4,1.33
cluster_11590,_17869_,1.4,1.33
cluster_11591,_17870_,1.4,0.57
cluster_11592,_17871_,1.4,0.95
cluster_11593,_17837_,1.4,3.42
cluster_11594,_17836_,1.4,0.76
cluster_11595,_17847_,1.4,1.33
cluster_11596,_17835_,1.4,0.76
cluster_11597,_17848_,1.4,0.76
cluster_11598,_17850_,1.4,1.33
cluster_11599,_17865_,1.4,0.76
cluster_11600,_17864_,1.4,0.57
cluster_11601,_17863_,1.4,1.33
cluster_11602,_17862_,1.4,0.57
cluster_11603,_17861_,1.4,1.33
cluster_11604,_17860_,1.4,0.76
cluster_11605,_17859_,1.4,1.33
cluster_11606,_17858_,1.4,1.33
cluster_11607,_17857_,1.4,0.76
cluster_11608,_17856_,1.4,0.57
cluster_11609,_17855_,1.4,0.57
cluster_11610,_17854_,1.4,0.76
cluster_11611,_17853_,1.4,0.38
cluster_11612,_17852_,1.4,0.57
cluster_11613,_17851_,1.4,1.33
cluster_11614,_17849_,1.4,0.76
cluster_11615,_17834_,1.4,0.57
cluster_11616,_17833_,1.4,0.57
cluster_11617,_17872_,1.4,1.33
cluster_11618,_17827_,1.4,1.33
cluster_11619,_17826_,1.4,0.76
cluster_11620,_17825_,1.4,0.76
cluster_11621,_17824_,1.4,1.33
cluster_11622,_17823_,1.4,1.33
cluster_11623,_17822_,1.4,1.33
cluster_11624,_17821_,1.4,1.33
cluster_11625,_17820_,1.4,0.76
cluster_11626,_17819_,1.4,0.76
cluster_11627,_17818_,1.4,0.76
cluster_11628,_17817_,1.4,0.57
cluster_11629,_17764_,1.4,0.76
cluster_11630,_17867_,1.4,0.76
cluster_11631,_17888_,1.4,0.76
cluster_11632,_17816_,1.4,1.33
cluster_11633,_17828_,1.4,1.14
cluster_11634,_17829_,1.4,1.33
cluster_11635,_17830_,1.4,1.33
cluster_11636,_17887_,1.4,1.33
cluster_11637,_17832_,1.4,1.14
cluster_11638,_17831_,1.4,0.76
cluster_11639,_17873_,1.4,0.57
cluster_11640,_17874_,1.4,0.57
cluster_11641,_17875_,1.4,0.76
cluster_11642,_17876_,1.4,0.76
cluster_11643,_17877_,1.4,0.57
cluster_11644,_17814_,1.4,0.38
cluster_11645,_17878_,1.4,1.33
cluster_11646,_17880_,1.4,1.14
cluster_11647,_17881_,1.4,1.71
cluster_11648,_17882_,1.4,0.76
cluster_11649,_17886_,1.4,0.57
cluster_11650,_17883_,1.4,1.14
cluster_11651,_17884_,1.4,1.33
cluster_11652,_17885_,1.4,1.33
cluster_11653,_17879_,1.4,0.76
cluster_11654,_17763_,1.4,1.33
cluster_11655,_15785_,1.4,0.95
cluster_11656,_17761_,1.4,1.14
cluster_11657,_15791_,1.4,2.47
cluster_11658,_15793_,1.4,1.14
cluster_11659,_15794_,1.4,0.57
cluster_11660,_15795_,1.4,1.14
cluster_11661,_15796_,1.4,0.57
cluster_11662,_15803_,1.4,1.71
cluster_11663,_15804_,1.4,2.47
cluster_11664,_15805_,1.4,1.71
cluster_11665,_15806_,1.4,0.95
cluster_11666,_15807_,1.4,1.33
cluster_11667,_15808_,1.4,1.33
cluster_11668,_15809_,1.4,1.71
cluster_11669,_15821_,1.4,1.71
cluster_11670,_15790_,1.4,1.71
cluster_11671,_15822_,1.4,0.95
cluster_11672,_15824_,1.4,1.33
cluster_11673,_15825_,1.4,1.33
cluster_11674,_15826_,1.4,1.33
cluster_11675,_15827_,1.4,0.95
cluster_11676,_15837_,1.4,2.47
cluster_11677,_15838_,1.4,0.57
cluster_11678,_15839_,1.4,1.33
cluster_11679,_15840_,1.4,1.33
cluster_11680,_15841_,1.4,1.33
cluster_11681,_15864_,1.4,0.38
cluster_11682,_15865_,1.4,1.33
cluster_11683,_29605_,1.4,1.9
cluster_11684,_29604_,1.4,1.9
cluster_11685,_15823_,1.4,1.33
cluster_11686,_29603_,1.4,1.9
cluster_11687,_15789_,1.4,1.33
cluster_11688,_15787_,1.4,1.33
cluster_11689,input47,1.4,0.76
cluster_11690,input46,1.4,0.76
cluster_11691,input45,1.4,0.76
cluster_11692,_15737_,1.4,1.71
cluster_11693,_15749_,1.4,0.76
cluster_11694,_15750_,1.4,1.33
cluster_11695,_15751_,1.4,0.95
cluster_11696,_15752_,1.4,1.33
cluster_11697,_15753_,1.4,2.47
cluster_11698,_15754_,1.4,0.95
cluster_11699,_15756_,1.4,1.9
cluster_11700,_15757_,1.4,0.57
cluster_11701,_15758_,1.4,1.14
cluster_11702,_15788_,1.4,2.47
cluster_11703,_15759_,1.4,0.57
cluster_11704,_15767_,1.4,0.95
cluster_11705,_15768_,1.4,0.57
cluster_11706,_15769_,1.4,1.33
cluster_11707,_15770_,1.4,2.47
cluster_11708,_15771_,1.4,0.95
cluster_11709,_15773_,1.4,1.14
cluster_11710,_15774_,1.4,0.57
cluster_11711,_15775_,1.4,1.14
cluster_11712,_15776_,1.4,0.57
cluster_11713,_15783_,1.4,1.71
cluster_11714,_15784_,1.4,0.95
cluster_11715,_17889_,1.4,0.76
cluster_11716,_15786_,1.4,1.33
cluster_11717,_15766_,1.4,1.71
cluster_11718,_17762_,1.4,1.33
cluster_11719,_29602_,1.4,1.9
cluster_11720,_29600_,1.4,1.9
cluster_11721,_17732_,1.4,0.57
cluster_11722,_17733_,1.4,0.76
cluster_11723,_17734_,1.4,1.14
cluster_11724,_17735_,1.4,1.33
cluster_11725,_17736_,1.4,0.95
cluster_11726,_17737_,1.4,0.76
cluster_11727,_17738_,1.4,1.33
cluster_11728,_17739_,1.4,1.33
cluster_11729,_17740_,1.4,0.76
cluster_11730,_17741_,1.4,1.71
cluster_11731,_17742_,1.4,0.57
cluster_11732,_17743_,1.4,0.57
cluster_11733,_17744_,1.4,1.71
cluster_11734,_17730_,1.4,0.76
cluster_11735,_17745_,1.4,2.47
cluster_11736,_17747_,1.4,1.33
cluster_11737,_17748_,1.4,1.33
cluster_11738,_17749_,1.4,0.57
cluster_11739,_17750_,1.4,1.33
cluster_11740,_17751_,1.4,1.33
cluster_11741,_17752_,1.4,0.57
cluster_11742,_17753_,1.4,1.14
cluster_11743,_17754_,1.4,1.33
cluster_11744,_17755_,1.4,0.76
cluster_11745,_17757_,1.4,1.33
cluster_11746,_17758_,1.4,1.14
cluster_11747,_17759_,1.4,1.33
cluster_11748,_17760_,1.4,1.33
cluster_11749,_17746_,1.4,1.14
cluster_11750,_29601_,1.4,1.9
cluster_11751,_17729_,1.4,1.33
cluster_11752,_17727_,1.4,1.33
cluster_11753,_29599_,1.4,1.9
cluster_11754,_29598_,1.4,1.9
cluster_11755,_29597_,1.4,1.9
cluster_11756,_29596_,1.4,1.9
cluster_11757,_29595_,1.4,1.9
cluster_11758,_29594_,1.4,1.9
cluster_11759,_29593_,1.4,1.9
cluster_11760,_29592_,1.4,1.9
cluster_11761,_15399_,1.4,2.47
cluster_11762,_15336_,1.4,1.33
cluster_11763,_15334_,1.4,2.47
cluster_11764,_15333_,1.4,0.95
cluster_11765,clone18,1.4,1.33
cluster_11766,_17728_,1.4,2.47
cluster_11767,clone6,1.4,0.76
cluster_11768,_17713_,1.4,2.47
cluster_11769,_17714_,1.4,1.33
cluster_11770,_17715_,1.4,1.33
cluster_11771,_17716_,1.4,1.33
cluster_11772,_17717_,1.4,2.47
cluster_11773,_17718_,1.4,2.47
cluster_11774,_17719_,1.4,1.71
cluster_11775,_17720_,1.4,0.57
cluster_11776,_17721_,1.4,0.57
cluster_11777,_17722_,1.4,1.71
cluster_11778,_17723_,1.4,1.71
cluster_11779,_17725_,1.4,0.38
cluster_11780,_17726_,1.4,0.76
cluster_11781,_17712_,1.4,1.33
cluster_11782,_17890_,1.4,1.33
cluster_11783,_17927_,1.4,2.47
cluster_11784,_17892_,1.4,0.95
cluster_11785,_18137_,1.4,0.76
cluster_11786,_18136_,1.4,1.33
cluster_11787,_18135_,1.4,0.76
cluster_11788,_18134_,1.4,0.95
cluster_11789,_18133_,1.4,1.14
cluster_11790,_18132_,1.4,0.76
cluster_11791,_18131_,1.4,1.33
cluster_11792,_18130_,1.4,1.52
cluster_11793,_18129_,1.4,0.76
cluster_11794,_18138_,1.4,0.95
cluster_11795,_18128_,1.4,0.57
cluster_11796,_18126_,1.4,0.76
cluster_11797,_18125_,1.4,1.14
cluster_11798,_18124_,1.4,0.76
cluster_11799,_18123_,1.4,0.76
cluster_11800,_18122_,1.4,0.76
cluster_11801,_18121_,1.4,0.76
cluster_11802,_18120_,1.4,1.14
cluster_11803,_18119_,1.4,0.76
cluster_11804,_18118_,1.4,1.14
cluster_11805,_18127_,1.4,0.95
cluster_11806,_18117_,1.4,0.57
cluster_11807,_18139_,1.4,0.76
cluster_11808,_18141_,1.4,0.76
cluster_11809,_18161_,1.4,1.33
cluster_11810,_18160_,1.4,0.76
cluster_11811,_18159_,1.4,0.76
cluster_11812,_18158_,1.4,0.76
cluster_11813,_18157_,1.4,0.76
cluster_11814,_18156_,1.4,0.76
cluster_11815,_18155_,1.4,0.57
cluster_11816,_18154_,1.4,1.14
cluster_11817,_18153_,1.4,0.76
cluster_11818,_18140_,1.4,0.76
cluster_11819,_18152_,1.4,0.76
cluster_11820,_18150_,1.4,0.95
cluster_11821,_18149_,1.4,1.14
cluster_11822,_18148_,1.4,0.76
cluster_11823,_18147_,1.4,0.76
cluster_11824,_18146_,1.4,0.76
cluster_11825,_18145_,1.4,0.76
cluster_11826,_18144_,1.4,0.76
cluster_11827,_18143_,1.4,0.57
cluster_11828,_18142_,1.4,1.14
cluster_11829,_18151_,1.4,0.95
cluster_11830,_18162_,1.4,0.76
cluster_11831,_18116_,1.4,1.33
cluster_11832,_18114_,1.4,1.33
cluster_11833,_18089_,1.4,0.76
cluster_11834,_18088_,1.4,0.76
cluster_11835,_18087_,1.4,0.76
cluster_11836,_18086_,1.4,0.76
cluster_11837,_18085_,1.4,1.14
cluster_11838,_18084_,1.4,0.76
cluster_11839,_18083_,1.4,0.57
cluster_11840,_18082_,1.4,0.76
cluster_11841,_18081_,1.4,0.76
cluster_11842,_18090_,1.4,0.76
cluster_11843,_18080_,1.4,0.76
cluster_11844,_18078_,1.4,0.95
cluster_11845,_18077_,1.4,0.76
cluster_11846,_18076_,1.4,0.57
cluster_11847,_18075_,1.4,0.76
cluster_11848,_18074_,1.4,0.76
cluster_11849,_18073_,1.4,1.71
cluster_11850,_18072_,1.4,0.95
cluster_11851,_18071_,1.4,0.76
cluster_11852,_18070_,1.4,0.76
cluster_11853,_18079_,1.4,0.76
cluster_11854,_18115_,1.4,1.33
cluster_11855,_18091_,1.4,0.76
cluster_11856,_18093_,1.4,0.76
cluster_11857,_18113_,1.4,1.33
cluster_11858,_18112_,1.4,0.76
cluster_11859,_18111_,1.4,0.76
cluster_11860,_18110_,1.4,0.95
cluster_11861,_18109_,1.4,0.57
cluster_11862,_18108_,1.4,0.95
cluster_11863,_18107_,1.4,1.14
cluster_11864,_18106_,1.4,0.76
cluster_11865,_18105_,1.4,0.57
cluster_11866,_18092_,1.4,0.95
cluster_11867,_18104_,1.4,1.14
cluster_11868,_18102_,1.4,0.57
cluster_11869,_18101_,1.4,0.95
cluster_11870,_18100_,1.4,0.57
cluster_11871,_18099_,1.4,0.76
cluster_11872,_18098_,1.4,0.76
cluster_11873,_18097_,1.4,0.76
cluster_11874,_18096_,1.4,0.76
cluster_11875,_18095_,1.4,0.76
cluster_11876,_18094_,1.4,0.76
cluster_11877,_18103_,1.4,0.57
cluster_11878,_17891_,1.4,0.57
cluster_11879,_18163_,1.4,1.71
cluster_11880,_18165_,1.4,1.33
cluster_11881,_18233_,1.4,1.33
cluster_11882,_18232_,1.4,0.76
cluster_11883,_18231_,1.4,0.76
cluster_11884,_18230_,1.4,1.33
cluster_11885,_18229_,1.4,1.33
cluster_11886,_18228_,1.4,1.14
cluster_11887,_18227_,1.4,1.14
cluster_11888,_18226_,1.4,0.76
cluster_11889,_18225_,1.4,0.76
cluster_11890,_18234_,1.4,0.57
cluster_11891,_18224_,1.4,0.76
cluster_11892,_18222_,1.4,1.33
cluster_11893,_18221_,1.4,0.95
cluster_11894,_18220_,1.4,0.76
cluster_11895,_18219_,1.4,0.57
cluster_11896,_18218_,1.4,0.76
cluster_11897,_18217_,1.4,0.76
cluster_11898,_18216_,1.4,0.76
cluster_11899,_18215_,1.4,0.76
cluster_11900,_18214_,1.4,0.76
cluster_11901,_18223_,1.4,0.76
cluster_11902,_18213_,1.4,1.14
cluster_11903,_18235_,1.4,0.76
cluster_11904,_18237_,1.4,0.76
cluster_11905,clone57,1.4,0.76
cluster_11906,_18256_,1.4,1.71
cluster_11907,_18255_,1.4,1.33
cluster_11908,_18254_,1.4,0.95
cluster_11909,_18253_,1.4,0.95
cluster_11910,_18252_,1.4,0.95
cluster_11911,_18251_,1.4,0.76
cluster_11912,_18250_,1.4,0.76
cluster_11913,_18249_,1.4,0.57
cluster_11914,_18236_,1.4,0.95
cluster_11915,_18248_,1.4,1.14
cluster_11916,_18246_,1.4,0.76
cluster_11917,_18245_,1.4,0.76
cluster_11918,_18244_,1.4,0.76
cluster_11919,_18243_,1.4,0.76
cluster_11920,_18242_,1.4,0.95
cluster_11921,_18241_,1.4,0.76
cluster_11922,_18240_,1.4,0.57
cluster_11923,_18239_,1.4,0.76
cluster_11924,_18238_,1.4,0.76
cluster_11925,_18247_,1.4,0.76
cluster_11926,_18164_,1.4,0.38
cluster_11927,_18212_,1.4,0.76
cluster_11928,_18210_,1.4,0.76
cluster_11929,_18185_,1.4,1.33
cluster_11930,_18184_,1.4,1.33
cluster_11931,_18183_,1.4,1.14
cluster_11932,_18182_,1.4,1.33
cluster_11933,_18181_,1.4,0.76
cluster_11934,_18180_,1.4,0.95
cluster_11935,_18179_,1.4,1.33
cluster_11936,_18178_,1.4,1.33
cluster_11937,_18177_,1.4,0.76
cluster_11938,_18186_,1.4,1.33
cluster_11939,_18176_,1.4,0.76
cluster_11940,_18174_,1.4,0.57
cluster_11941,_18173_,1.4,1.33
cluster_11942,_18172_,1.4,0.76
cluster_11943,_18171_,1.4,0.76
cluster_11944,_18170_,1.4,0.95
cluster_11945,_18169_,1.4,0.76
cluster_11946,_18168_,1.4,0.57
cluster_11947,_18167_,1.4,0.57
cluster_11948,_18166_,1.4,1.33
cluster_11949,_18175_,1.4,0.76
cluster_11950,_18211_,1.4,0.76
cluster_11951,_18187_,1.4,0.95
cluster_11952,_18189_,1.4,1.14
cluster_11953,_18209_,1.4,1.71
cluster_11954,_18208_,1.4,0.76
cluster_11955,_18207_,1.4,1.14
cluster_11956,_18206_,1.4,1.14
cluster_11957,_18205_,1.4,0.76
cluster_11958,_18204_,1.4,1.14
cluster_11959,_18203_,1.4,0.76
cluster_11960,_18202_,1.4,0.76
cluster_11961,_18201_,1.4,0.57
cluster_11962,_18188_,1.4,0.57
cluster_11963,_18200_,1.4,0.76
cluster_11964,_18198_,1.4,0.57
cluster_11965,_18197_,1.4,1.14
cluster_11966,_18196_,1.4,0.57
cluster_11967,_18195_,1.4,0.76
cluster_11968,_18194_,1.4,1.14
cluster_11969,_18193_,1.4,0.57
cluster_11970,_18192_,1.4,0.76
cluster_11971,_18191_,1.4,1.52
cluster_11972,_18190_,1.4,0.76
cluster_11973,_18199_,1.4,1.33
cluster_11974,_18069_,1.4,0.76
cluster_11975,input49,1.4,0.57
cluster_11976,_18032_,1.4,1.33
cluster_11977,_17970_,1.4,0.95
cluster_11978,_17971_,1.4,0.76
cluster_11979,_17972_,1.4,0.95
cluster_11980,_17973_,1.4,0.76
cluster_11981,_17974_,1.4,0.76
cluster_11982,_17975_,1.4,0.95
cluster_11983,_17976_,1.4,0.76
cluster_11984,_17977_,1.4,0.95
cluster_11985,_17978_,1.4,0.76
cluster_11986,_17979_,1.4,0.76
cluster_11987,_17980_,1.4,1.14
cluster_11988,_17981_,1.4,0.76
cluster_11989,_17982_,1.4,0.95
cluster_11990,_17983_,1.4,0.76
cluster_11991,_17984_,1.4,1.33
cluster_11992,_17985_,1.4,0.76
cluster_11993,_17986_,1.4,0.76
cluster_11994,_17987_,1.4,1.14
cluster_11995,_17988_,1.4,0.76
cluster_11996,_17989_,1.4,0.57
cluster_11997,_17990_,1.4,0.76
cluster_11998,_17991_,1.4,1.14
cluster_11999,_17992_,1.4,1.33
cluster_12000,_17993_,1.4,1.33
cluster_12001,_17994_,1.4,0.76
cluster_12002,_17969_,1.4,0.95
cluster_12003,_17968_,1.4,0.57
cluster_12004,_17967_,1.4,0.76
cluster_12005,_17966_,1.4,0.76
cluster_12006,_17954_,1.4,0.57
cluster_12007,_17955_,1.4,0.76
cluster_12008,_17956_,1.4,0.57
cluster_12009,_17957_,1.4,1.14
cluster_12010,_17958_,1.4,1.33
cluster_12011,_17959_,1.4,1.33
cluster_12012,_17960_,1.4,1.33
cluster_12013,_18068_,1.4,0.76
cluster_12014,_17961_,1.4,0.76
cluster_12015,_17962_,1.4,0.76
cluster_12016,_18067_,1.4,0.57
cluster_12017,_18066_,1.4,0.76
cluster_12018,_17995_,1.4,1.33
cluster_12019,_18065_,1.4,0.76
cluster_12020,_18063_,1.4,1.33
cluster_12021,_18062_,1.4,1.33
cluster_12022,_18061_,1.4,0.76
cluster_12023,_18060_,1.4,0.76
cluster_12024,_18059_,1.4,1.14
cluster_12025,_18058_,1.4,0.95
cluster_12026,_18057_,1.4,0.76
cluster_12027,_18056_,1.4,0.76
cluster_12028,_18055_,1.4,0.76
cluster_12029,_17963_,1.4,0.57
cluster_12030,_17964_,1.4,0.76
cluster_12031,_17965_,1.4,0.76
cluster_12032,_18064_,1.4,0.95
cluster_12033,_17952_,1.4,1.14
cluster_12034,_17996_,1.4,1.33
cluster_12035,_17998_,1.4,0.76
cluster_12036,_18035_,1.4,1.14
cluster_12037,_18034_,1.4,0.57
cluster_12038,_18033_,1.4,0.76
cluster_12039,_18010_,1.4,0.76
cluster_12040,_18031_,1.4,0.76
cluster_12041,_18030_,1.4,0.76
cluster_12042,_18029_,1.4,0.76
cluster_12043,_18028_,1.4,0.76
cluster_12044,_18027_,1.4,0.76
cluster_12045,_18026_,1.4,0.76
cluster_12046,_18011_,1.4,0.95
cluster_12047,_18012_,1.4,0.76
cluster_12048,_18013_,1.4,0.57
cluster_12049,_18025_,1.4,1.33
cluster_12050,_18024_,1.4,1.14
cluster_12051,_18023_,1.4,0.76
cluster_12052,_18022_,1.4,0.76
cluster_12053,_18021_,1.4,0.76
cluster_12054,_18020_,1.4,0.76
cluster_12055,_18019_,1.4,1.33
cluster_12056,_18014_,1.4,0.76
cluster_12057,_18018_,1.4,0.95
cluster_12058,_18017_,1.4,0.76
cluster_12059,_18016_,1.4,0.76
cluster_12060,_18015_,1.4,0.76
cluster_12061,_18036_,1.4,0.76
cluster_12062,_18037_,1.4,1.33
cluster_12063,_18009_,1.4,0.76
cluster_12064,_18038_,1.4,0.95
cluster_12065,_17999_,1.4,1.14
cluster_12066,_18000_,1.4,1.14
cluster_12067,_18001_,1.4,0.76
cluster_12068,_18002_,1.4,0.57
cluster_12069,_18003_,1.4,0.76
cluster_12070,_18004_,1.4,1.14
cluster_12071,_18005_,1.4,0.57
cluster_12072,_18006_,1.4,1.33
cluster_12073,_18007_,1.4,0.76
cluster_12074,_18054_,1.4,0.76
cluster_12075,_18053_,1.4,0.76
cluster_12076,_18052_,1.4,0.76
cluster_12077,_17997_,1.4,1.33
cluster_12078,_18051_,1.4,0.95
cluster_12079,_18049_,1.4,1.33
cluster_12080,_18008_,1.4,0.76
cluster_12081,_18048_,1.4,1.33
cluster_12082,_18047_,1.4,1.33
cluster_12083,_18046_,1.4,0.76
cluster_12084,_18045_,1.4,0.76
cluster_12085,_18044_,1.4,0.76
cluster_12086,_18043_,1.4,0.76
cluster_12087,_18042_,1.4,1.52
cluster_12088,_18041_,1.4,0.76
cluster_12089,_18040_,1.4,0.76
cluster_12090,_18039_,1.4,0.76
cluster_12091,_18050_,1.4,1.14
cluster_12092,_17951_,1.4,0.57
cluster_12093,_17953_,1.4,0.95
cluster_12094,_17949_,1.4,1.33
cluster_12095,_17921_,1.4,0.95
cluster_12096,_17920_,1.4,0.76
cluster_12097,_17919_,1.4,0.57
cluster_12098,_17918_,1.4,0.76
cluster_12099,_17917_,1.4,0.76
cluster_12100,_17916_,1.4,1.33
cluster_12101,_17915_,1.4,0.76
cluster_12102,_17914_,1.4,0.76
cluster_12103,_17913_,1.4,0.76
cluster_12104,_17911_,1.4,0.76
cluster_12105,_17910_,1.4,0.76
cluster_12106,_17909_,1.4,0.76
cluster_12107,_17908_,1.4,0.76
cluster_12108,_17907_,1.4,0.76
cluster_12109,_17906_,1.4,1.33
cluster_12110,_17905_,1.4,1.33
cluster_12111,_17904_,1.4,1.71
cluster_12112,_17903_,1.4,0.76
cluster_12113,_17902_,1.4,0.95
cluster_12114,_17901_,1.4,0.76
cluster_12115,_17900_,1.4,1.33
cluster_12116,_17899_,1.4,1.33
cluster_12117,_17898_,1.4,0.76
cluster_12118,_17950_,1.4,0.76
cluster_12119,_17897_,1.4,0.76
cluster_12120,_17896_,1.4,0.76
cluster_12121,_17895_,1.4,1.33
cluster_12122,_17894_,1.4,0.95
cluster_12123,_17893_,1.4,0.76
cluster_12124,_17922_,1.4,1.33
cluster_12125,_17923_,1.4,1.33
cluster_12126,_17912_,1.4,0.76
cluster_12127,_17925_,1.4,1.33
cluster_12128,_17948_,1.4,0.57
cluster_12129,_17947_,1.4,0.76
cluster_12130,_17946_,1.4,0.76
cluster_12131,_17924_,1.4,1.33
cluster_12132,_17944_,1.4,0.76
cluster_12133,_17943_,1.4,0.76
cluster_12134,_17942_,1.4,0.76
cluster_12135,_17941_,1.4,0.76
cluster_12136,_17940_,1.4,1.71
cluster_12137,_17939_,1.4,1.33
cluster_12138,_17938_,1.4,0.76
cluster_12139,_17937_,1.4,3.23
cluster_12140,_17936_,1.4,1.71
cluster_12141,_17935_,1.4,0.57
cluster_12142,_17945_,1.4,0.76
cluster_12143,_17933_,1.4,0.95
cluster_12144,_17934_,1.4,0.57
cluster_12145,_17926_,1.4,3.23
cluster_12146,input48,1.4,0.76
cluster_12147,_17928_,1.4,0.76
cluster_12148,_17930_,1.4,0.76
cluster_12149,_17931_,1.4,1.33
cluster_12150,_17929_,1.4,0.76
cluster_12151,_17932_,1.4,0.76
cluster_12152,_15583_,1.4,0.57
cluster_12153,_15585_,1.4,0.57
cluster_12154,_16772_,1.4,0.76
cluster_12155,_15590_,1.4,1.71
cluster_12156,_16771_,1.4,0.76
cluster_12157,_15582_,1.4,1.14
cluster_12158,_16773_,1.4,1.33
cluster_12159,_16774_,1.4,1.33
cluster_12160,_15588_,1.4,1.14
cluster_12161,_15589_,1.4,1.14
cluster_12162,_16770_,1.4,0.76
cluster_12163,_29576_,1.4,1.9
cluster_12164,_15584_,1.4,1.14
cluster_12165,_15591_,1.4,0.95
cluster_12166,_16769_,1.4,0.76
cluster_12167,_15593_,1.4,1.33
cluster_12168,_15594_,1.4,2.47
cluster_12169,_16768_,1.4,0.76
cluster_12170,_16767_,1.4,1.33
cluster_12171,_15607_,1.4,0.38
cluster_12172,_29577_,1.4,1.9
cluster_12173,_15608_,1.4,1.33
cluster_12174,_15609_,1.4,2.47
cluster_12175,input116,1.4,0.76
cluster_12176,_16766_,1.4,1.14
cluster_12177,_16765_,1.4,0.57
cluster_12178,_15579_,1.4,1.71
cluster_12179,_16764_,1.4,1.33
cluster_12180,_15592_,1.4,0.57
cluster_12181,_16775_,1.4,0.95
cluster_12182,_16799_,1.4,0.76
cluster_12183,_16777_,1.4,1.33
cluster_12184,_29575_,1.4,1.9
cluster_12185,_16806_,1.4,1.33
cluster_12186,_16805_,1.4,0.76
cluster_12187,_16804_,1.4,0.95
cluster_12188,_16803_,1.4,0.76
cluster_12189,_16802_,1.4,0.95
cluster_12190,_16801_,1.4,1.33
cluster_12191,_16800_,1.4,0.76
cluster_12192,_16798_,1.4,0.57
cluster_12193,_16797_,1.4,1.33
cluster_12194,_16796_,1.4,0.76
cluster_12195,_16795_,1.4,1.33
cluster_12196,_16794_,1.4,1.33
cluster_12197,_16793_,1.4,1.33
cluster_12198,_16792_,1.4,0.76
cluster_12199,_16791_,1.4,2.47
cluster_12200,_16790_,1.4,0.76
cluster_12201,_16789_,1.4,1.33
cluster_12202,_16788_,1.4,0.76
cluster_12203,_16787_,1.4,0.76
cluster_12204,_16786_,1.4,0.76
cluster_12205,_16785_,1.4,0.95
cluster_12206,_16784_,1.4,0.76
cluster_12207,_16783_,1.4,0.57
cluster_12208,_16782_,1.4,1.33
cluster_12209,_16781_,1.4,0.57
cluster_12210,_16780_,1.4,0.57
cluster_12211,_16779_,1.4,0.76
cluster_12212,_16778_,1.4,2.47
cluster_12213,_16776_,1.4,0.57
cluster_12214,_29574_,1.4,1.9
cluster_12215,_16821_,1.4,0.76
cluster_12216,_29572_,1.4,1.9
cluster_12217,_16886_,1.4,0.76
cluster_12218,_16885_,1.4,0.95
cluster_12219,_16884_,1.4,1.71
cluster_12220,_16883_,1.4,1.71
cluster_12221,_16882_,1.4,0.57
cluster_12222,_16881_,1.4,0.57
cluster_12223,_16880_,1.4,0.57
cluster_12224,_16879_,1.4,1.33
cluster_12225,_16878_,1.4,0.76
cluster_12226,_16877_,1.4,1.33
cluster_12227,_16876_,1.4,0.57
cluster_12228,_16875_,1.4,0.76
cluster_12229,_16874_,1.4,0.76
cluster_12230,_16873_,1.4,0.76
cluster_12231,_16872_,1.4,0.57
cluster_12232,_16871_,1.4,0.76
cluster_12233,_16870_,1.4,0.95
cluster_12234,_16869_,1.4,0.57
cluster_12235,_16868_,1.4,0.76
cluster_12236,_16887_,1.4,0.76
cluster_12237,_16888_,1.4,0.76
cluster_12238,_16889_,1.4,0.76
cluster_12239,_16890_,1.4,2.47
cluster_12240,_16909_,1.4,1.33
cluster_12241,_16908_,1.4,1.33
cluster_12242,_16907_,1.4,1.33
cluster_12243,_16906_,1.4,1.33
cluster_12244,_16905_,1.4,0.76
cluster_12245,_16904_,1.4,1.33
cluster_12246,_16903_,1.4,0.76
cluster_12247,_16902_,1.4,1.33
cluster_12248,_16901_,1.4,0.95
cluster_12249,_16867_,1.4,1.33
cluster_12250,_16900_,1.4,0.76
cluster_12251,_16898_,1.4,1.33
cluster_12252,_16897_,1.4,1.33
cluster_12253,_16896_,1.4,0.76
cluster_12254,_16895_,1.4,1.33
cluster_12255,_16894_,1.4,0.76
cluster_12256,_16893_,1.4,0.76
cluster_12257,_16819_,1.4,0.95
cluster_12258,_16892_,1.4,1.33
cluster_12259,_16891_,1.4,0.76
cluster_12260,_16899_,1.4,0.57
cluster_12261,_16910_,1.4,1.14
cluster_12262,_16866_,1.4,0.76
cluster_12263,_16864_,1.4,1.14
cluster_12264,_16839_,1.4,0.76
cluster_12265,_16838_,1.4,0.76
cluster_12266,_16837_,1.4,0.76
cluster_12267,_16836_,1.4,0.76
cluster_12268,_16835_,1.4,0.76
cluster_12269,_16834_,1.4,0.76
cluster_12270,_16833_,1.4,1.14
cluster_12271,split32,1.4,0.76
cluster_12272,_16832_,1.4,1.33
cluster_12273,_16831_,1.4,0.76
cluster_12274,_16830_,1.4,0.76
cluster_12275,_16829_,1.4,0.76
cluster_12276,_16828_,1.4,0.76
cluster_12277,_16827_,1.4,0.57
cluster_12278,_16826_,1.4,0.76
cluster_12279,_16825_,1.4,0.76
cluster_12280,_16824_,1.4,0.95
cluster_12281,_16823_,1.4,0.76
cluster_12282,_16822_,1.4,0.76
cluster_12283,_16840_,1.4,0.76
cluster_12284,_16841_,1.4,1.33
cluster_12285,_16842_,1.4,0.76
cluster_12286,_16843_,1.4,1.33
cluster_12287,_16863_,1.4,1.33
cluster_12288,_16862_,1.4,1.14
cluster_12289,_16861_,1.4,0.57
cluster_12290,_16860_,1.4,0.95
cluster_12291,_16859_,1.4,1.33
cluster_12292,_16858_,1.4,0.76
cluster_12293,_16857_,1.4,0.57
cluster_12294,_16856_,1.4,0.95
cluster_12295,_16855_,1.4,0.95
cluster_12296,_16865_,1.4,0.76
cluster_12297,_16854_,1.4,0.95
cluster_12298,_16852_,1.4,0.57
cluster_12299,_16851_,1.4,0.95
cluster_12300,_16850_,1.4,2.09
cluster_12301,_16849_,1.4,0.76
cluster_12302,_16848_,1.4,1.33
cluster_12303,_16847_,1.4,1.33
cluster_12304,_16846_,1.4,0.57
cluster_12305,_16845_,1.4,0.76
cluster_12306,_16844_,1.4,0.76
cluster_12307,_16853_,1.4,1.14
cluster_12308,_16911_,1.4,1.33
cluster_12309,_16912_,1.4,1.14
cluster_12310,_16913_,1.4,0.76
cluster_12311,_16969_,1.4,0.76
cluster_12312,_16968_,1.4,1.33
cluster_12313,_16967_,1.4,0.95
cluster_12314,_16966_,1.4,0.76
cluster_12315,_16965_,1.4,1.33
cluster_12316,_16964_,1.4,0.76
cluster_12317,_16963_,1.4,0.76
cluster_12318,_16962_,1.4,0.76
cluster_12319,_16961_,1.4,0.76
cluster_12320,_16960_,1.4,0.57
cluster_12321,_16959_,1.4,0.95
cluster_12322,_16958_,1.4,0.76
cluster_12323,_16957_,1.4,0.76
cluster_12324,_16956_,1.4,1.14
cluster_12325,_16955_,1.4,0.76
cluster_12326,_16954_,1.4,0.95
cluster_12327,_16953_,1.4,0.95
cluster_12328,clone13,1.4,0.76
cluster_12329,_16952_,1.4,1.33
cluster_12330,_16970_,1.4,0.76
cluster_12331,_16971_,1.4,0.57
cluster_12332,_16972_,1.4,0.57
cluster_12333,_16973_,1.4,0.76
cluster_12334,_29571_,1.4,1.9
cluster_12335,_29570_,1.4,1.9
cluster_12336,_29569_,1.4,1.9
cluster_12337,_29568_,1.4,1.9
cluster_12338,_29567_,1.4,1.9
cluster_12339,_29566_,1.4,1.9
cluster_12340,_29565_,1.4,1.9
cluster_12341,_29564_,1.4,1.9
cluster_12342,_16820_,1.4,0.57
cluster_12343,_16951_,1.4,1.33
cluster_12344,_15385_,1.4,2.47
cluster_12345,_16982_,1.4,0.57
cluster_12346,_16981_,1.4,1.14
cluster_12347,_16980_,1.4,0.57
cluster_12348,_16979_,1.4,0.76
cluster_12349,_16978_,1.4,1.14
cluster_12350,_16977_,1.4,0.76
cluster_12351,_16976_,1.4,1.14
cluster_12352,_16975_,1.4,1.14
cluster_12353,_16974_,1.4,0.57
cluster_12354,_16807_,1.4,0.76
cluster_12355,_16950_,1.4,0.76
cluster_12356,_16949_,1.4,0.76
cluster_12357,_16948_,1.4,0.76
cluster_12358,_16933_,1.4,0.76
cluster_12359,_16932_,1.4,0.76
cluster_12360,_16931_,1.4,0.76
cluster_12361,_16930_,1.4,0.76
cluster_12362,_16929_,1.4,0.76
cluster_12363,_16928_,1.4,0.76
cluster_12364,_16927_,1.4,1.14
cluster_12365,_16926_,1.4,1.33
cluster_12366,_16925_,1.4,0.76
cluster_12367,_16934_,1.4,0.76
cluster_12368,_16924_,1.4,1.33
cluster_12369,_16922_,1.4,0.57
cluster_12370,_16921_,1.4,0.76
cluster_12371,_16920_,1.4,0.76
cluster_12372,_16919_,1.4,0.76
cluster_12373,_16918_,1.4,0.76
cluster_12374,_16917_,1.4,1.33
cluster_12375,_16916_,1.4,0.76
cluster_12376,_16915_,1.4,0.76
cluster_12377,_16914_,1.4,0.76
cluster_12378,_16923_,1.4,1.14
cluster_12379,_29573_,1.4,1.9
cluster_12380,_16935_,1.4,0.76
cluster_12381,_16937_,1.4,1.33
cluster_12382,_16947_,1.4,1.14
cluster_12383,_16946_,1.4,1.33
cluster_12384,_16945_,1.4,0.76
cluster_12385,_16944_,1.4,0.76
cluster_12386,_16943_,1.4,1.33
cluster_12387,_16942_,1.4,0.76
cluster_12388,_16941_,1.4,1.33
cluster_12389,_16940_,1.4,1.14
cluster_12390,_16808_,1.4,0.95
cluster_12391,_16818_,1.4,1.14
cluster_12392,_16809_,1.4,0.57
cluster_12393,_16811_,1.4,0.76
cluster_12394,_16812_,1.4,0.76
cluster_12395,_16813_,1.4,0.76
cluster_12396,_16814_,1.4,0.95
cluster_12397,_16815_,1.4,1.71
cluster_12398,_16816_,1.4,0.76
cluster_12399,_16939_,1.4,1.33
cluster_12400,_16817_,1.4,1.14
cluster_12401,_16938_,1.4,0.76
cluster_12402,_16810_,1.4,0.76
cluster_12403,_16936_,1.4,1.52
cluster_12404,_16747_,1.4,1.14
cluster_12405,_17063_,1.4,0.76
cluster_12406,_16671_,1.4,1.14
cluster_12407,_16670_,1.4,1.33
cluster_12408,_16669_,1.4,0.76
cluster_12409,_16668_,1.4,2.47
cluster_12410,_16667_,1.4,1.33
cluster_12411,_16665_,1.4,1.33
cluster_12412,_16664_,1.4,1.33
cluster_12413,_16663_,1.4,1.71
cluster_12414,_16662_,1.4,1.14
cluster_12415,_16661_,1.4,0.76
cluster_12416,_16672_,1.4,0.76
cluster_12417,_16660_,1.4,3.23
cluster_12418,_16658_,1.4,0.57
cluster_12419,_16657_,1.4,0.57
cluster_12420,_16656_,1.4,0.95
cluster_12421,_16655_,1.4,3.42
cluster_12422,_16654_,1.4,0.76
cluster_12423,_16653_,1.4,1.33
cluster_12424,_16652_,1.4,1.33
cluster_12425,_16651_,1.4,2.47
cluster_12426,_16650_,1.4,1.71
cluster_12427,_16649_,1.4,0.57
cluster_12428,_16659_,1.4,1.71
cluster_12429,_16673_,1.4,1.33
cluster_12430,_16674_,1.4,1.33
cluster_12431,_16675_,1.4,1.33
cluster_12432,_16697_,1.4,0.57
cluster_12433,_16696_,1.4,0.76
cluster_12434,_16695_,1.4,1.33
cluster_12435,_16693_,1.4,0.76
cluster_12436,_16692_,1.4,2.47
cluster_12437,_16691_,1.4,0.95
cluster_12438,_16690_,1.4,1.33
cluster_12439,_17025_,1.4,0.76
cluster_12440,_16689_,1.4,0.76
cluster_12441,_16688_,1.4,0.76
cluster_12442,_16687_,1.4,1.14
cluster_12443,_16686_,1.4,1.33
cluster_12444,_16685_,1.4,0.76
cluster_12445,_17026_,1.4,0.76
cluster_12446,_17027_,1.4,0.57
cluster_12447,_16684_,1.4,1.33
cluster_12448,_16683_,1.4,1.14
cluster_12449,_16682_,1.4,0.76
cluster_12450,_16681_,1.4,1.33
cluster_12451,_16680_,1.4,0.76
cluster_12452,_16679_,1.4,0.57
cluster_12453,_16677_,1.4,1.33
cluster_12454,_16676_,1.4,0.57
cluster_12455,_16648_,1.4,0.57
cluster_12456,_16647_,1.4,1.33
cluster_12457,_16646_,1.4,1.71
cluster_12458,_16645_,1.4,1.33
cluster_12459,_17039_,1.4,0.76
cluster_12460,_17040_,1.4,0.76
cluster_12461,_17041_,1.4,0.76
cluster_12462,_17042_,1.4,0.76
cluster_12463,_17043_,1.4,0.76
cluster_12464,_17044_,1.4,0.76
cluster_12465,_17045_,1.4,0.76
cluster_12466,_17046_,1.4,0.76
cluster_12467,_17047_,1.4,0.76
cluster_12468,_17048_,1.4,1.33
cluster_12469,_17049_,1.4,1.33
cluster_12470,_17050_,1.4,1.14
cluster_12471,_17051_,1.4,0.57
cluster_12472,_17052_,1.4,0.76
cluster_12473,_17053_,1.4,0.76
cluster_12474,_17054_,1.4,0.76
cluster_12475,_17055_,1.4,0.76
cluster_12476,_17056_,1.4,0.76
cluster_12477,_17057_,1.4,0.76
cluster_12478,_17058_,1.4,0.76
cluster_12479,_17059_,1.4,1.33
cluster_12480,_17060_,1.4,0.76
cluster_12481,_17061_,1.4,1.14
cluster_12482,_16984_,1.4,0.76
cluster_12483,_16698_,1.4,1.33
cluster_12484,_17038_,1.4,0.76
cluster_12485,_17036_,1.4,1.33
cluster_12486,_16644_,1.4,0.76
cluster_12487,_16643_,1.4,1.33
cluster_12488,_16642_,1.4,1.33
cluster_12489,_16641_,1.4,1.33
cluster_12490,_16640_,1.4,1.33
cluster_12491,_16639_,1.4,2.47
cluster_12492,_16638_,1.4,0.76
cluster_12493,_16637_,1.4,2.47
cluster_12494,_16636_,1.4,1.33
cluster_12495,_16635_,1.4,1.33
cluster_12496,_16634_,1.4,2.47
cluster_12497,_16633_,1.4,1.33
cluster_12498,_16632_,1.4,1.33
cluster_12499,_16631_,1.4,0.76
cluster_12500,clone14,1.4,1.33
cluster_12501,_17028_,1.4,0.76
cluster_12502,_17029_,1.4,0.76
cluster_12503,_17030_,1.4,0.95
cluster_12504,_17031_,1.4,0.57
cluster_12505,_17032_,1.4,0.76
cluster_12506,_17033_,1.4,0.57
cluster_12507,_17034_,1.4,0.76
cluster_12508,_17035_,1.4,0.95
cluster_12509,_17037_,1.4,0.76
cluster_12510,_16699_,1.4,1.14
cluster_12511,_16700_,1.4,1.14
cluster_12512,_16701_,1.4,1.33
cluster_12513,clone15,1.4,0.76
cluster_12514,clone12,1.4,0.76
cluster_12515,clone4,1.4,0.95
cluster_12516,_17014_,1.4,0.57
cluster_12517,_17015_,1.4,0.57
cluster_12518,_17016_,1.4,0.57
cluster_12519,_17017_,1.4,0.76
cluster_12520,_16750_,1.4,0.38
cluster_12521,_17018_,1.4,1.14
cluster_12522,_17019_,1.4,1.14
cluster_12523,_17020_,1.4,0.95
cluster_12524,_17021_,1.4,0.76
cluster_12525,_17022_,1.4,0.57
cluster_12526,_17023_,1.4,1.14
cluster_12527,_17024_,1.4,1.33
cluster_12528,_16761_,1.4,1.14
cluster_12529,_16749_,1.4,1.33
cluster_12530,_16748_,1.4,0.76
cluster_12531,_16746_,1.4,1.33
cluster_12532,clone3,1.4,0.76
cluster_12533,_16745_,1.4,1.33
cluster_12534,_16744_,1.4,0.76
cluster_12535,_16743_,1.4,0.95
cluster_12536,clone5,1.4,0.76
cluster_12537,_16742_,1.4,1.33
cluster_12538,_16751_,1.4,1.33
cluster_12539,_16753_,1.4,0.57
cluster_12540,_16763_,1.4,1.71
cluster_12541,_16760_,1.4,0.95
cluster_12542,_17012_,1.4,1.14
cluster_12543,_17011_,1.4,0.76
cluster_12544,_17010_,1.4,0.76
cluster_12545,_17009_,1.4,0.76
cluster_12546,_17008_,1.4,0.76
cluster_12547,_17007_,1.4,0.57
cluster_12548,_17006_,1.4,0.76
cluster_12549,_17005_,1.4,0.95
cluster_12550,_17004_,1.4,0.76
cluster_12551,_17003_,1.4,1.33
cluster_12552,_17002_,1.4,1.33
cluster_12553,_17001_,1.4,1.14
cluster_12554,_17000_,1.4,0.76
cluster_12555,_16999_,1.4,0.76
cluster_12556,_17013_,1.4,0.76
cluster_12557,_16759_,1.4,0.57
cluster_12558,_16758_,1.4,1.33
cluster_12559,_16757_,1.4,1.33
cluster_12560,_16756_,1.4,0.76
cluster_12561,_16755_,1.4,1.33
cluster_12562,_16754_,1.4,0.57
cluster_12563,_16752_,1.4,0.57
cluster_12564,_17062_,1.4,1.33
cluster_12565,_16741_,1.4,1.33
cluster_12566,_16739_,1.4,0.76
cluster_12567,_16998_,1.4,0.76
cluster_12568,_16997_,1.4,0.95
cluster_12569,_16996_,1.4,1.14
cluster_12570,_16995_,1.4,0.76
cluster_12571,_16994_,1.4,0.76
cluster_12572,_16993_,1.4,1.33
cluster_12573,_16992_,1.4,0.76
cluster_12574,_16991_,1.4,1.14
cluster_12575,_16990_,1.4,0.57
cluster_12576,_16989_,1.4,0.76
cluster_12577,_16988_,1.4,1.14
cluster_12578,_16987_,1.4,0.76
cluster_12579,_16986_,1.4,0.76
cluster_12580,_16985_,1.4,0.57
cluster_12581,_16710_,1.4,1.33
cluster_12582,_16709_,1.4,1.33
cluster_12583,_16708_,1.4,1.14
cluster_12584,_16707_,1.4,0.95
cluster_12585,_16706_,1.4,2.66
cluster_12586,_16705_,1.4,1.33
cluster_12587,_16704_,1.4,0.76
cluster_12588,_16703_,1.4,0.95
cluster_12589,_16702_,1.4,1.33
cluster_12590,_16711_,1.4,1.14
cluster_12591,_16740_,1.4,0.76
cluster_12592,_16712_,1.4,1.33
cluster_12593,_16714_,1.4,1.33
cluster_12594,_16738_,1.4,0.76
cluster_12595,_16737_,1.4,0.76
cluster_12596,_16736_,1.4,0.76
cluster_12597,_16735_,1.4,1.33
cluster_12598,_16734_,1.4,1.33
cluster_12599,_16733_,1.4,1.33
cluster_12600,_16732_,1.4,0.57
cluster_12601,_16731_,1.4,1.71
cluster_12602,_16730_,1.4,0.95
cluster_12603,_16728_,1.4,0.76
cluster_12604,_16727_,1.4,0.76
cluster_12605,_16726_,1.4,0.57
cluster_12606,_16725_,1.4,1.33
cluster_12607,_16724_,1.4,0.57
cluster_12608,_16723_,1.4,0.95
cluster_12609,_16722_,1.4,0.95
cluster_12610,_16721_,1.4,0.57
cluster_12611,_16720_,1.4,0.57
cluster_12612,_16719_,1.4,1.33
cluster_12613,_16718_,1.4,1.33
cluster_12614,_16717_,1.4,1.33
cluster_12615,_16716_,1.4,0.57
cluster_12616,_16715_,1.4,1.33
cluster_12617,_16713_,1.4,1.33
cluster_12618,_17064_,1.4,1.33
cluster_12619,_16762_,1.4,0.95
cluster_12620,_17151_,1.4,0.76
cluster_12621,_15655_,1.4,1.71
cluster_12622,_17146_,1.4,0.95
cluster_12623,_15656_,1.4,0.95
cluster_12624,_15657_,1.4,2.47
cluster_12625,_15658_,1.4,1.33
cluster_12626,_15659_,1.4,1.33
cluster_12627,_17147_,1.4,0.57
cluster_12628,_17148_,1.4,0.76
cluster_12629,_17149_,1.4,0.76
cluster_12630,_17150_,1.4,0.76
cluster_12631,_17065_,1.4,1.33
cluster_12632,_17152_,1.4,0.95
cluster_12633,_17153_,1.4,1.33
cluster_12634,_17154_,1.4,0.76
cluster_12635,_17155_,1.4,1.33
cluster_12636,_17145_,1.4,0.76
cluster_12637,_17156_,1.4,1.33
cluster_12638,_17144_,1.4,1.71
cluster_12639,_17142_,1.4,0.76
cluster_12640,_17126_,1.4,0.95
cluster_12641,_17127_,1.4,0.76
cluster_12642,_17128_,1.4,0.76
cluster_12643,_17129_,1.4,1.14
cluster_12644,_17130_,1.4,0.76
cluster_12645,_17132_,1.4,0.76
cluster_12646,_17133_,1.4,0.57
cluster_12647,_17134_,1.4,1.14
cluster_12648,_17135_,1.4,0.38
cluster_12649,_17136_,1.4,0.76
cluster_12650,_17137_,1.4,0.76
cluster_12651,_17138_,1.4,1.14
cluster_12652,_17139_,1.4,1.14
cluster_12653,_17140_,1.4,0.76
cluster_12654,_17141_,1.4,1.14
cluster_12655,_17143_,1.4,0.95
cluster_12656,_17157_,1.4,1.33
cluster_12657,_17158_,1.4,0.95
cluster_12658,_17159_,1.4,0.76
cluster_12659,u0.u1.d[3]$_DFF_P_,1.4,3.23
cluster_12660,_15711_,1.4,1.33
cluster_12661,_15710_,1.4,1.71
cluster_12662,_15709_,1.4,2.47
cluster_12663,_15708_,1.4,0.95
cluster_12664,_15699_,1.4,1.33
cluster_12665,_15698_,1.4,1.33
cluster_12666,_15675_,1.4,1.33
cluster_12667,_15689_,1.4,0.57
cluster_12668,_15688_,1.4,1.33
cluster_12669,_15687_,1.4,1.33
cluster_12670,_15686_,1.4,1.71
cluster_12671,_15676_,1.4,0.38
cluster_12672,input23,1.4,0.76
cluster_12673,_15685_,1.4,1.71
cluster_12674,u0.u1.d[1]$_DFF_P_,1.4,3.23
cluster_12675,u0.u1.d[0]$_DFF_P_,1.4,3.23
cluster_12676,_15918_,1.4,1.14
cluster_12677,_15921_,1.4,1.14
cluster_12678,_15660_,1.4,0.57
cluster_12679,input35,1.4,0.76
cluster_12680,input34,1.4,0.76
cluster_12681,input33,1.4,0.76
cluster_12682,input32,1.4,0.57
cluster_12683,_15671_,1.4,1.71
cluster_12684,_15672_,1.4,0.95
cluster_12685,_17125_,1.4,0.57
cluster_12686,_15673_,1.4,1.33
cluster_12687,_17161_,1.4,0.76
cluster_12688,_17162_,1.4,1.14
cluster_12689,_15674_,1.4,1.33
cluster_12690,_17163_,1.4,1.14
cluster_12691,_17164_,1.4,0.95
cluster_12692,_17165_,1.4,0.76
cluster_12693,_15927_,1.4,1.14
cluster_12694,_17160_,1.4,0.95
cluster_12695,_15654_,1.4,2.47
cluster_12696,_17131_,1.4,0.76
cluster_12697,_15652_,1.4,1.14
cluster_12698,_17086_,1.4,1.33
cluster_12699,_17087_,1.4,1.33
cluster_12700,_17088_,1.4,1.33
cluster_12701,_17089_,1.4,0.76
cluster_12702,_17090_,1.4,0.76
cluster_12703,_17091_,1.4,0.95
cluster_12704,_17092_,1.4,1.33
cluster_12705,_17093_,1.4,1.33
cluster_12706,_17094_,1.4,0.95
cluster_12707,_15637_,1.4,1.33
cluster_12708,_17095_,1.4,0.57
cluster_12709,_15653_,1.4,1.71
cluster_12710,_17096_,1.4,0.76
cluster_12711,_17097_,1.4,0.76
cluster_12712,_17069_,1.4,1.33
cluster_12713,_17085_,1.4,1.33
cluster_12714,_17099_,1.4,0.76
cluster_12715,_17084_,1.4,1.14
cluster_12716,_17082_,1.4,0.76
cluster_12717,_17070_,1.4,0.76
cluster_12718,_15636_,1.4,0.57
cluster_12719,_17071_,1.4,0.76
cluster_12720,_17072_,1.4,1.33
cluster_12721,_17067_,1.4,0.57
cluster_12722,_17073_,1.4,0.76
cluster_12723,_17074_,1.4,1.33
cluster_12724,_17075_,1.4,1.14
cluster_12725,_17076_,1.4,0.95
cluster_12726,_17077_,1.4,1.33
cluster_12727,_17078_,1.4,1.33
cluster_12728,_16983_,1.4,0.57
cluster_12729,_17079_,1.4,0.76
cluster_12730,_17080_,1.4,0.76
cluster_12731,_17081_,1.4,1.33
cluster_12732,_17083_,1.4,0.76
cluster_12733,_17100_,1.4,0.76
cluster_12734,_17098_,1.4,1.14
cluster_12735,_17102_,1.4,1.33
cluster_12736,_17120_,1.4,1.33
cluster_12737,_17121_,1.4,1.14
cluster_12738,_17122_,1.4,0.76
cluster_12739,_17123_,1.4,1.33
cluster_12740,_17124_,1.4,0.76
cluster_12741,_15638_,1.4,1.33
cluster_12742,_15639_,1.4,2.47
cluster_12743,_17101_,1.4,0.76
cluster_12744,_15640_,1.4,2.47
cluster_12745,_15642_,1.4,2.47
cluster_12746,_17066_,1.4,0.95
cluster_12747,_15645_,1.4,1.14
cluster_12748,_15646_,1.4,0.57
cluster_12749,_15647_,1.4,1.14
cluster_12750,_15648_,1.4,0.57
cluster_12751,_15651_,1.4,1.14
cluster_12752,_15641_,1.4,1.71
cluster_12753,_17118_,1.4,1.14
cluster_12754,_17119_,1.4,0.76
cluster_12755,_17116_,1.4,0.57
cluster_12756,_17103_,1.4,0.76
cluster_12757,_17104_,1.4,0.76
cluster_12758,_17105_,1.4,0.76
cluster_12759,_17106_,1.4,0.76
cluster_12760,_17107_,1.4,0.76
cluster_12761,_17108_,1.4,0.76
cluster_12762,_17117_,1.4,0.76
cluster_12763,_17110_,1.4,0.95
cluster_12764,_17109_,1.4,0.76
cluster_12765,_17111_,1.4,0.57
cluster_12766,_17112_,1.4,1.33
cluster_12767,_17113_,1.4,1.14
cluster_12768,_17114_,1.4,0.76
cluster_12769,_17115_,1.4,0.57
cluster_12770,_17068_,1.4,0.95
cluster_12771,_15539_,1.4,2.47
cluster_12772,_15540_,1.4,1.33
cluster_12773,_15528_,1.4,0.95
cluster_12774,_15538_,1.4,0.95
cluster_12775,_15537_,1.4,2.47
cluster_12776,_15541_,1.4,1.33
cluster_12777,_15576_,1.4,2.47
cluster_12778,_15554_,1.4,1.33
cluster_12779,_15555_,1.4,1.33
cluster_12780,_15567_,1.4,1.33
cluster_12781,_15577_,1.4,1.33
cluster_12782,_15578_,1.4,1.33
cluster_12783,input40,1.4,0.76
cluster_12784,_15527_,1.4,2.47
cluster_12785,_15553_,1.4,0.95
cluster_12786,_15526_,1.4,1.33
cluster_12787,input61,1.4,0.76
cluster_12788,_15524_,1.4,1.71
cluster_12789,_15459_,1.4,1.33
cluster_12790,clone28,1.4,1.71
cluster_12791,_15458_,1.4,0.95
cluster_12792,_15457_,1.4,1.71
cluster_12793,_15446_,1.4,0.95
cluster_12794,_29591_,1.4,1.9
cluster_12795,_29590_,1.4,1.9
cluster_12796,_29589_,1.4,1.9
cluster_12797,_29588_,1.4,1.9
cluster_12798,_29587_,1.4,1.9
cluster_12799,_29586_,1.4,1.9
cluster_12800,_29585_,1.4,1.9
cluster_12801,_29584_,1.4,1.9
cluster_12802,_29583_,1.4,1.9
cluster_12803,_29582_,1.4,1.9
cluster_12804,_29581_,1.4,1.9
cluster_12805,_29580_,1.4,1.9
cluster_12806,_29579_,1.4,1.9
cluster_12807,_29578_,1.4,1.9
cluster_12808,_29393_,1.4,4.75
cluster_12809,clone98,1.4,1.33
cluster_12810,_15460_,1.4,2.47
cluster_12811,_15525_,1.4,1.33
cluster_12812,_15461_,1.4,1.71
cluster_12813,_15465_,1.4,1.14
cluster_12814,_15523_,1.4,1.71
cluster_12815,_15510_,1.4,2.47
cluster_12816,_15509_,1.4,1.71
cluster_12817,_15508_,1.4,2.47
cluster_12818,_15507_,1.4,1.33
cluster_12819,_15506_,1.4,1.33
cluster_12820,_15505_,1.4,2.47
cluster_12821,_15504_,1.4,0.95
cluster_12822,clone39,1.4,0.76
cluster_12823,input1,1.4,0.76
cluster_12824,u0.u2.d[3]$_DFF_P_,1.4,3.23
cluster_12825,_15902_,1.4,1.14
cluster_12826,_15476_,1.4,1.33
cluster_12827,_15475_,1.4,0.95
cluster_12828,_15474_,1.4,1.71
cluster_12829,_15473_,1.4,1.71
cluster_12830,_15472_,1.4,1.14
cluster_12831,_15471_,1.4,1.14
cluster_12832,_15468_,1.4,0.57
cluster_12833,_15467_,1.4,1.14
cluster_12834,_15466_,1.4,0.57
cluster_12835,_15462_,1.4,1.33
cluster_12836,input72,1.4,0.57
cluster_12837,_17565_,1.4,0.76
cluster_12838,_17171_,1.4,1.33
cluster_12839,_17515_,1.4,0.76
cluster_12840,_17514_,1.4,1.71
cluster_12841,_17513_,1.4,1.33
cluster_12842,_17512_,1.4,1.33
cluster_12843,_17511_,1.4,1.33
cluster_12844,_17510_,1.4,1.33
cluster_12845,_17226_,1.4,1.33
cluster_12846,_17227_,1.4,1.33
cluster_12847,_17228_,1.4,0.76
cluster_12848,_17229_,1.4,0.76
cluster_12849,_17516_,1.4,0.76
cluster_12850,_17230_,1.4,1.33
cluster_12851,_17232_,1.4,1.33
cluster_12852,_17509_,1.4,0.57
cluster_12853,_17508_,1.4,0.57
cluster_12854,_17507_,1.4,0.76
cluster_12855,_17506_,1.4,1.33
cluster_12856,_17505_,1.4,1.14
cluster_12857,_17233_,1.4,0.76
cluster_12858,_17234_,1.4,0.76
cluster_12859,_17235_,1.4,1.33
cluster_12860,_17236_,1.4,1.33
cluster_12861,_17231_,1.4,0.57
cluster_12862,_17517_,1.4,0.57
cluster_12863,_17518_,1.4,1.33
cluster_12864,_17519_,1.4,1.33
cluster_12865,_17526_,1.4,1.33
cluster_12866,_17525_,1.4,0.76
cluster_12867,_17524_,1.4,0.76
cluster_12868,_17523_,1.4,0.76
cluster_12869,_17522_,1.4,0.76
cluster_12870,_17521_,1.4,0.76
cluster_12871,_17210_,1.4,0.76
cluster_12872,_17211_,1.4,1.9
cluster_12873,_17212_,1.4,1.33
cluster_12874,_17213_,1.4,1.71
cluster_12875,clone27,1.4,1.33
cluster_12876,_17215_,1.4,1.14
cluster_12877,_17216_,1.4,0.76
cluster_12878,_17217_,1.4,1.33
cluster_12879,_17218_,1.4,0.76
cluster_12880,_17520_,1.4,0.57
cluster_12881,_17219_,1.4,1.33
cluster_12882,split99,1.4,0.76
cluster_12883,_17221_,1.4,0.76
cluster_12884,_17222_,1.4,0.76
cluster_12885,_17223_,1.4,1.14
cluster_12886,_17224_,1.4,1.33
cluster_12887,_17225_,1.4,0.76
cluster_12888,_17504_,1.4,0.76
cluster_12889,_17527_,1.4,0.95
cluster_12890,_17237_,1.4,1.33
cluster_12891,_17239_,1.4,0.57
cluster_12892,_17258_,1.4,1.33
cluster_12893,_17259_,1.4,1.33
cluster_12894,_17494_,1.4,1.14
cluster_12895,_17260_,1.4,1.14
cluster_12896,_17261_,1.4,0.38
cluster_12897,_17262_,1.4,1.14
cluster_12898,_17263_,1.4,1.33
cluster_12899,_17264_,1.4,0.76
cluster_12900,_17265_,1.4,2.47
cluster_12901,_17493_,1.4,1.33
cluster_12902,_17257_,1.4,1.33
cluster_12903,_17492_,1.4,1.14
cluster_12904,_17490_,1.4,0.57
cluster_12905,_17489_,1.4,0.76
cluster_12906,_17488_,1.4,0.76
cluster_12907,_17487_,1.4,0.57
cluster_12908,_17486_,1.4,1.71
cluster_12909,_17485_,1.4,0.57
cluster_12910,_17266_,1.4,0.57
cluster_12911,_17267_,1.4,1.33
cluster_12912,_17268_,1.4,0.76
cluster_12913,_17269_,1.4,1.33
cluster_12914,_17491_,1.4,1.14
cluster_12915,_17256_,1.4,1.14
cluster_12916,_17495_,1.4,0.76
cluster_12917,_17496_,1.4,0.76
cluster_12918,_17240_,1.4,0.95
cluster_12919,_17241_,1.4,0.57
cluster_12920,_17242_,1.4,1.33
cluster_12921,_17243_,1.4,1.33
cluster_12922,_17244_,1.4,1.33
cluster_12923,_17245_,1.4,0.57
cluster_12924,_17503_,1.4,1.33
cluster_12925,_17502_,1.4,0.76
cluster_12926,_17501_,1.4,1.33
cluster_12927,_17500_,1.4,0.76
cluster_12928,_17246_,1.4,0.76
cluster_12929,_17247_,1.4,2.66
cluster_12930,_17248_,1.4,0.57
cluster_12931,_17249_,1.4,0.76
cluster_12932,_17499_,1.4,0.76
cluster_12933,_17250_,1.4,1.33
cluster_12934,_17251_,1.4,0.76
cluster_12935,_17252_,1.4,1.33
cluster_12936,_17253_,1.4,1.33
cluster_12937,_17254_,1.4,0.76
cluster_12938,_17255_,1.4,0.76
cluster_12939,_17498_,1.4,0.76
cluster_12940,_17497_,1.4,0.76
cluster_12941,_17238_,1.4,1.33
cluster_12942,_17270_,1.4,1.33
cluster_12943,_17528_,1.4,0.76
cluster_12944,_17529_,1.4,0.76
cluster_12945,_17560_,1.4,1.14
cluster_12946,_17559_,1.4,0.57
cluster_12947,_17558_,1.4,0.76
cluster_12948,_17571_,1.4,0.76
cluster_12949,_17570_,1.4,0.76
cluster_12950,_17569_,1.4,0.76
cluster_12951,_17568_,1.4,1.52
cluster_12952,_17567_,1.4,0.76
cluster_12953,_17166_,1.4,1.33
cluster_12954,_17167_,1.4,2.47
cluster_12955,_17561_,1.4,0.57
cluster_12956,_17168_,1.4,1.33
cluster_12957,_17170_,1.4,0.76
cluster_12958,_17566_,1.4,1.33
cluster_12959,_17172_,1.4,1.33
cluster_12960,_17173_,1.4,1.33
cluster_12961,_17174_,1.4,0.76
cluster_12962,_17175_,1.4,0.95
cluster_12963,_17176_,1.4,2.47
cluster_12964,_17177_,1.4,1.71
cluster_12965,_17178_,1.4,0.76
cluster_12966,_17179_,1.4,1.33
cluster_12967,_17169_,1.4,2.47
cluster_12968,_17562_,1.4,1.14
cluster_12969,_17563_,1.4,0.76
cluster_12970,_17572_,1.4,1.14
cluster_12971,_17594_,1.4,0.57
cluster_12972,_17593_,1.4,0.76
cluster_12973,_17592_,1.4,0.76
cluster_12974,_17591_,1.4,0.76
cluster_12975,_17590_,1.4,1.33
cluster_12976,_17589_,1.4,1.33
cluster_12977,_17588_,1.4,0.76
cluster_12978,_17587_,1.4,0.76
cluster_12979,_17586_,1.4,0.76
cluster_12980,_17585_,1.4,0.76
cluster_12981,_17584_,1.4,0.76
cluster_12982,_17583_,1.4,1.14
cluster_12983,_17582_,1.4,0.57
cluster_12984,_17564_,1.4,1.33
cluster_12985,_17581_,1.4,0.95
cluster_12986,_17580_,1.4,0.76
cluster_12987,_17579_,1.4,0.57
cluster_12988,_17578_,1.4,0.57
cluster_12989,_17577_,1.4,0.76
cluster_12990,_17576_,1.4,0.76
cluster_12991,_17575_,1.4,0.95
cluster_12992,_17574_,1.4,1.14
cluster_12993,_17573_,1.4,0.76
cluster_12994,_17180_,1.4,1.33
cluster_12995,_17209_,1.4,1.33
cluster_12996,_17181_,1.4,0.95
cluster_12997,_17183_,1.4,1.71
cluster_12998,_17199_,1.4,0.76
cluster_12999,_17542_,1.4,1.14
cluster_13000,_17541_,1.4,0.76
cluster_13001,_17540_,1.4,0.76
cluster_13002,_17539_,1.4,0.76
cluster_13003,_17538_,1.4,0.76
cluster_13004,_17537_,1.4,0.76
cluster_13005,_17536_,1.4,0.57
cluster_13006,_17200_,1.4,0.95
cluster_13007,_17202_,1.4,1.33
cluster_13008,_17198_,1.4,0.95
cluster_13009,_17203_,1.4,2.47
cluster_13010,_17205_,1.4,1.33
cluster_13011,_17535_,1.4,0.95
cluster_13012,_17206_,1.4,1.33
cluster_13013,_17534_,1.4,1.14
cluster_13014,_17533_,1.4,0.95
cluster_13015,_17532_,1.4,1.33
cluster_13016,_17207_,1.4,1.14
cluster_13017,_17208_,1.4,1.71
cluster_13018,_17531_,1.4,0.57
cluster_13019,_17530_,1.4,1.33
cluster_13020,_17204_,1.4,2.47
cluster_13021,_17197_,1.4,3.23
cluster_13022,_17196_,1.4,1.71
cluster_13023,_17543_,1.4,0.76
cluster_13024,_17184_,1.4,2.47
cluster_13025,_17185_,1.4,1.33
cluster_13026,_17189_,1.4,2.47
cluster_13027,_17190_,1.4,1.33
cluster_13028,_17191_,1.4,1.14
cluster_13029,_17192_,1.4,0.38
cluster_13030,_17193_,1.4,0.95
cluster_13031,_17194_,1.4,0.57
cluster_13032,_17195_,1.4,0.57
cluster_13033,_17557_,1.4,0.57
cluster_13034,_17556_,1.4,1.33
cluster_13035,_17555_,1.4,0.76
cluster_13036,_17554_,1.4,0.76
cluster_13037,_17553_,1.4,0.76
cluster_13038,_17552_,1.4,0.57
cluster_13039,_17551_,1.4,1.14
cluster_13040,_17550_,1.4,0.76
cluster_13041,_17549_,1.4,0.76
cluster_13042,_17548_,1.4,0.95
cluster_13043,_17547_,1.4,0.76
cluster_13044,_17546_,1.4,0.76
cluster_13045,_17545_,1.4,1.14
cluster_13046,_17544_,1.4,0.57
cluster_13047,_17182_,1.4,1.33
cluster_13048,_17271_,1.4,1.71
cluster_13049,_17272_,1.4,0.38
cluster_13050,_17273_,1.4,1.33
cluster_13051,_17381_,1.4,0.95
cluster_13052,_17382_,1.4,1.33
cluster_13053,_17383_,1.4,1.33
cluster_13054,_17384_,1.4,0.95
cluster_13055,_17385_,1.4,0.76
cluster_13056,_17386_,1.4,1.14
cluster_13057,_17387_,1.4,1.33
cluster_13058,_17388_,1.4,0.57
cluster_13059,_17389_,1.4,0.76
cluster_13060,_17390_,1.4,0.76
cluster_13061,_17380_,1.4,1.33
cluster_13062,_17391_,1.4,1.33
cluster_13063,_17393_,1.4,0.76
cluster_13064,_17394_,1.4,1.14
cluster_13065,_17395_,1.4,1.33
cluster_13066,_17396_,1.4,0.76
cluster_13067,_17397_,1.4,1.33
cluster_13068,_17457_,1.4,0.76
cluster_13069,_17398_,1.4,0.76
cluster_13070,_17399_,1.4,0.57
cluster_13071,_17400_,1.4,0.95
cluster_13072,_17401_,1.4,0.76
cluster_13073,_17392_,1.4,1.33
cluster_13074,_17379_,1.4,1.33
cluster_13075,_17378_,1.4,0.76
cluster_13076,_17377_,1.4,0.76
cluster_13077,_17356_,1.4,0.76
cluster_13078,_17357_,1.4,1.14
cluster_13079,_17358_,1.4,0.76
cluster_13080,_17359_,1.4,1.14
cluster_13081,_17459_,1.4,0.95
cluster_13082,_17360_,1.4,1.71
cluster_13083,_17361_,1.4,1.14
cluster_13084,_17362_,1.4,1.33
cluster_13085,_17363_,1.4,1.33
cluster_13086,_17364_,1.4,0.76
cluster_13087,_17365_,1.4,0.76
cluster_13088,_17366_,1.4,0.76
cluster_13089,_17367_,1.4,0.95
cluster_13090,_17368_,1.4,0.76
cluster_13091,_17369_,1.4,0.76
cluster_13092,_17370_,1.4,1.33
cluster_13093,_17371_,1.4,2.47
cluster_13094,_17372_,1.4,0.95
cluster_13095,_17373_,1.4,0.76
cluster_13096,_17458_,1.4,0.57
cluster_13097,_17374_,1.4,0.76
cluster_13098,_17375_,1.4,0.76
cluster_13099,_17376_,1.4,0.76
cluster_13100,_17402_,1.4,0.76
cluster_13101,_17355_,1.4,0.76
cluster_13102,_17403_,1.4,0.76
cluster_13103,_17405_,1.4,0.76
cluster_13104,_17420_,1.4,0.57
cluster_13105,_17421_,1.4,1.33
cluster_13106,_17422_,1.4,0.76
cluster_13107,_17423_,1.4,1.33
cluster_13108,_17424_,1.4,1.33
cluster_13109,_17425_,1.4,0.76
cluster_13110,_17426_,1.4,1.33
cluster_13111,_17427_,1.4,1.71
cluster_13112,_17428_,1.4,0.76
cluster_13113,_17429_,1.4,0.76
cluster_13114,_17419_,1.4,1.33
cluster_13115,_17430_,1.4,0.76
cluster_13116,_17432_,1.4,1.33
cluster_13117,_17433_,1.4,0.57
cluster_13118,_17434_,1.4,0.57
cluster_13119,_17435_,1.4,0.76
cluster_13120,_17436_,1.4,0.76
cluster_13121,_17437_,1.4,0.57
cluster_13122,_17438_,1.4,1.33
cluster_13123,_17439_,1.4,0.76
cluster_13124,_17440_,1.4,0.76
cluster_13125,_17441_,1.4,0.57
cluster_13126,_17431_,1.4,0.76
cluster_13127,_17418_,1.4,0.95
cluster_13128,_17417_,1.4,0.76
cluster_13129,_17416_,1.4,0.76
cluster_13130,_17456_,1.4,0.76
cluster_13131,_17406_,1.4,0.76
cluster_13132,_17455_,1.4,0.76
cluster_13133,_17407_,1.4,0.76
cluster_13134,_17408_,1.4,0.76
cluster_13135,_17454_,1.4,0.76
cluster_13136,_17453_,1.4,1.33
cluster_13137,_17452_,1.4,0.76
cluster_13138,_17451_,1.4,1.33
cluster_13139,_17409_,1.4,0.76
cluster_13140,_17450_,1.4,1.33
cluster_13141,_17410_,1.4,0.76
cluster_13142,_17449_,1.4,0.76
cluster_13143,_17448_,1.4,1.33
cluster_13144,_17447_,1.4,0.76
cluster_13145,_17446_,1.4,0.95
cluster_13146,_17445_,1.4,0.95
cluster_13147,_17411_,1.4,0.57
cluster_13148,_17444_,1.4,1.33
cluster_13149,_17412_,1.4,1.33
cluster_13150,_17413_,1.4,0.76
cluster_13151,_17414_,1.4,0.57
cluster_13152,_17415_,1.4,0.57
cluster_13153,_17404_,1.4,0.76
cluster_13154,_17354_,1.4,0.76
cluster_13155,_17353_,1.4,0.76
cluster_13156,_17352_,1.4,1.33
cluster_13157,_17292_,1.4,0.76
cluster_13158,_17293_,1.4,0.76
cluster_13159,_17294_,1.4,0.57
cluster_13160,_17295_,1.4,1.33
cluster_13161,_17296_,1.4,0.76
cluster_13162,_17297_,1.4,0.95
cluster_13163,_17298_,1.4,0.76
cluster_13164,_17299_,1.4,0.76
cluster_13165,_17300_,1.4,0.76
cluster_13166,_17301_,1.4,0.76
cluster_13167,_17476_,1.4,0.95
cluster_13168,_17302_,1.4,1.33
cluster_13169,_17304_,1.4,1.33
cluster_13170,_17305_,1.4,1.33
cluster_13171,_17306_,1.4,1.71
cluster_13172,_17307_,1.4,0.95
cluster_13173,_17475_,1.4,0.38
cluster_13174,_17308_,1.4,0.57
cluster_13175,_17309_,1.4,0.76
cluster_13176,_17310_,1.4,0.76
cluster_13177,_17311_,1.4,0.76
cluster_13178,_17312_,1.4,0.76
cluster_13179,_17303_,1.4,1.33
cluster_13180,_17477_,1.4,1.14
cluster_13181,_17478_,1.4,0.76
cluster_13182,_17291_,1.4,0.76
cluster_13183,_17274_,1.4,0.76
cluster_13184,_17275_,1.4,1.14
cluster_13185,_17276_,1.4,1.33
cluster_13186,_17277_,1.4,1.33
cluster_13187,_17278_,1.4,2.47
cluster_13188,_17279_,1.4,1.33
cluster_13189,_17280_,1.4,0.76
cluster_13190,_17281_,1.4,1.33
cluster_13191,_17282_,1.4,0.76
cluster_13192,_17283_,1.4,0.76
cluster_13193,_17484_,1.4,0.57
cluster_13194,_17483_,1.4,0.76
cluster_13195,_17482_,1.4,1.14
cluster_13196,_17284_,1.4,0.76
cluster_13197,_17285_,1.4,1.33
cluster_13198,_17481_,1.4,0.76
cluster_13199,_17480_,1.4,0.76
cluster_13200,_17479_,1.4,0.57
cluster_13201,_17286_,1.4,0.76
cluster_13202,_17287_,1.4,0.76
cluster_13203,_17288_,1.4,0.76
cluster_13204,_17289_,1.4,0.76
cluster_13205,_17290_,1.4,1.71
cluster_13206,_17313_,1.4,0.76
cluster_13207,_17314_,1.4,0.76
cluster_13208,_17315_,1.4,0.76
cluster_13209,_17316_,1.4,3.42
cluster_13210,_17462_,1.4,1.14
cluster_13211,_17461_,1.4,0.57
cluster_13212,_17332_,1.4,1.14
cluster_13213,_17333_,1.4,0.76
cluster_13214,_17334_,1.4,1.14
cluster_13215,_17335_,1.4,1.33
cluster_13216,_17336_,1.4,1.71
cluster_13217,_17337_,1.4,0.57
cluster_13218,_17338_,1.4,1.33
cluster_13219,_17460_,1.4,0.76
cluster_13220,_17339_,1.4,1.33
cluster_13221,_17340_,1.4,1.33
cluster_13222,_17341_,1.4,1.33
cluster_13223,_17342_,1.4,0.76
cluster_13224,_17343_,1.4,0.76
cluster_13225,_17344_,1.4,0.76
cluster_13226,_17345_,1.4,1.71
cluster_13227,_17346_,1.4,0.76
cluster_13228,_17347_,1.4,1.14
cluster_13229,_17348_,1.4,1.33
cluster_13230,_17349_,1.4,1.33
cluster_13231,_17350_,1.4,1.33
cluster_13232,_17351_,1.4,0.76
cluster_13233,_17463_,1.4,0.76
cluster_13234,_17442_,1.4,1.14
cluster_13235,_17331_,1.4,0.76
cluster_13236,_17329_,1.4,1.33
cluster_13237,_17317_,1.4,0.76
cluster_13238,_17318_,1.4,0.76
cluster_13239,_17319_,1.4,0.76
cluster_13240,_17320_,1.4,1.33
cluster_13241,_17321_,1.4,1.33
cluster_13242,_17322_,1.4,1.71
cluster_13243,_17323_,1.4,1.33
cluster_13244,_17324_,1.4,1.14
cluster_13245,_17474_,1.4,0.76
cluster_13246,_17325_,1.4,1.33
cluster_13247,_17473_,1.4,0.76
cluster_13248,_17326_,1.4,0.76
cluster_13249,_17472_,1.4,1.14
cluster_13250,_17471_,1.4,0.76
cluster_13251,_17470_,1.4,0.76
cluster_13252,_17469_,1.4,0.95
cluster_13253,_17468_,1.4,0.76
cluster_13254,_17467_,1.4,1.14
cluster_13255,_17466_,1.4,1.33
cluster_13256,_17327_,1.4,1.33
cluster_13257,_17328_,1.4,0.76
cluster_13258,_17465_,1.4,0.57
cluster_13259,_17464_,1.4,0.76
cluster_13260,_17330_,1.4,0.76
cluster_13261,_17595_,1.4,0.76
cluster_13262,_17443_,1.4,1.33
cluster_13263,_17602_,1.4,1.71
cluster_13264,_17629_,1.4,0.57
cluster_13265,_17630_,1.4,1.33
cluster_13266,_17631_,1.4,1.33
cluster_13267,_17632_,1.4,0.76
cluster_13268,_17634_,1.4,0.76
cluster_13269,_17635_,1.4,0.76
cluster_13270,_17636_,1.4,1.14
cluster_13271,_17637_,1.4,0.76
cluster_13272,_17638_,1.4,0.76
cluster_13273,_17639_,1.4,1.14
cluster_13274,_17640_,1.4,1.33
cluster_13275,_17641_,1.4,0.76
cluster_13276,_17642_,1.4,0.57
cluster_13277,_17628_,1.4,0.76
cluster_13278,_17643_,1.4,0.76
cluster_13279,_17645_,1.4,1.33
cluster_13280,_17646_,1.4,1.33
cluster_13281,_17647_,1.4,0.76
cluster_13282,_17648_,1.4,0.76
cluster_13283,_17649_,1.4,0.57
cluster_13284,_17650_,1.4,0.76
cluster_13285,_17651_,1.4,1.14
cluster_13286,_17652_,1.4,0.76
cluster_13287,_17653_,1.4,1.33
cluster_13288,_17654_,1.4,1.14
cluster_13289,_17655_,1.4,0.76
cluster_13290,_17656_,1.4,0.76
cluster_13291,_17657_,1.4,0.76
cluster_13292,_17644_,1.4,1.14
cluster_13293,_17658_,1.4,0.76
cluster_13294,_17627_,1.4,1.14
cluster_13295,_17625_,1.4,1.14
cluster_13296,_17596_,1.4,0.76
cluster_13297,_17597_,1.4,1.71
cluster_13298,_17598_,1.4,0.76
cluster_13299,_17599_,1.4,0.76
cluster_13300,_17600_,1.4,0.76
cluster_13301,_17601_,1.4,1.33
cluster_13302,_17603_,1.4,0.76
cluster_13303,_17604_,1.4,0.76
cluster_13304,_17605_,1.4,0.95
cluster_13305,_17606_,1.4,1.14
cluster_13306,_17607_,1.4,0.76
cluster_13307,_17608_,1.4,0.76
cluster_13308,_17609_,1.4,0.76
cluster_13309,_17626_,1.4,0.57
cluster_13310,_17610_,1.4,0.76
cluster_13311,_17612_,1.4,0.76
cluster_13312,_17613_,1.4,0.76
cluster_13313,_17614_,1.4,1.71
cluster_13314,_17615_,1.4,0.57
cluster_13315,_17616_,1.4,1.14
cluster_13316,_17617_,1.4,0.57
cluster_13317,_17618_,1.4,0.76
cluster_13318,_17619_,1.4,0.76
cluster_13319,_17620_,1.4,0.76
cluster_13320,_17621_,1.4,0.76
cluster_13321,_17622_,1.4,1.33
cluster_13322,_17623_,1.4,1.14
cluster_13323,_17624_,1.4,0.76
cluster_13324,_17611_,1.4,0.76
cluster_13325,_17659_,1.4,0.57
cluster_13326,_17633_,1.4,0.57
cluster_13327,_17661_,1.4,2.09
cluster_13328,_17688_,1.4,0.76
cluster_13329,_17689_,1.4,0.76
cluster_13330,_17690_,1.4,0.76
cluster_13331,_17691_,1.4,0.76
cluster_13332,_17692_,1.4,0.76
cluster_13333,_17693_,1.4,0.76
cluster_13334,_17694_,1.4,0.57
cluster_13335,_17695_,1.4,0.76
cluster_13336,_17697_,1.4,0.76
cluster_13337,_17698_,1.4,1.14
cluster_13338,_17699_,1.4,0.76
cluster_13339,_17700_,1.4,0.76
cluster_13340,_17701_,1.4,1.14
cluster_13341,_17702_,1.4,0.76
cluster_13342,_17703_,1.4,0.57
cluster_13343,_17704_,1.4,0.57
cluster_13344,_17705_,1.4,0.57
cluster_13345,_17706_,1.4,0.95
cluster_13346,_17707_,1.4,0.76
cluster_13347,_17708_,1.4,0.76
cluster_13348,_17709_,1.4,0.76
cluster_13349,_17710_,1.4,1.33
cluster_13350,_17711_,1.4,1.71
cluster_13351,_17660_,1.4,0.95
cluster_13352,split1,1.4,0.76
cluster_13353,clone29,1.4,0.76
cluster_13354,clone49,1.4,1.33
cluster_13355,_17687_,1.4,0.57
cluster_13356,_17686_,1.4,0.76
cluster_13357,_17696_,1.4,1.33
cluster_13358,_17684_,1.4,0.57
cluster_13359,_17662_,1.4,0.76
cluster_13360,_17663_,1.4,0.76
cluster_13361,_17664_,1.4,0.57
cluster_13362,_17685_,1.4,0.76
cluster_13363,_17666_,1.4,0.76
cluster_13364,_17667_,1.4,0.57
cluster_13365,_17668_,1.4,0.76
cluster_13366,_17669_,1.4,0.95
cluster_13367,_17670_,1.4,0.76
cluster_13368,_17671_,1.4,1.14
cluster_13369,_17672_,1.4,0.76
cluster_13370,_17673_,1.4,0.76
cluster_13371,_17674_,1.4,0.95
cluster_13372,_17665_,1.4,1.33
cluster_13373,_17675_,1.4,0.76
cluster_13374,_17676_,1.4,0.76
cluster_13375,_17677_,1.4,0.76
cluster_13376,_17678_,1.4,1.14
cluster_13377,_17679_,1.4,1.33
cluster_13378,_17680_,1.4,0.76
cluster_13379,_17681_,1.4,0.76
cluster_13380,_17682_,1.4,0.76
cluster_13381,_17683_,1.4,1.33
cluster_13382,_16468_,1.4,0.76
cluster_13383,_16483_,1.4,1.14
cluster_13384,_16484_,1.4,0.95
cluster_13385,_16485_,1.4,0.38
cluster_13386,_16486_,1.4,1.14
cluster_13387,_16487_,1.4,0.76
cluster_13388,_16490_,1.4,1.33
cluster_13389,_16489_,1.4,1.33
cluster_13390,_16482_,1.4,0.57
cluster_13391,_16491_,1.4,0.76
cluster_13392,_16492_,1.4,0.95
cluster_13393,_16493_,1.4,0.76
cluster_13394,_16488_,1.4,0.76
cluster_13395,_16481_,1.4,1.14
cluster_13396,_16476_,1.4,0.95
cluster_13397,_16479_,1.4,1.33
cluster_13398,_16478_,1.4,0.76
cluster_13399,_16477_,1.4,0.57
cluster_13400,_16469_,1.4,0.76
cluster_13401,_16475_,1.4,0.76
cluster_13402,_16472_,1.4,0.76
cluster_13403,_16474_,1.4,0.95
cluster_13404,_16473_,1.4,1.14
cluster_13405,_16471_,1.4,0.76
cluster_13406,_16494_,1.4,0.76
cluster_13407,_16470_,1.4,0.76
cluster_13408,_16467_,1.4,0.57
cluster_13409,_16480_,1.4,0.57
cluster_13410,_16495_,1.4,1.33
cluster_13411,_16517_,1.4,1.33
cluster_13412,_16497_,1.4,0.76
cluster_13413,_16519_,1.4,1.33
cluster_13414,_16520_,1.4,0.76
cluster_13415,_16521_,1.4,0.76
cluster_13416,_16522_,1.4,1.33
cluster_13417,_16466_,1.4,0.95
cluster_13418,_16518_,1.4,1.33
cluster_13419,_16523_,1.4,1.33
cluster_13420,_16524_,1.4,1.14
cluster_13421,_16525_,1.4,0.57
cluster_13422,_16516_,1.4,0.57
cluster_13423,_16515_,1.4,0.76
cluster_13424,_16514_,1.4,1.33
cluster_13425,_16513_,1.4,1.33
cluster_13426,_16496_,1.4,0.76
cluster_13427,_16512_,1.4,1.33
cluster_13428,_16510_,1.4,1.14
cluster_13429,_16509_,1.4,0.76
cluster_13430,_16508_,1.4,0.57
cluster_13431,_16507_,1.4,1.14
cluster_13432,_16506_,1.4,0.76
cluster_13433,_16505_,1.4,0.57
cluster_13434,_16504_,1.4,1.14
cluster_13435,_16503_,1.4,0.76
cluster_13436,_16502_,1.4,1.14
cluster_13437,_16501_,1.4,0.76
cluster_13438,_16500_,1.4,0.76
cluster_13439,_16499_,1.4,0.95
cluster_13440,_16498_,1.4,0.76
cluster_13441,_16511_,1.4,0.76
cluster_13442,_16465_,1.4,1.33
cluster_13443,_16335_,1.4,0.95
cluster_13444,_16463_,1.4,1.33
cluster_13445,_16436_,1.4,0.57
cluster_13446,_15400_,1.4,1.71
cluster_13447,_16435_,1.4,0.57
cluster_13448,_16434_,1.4,0.76
cluster_13449,_15398_,1.4,1.33
cluster_13450,_29563_,1.4,1.9
cluster_13451,_15397_,1.4,0.95
cluster_13452,_16433_,1.4,0.57
cluster_13453,_15396_,1.4,2.47
cluster_13454,_15395_,1.4,0.57
cluster_13455,_15386_,1.4,2.47
cluster_13456,_16432_,1.4,1.33
cluster_13457,_15384_,1.4,1.71
cluster_13458,_16437_,1.4,1.14
cluster_13459,_15383_,1.4,1.71
cluster_13460,_16431_,1.4,1.14
cluster_13461,_29562_,1.4,1.9
cluster_13462,_16430_,1.4,1.14
cluster_13463,_15381_,1.4,1.14
cluster_13464,_16526_,1.4,0.76
cluster_13465,_16429_,1.4,0.76
cluster_13466,_16428_,1.4,0.76
cluster_13467,_15380_,1.4,1.14
cluster_13468,_16336_,1.4,1.33
cluster_13469,u0.u0.d[3]$_DFF_P_,1.4,3.23
cluster_13470,u0.u0.d[2]$_DFF_P_,1.4,3.23
cluster_13471,u0.u0.d[1]$_DFF_P_,1.4,3.23
cluster_13472,_15377_,1.4,0.57
cluster_13473,_15382_,1.4,1.71
cluster_13474,_16464_,1.4,1.33
cluster_13475,_16438_,1.4,0.95
cluster_13476,_16440_,1.4,0.95
cluster_13477,_16462_,1.4,1.33
cluster_13478,_16461_,1.4,1.33
cluster_13479,_16460_,1.4,1.33
cluster_13480,_16459_,1.4,1.33
cluster_13481,_16458_,1.4,1.33
cluster_13482,_16457_,1.4,1.14
cluster_13483,_16456_,1.4,0.76
cluster_13484,_16455_,1.4,0.95
cluster_13485,_16454_,1.4,0.95
cluster_13486,_16453_,1.4,0.95
cluster_13487,_16452_,1.4,0.57
cluster_13488,_16451_,1.4,0.95
cluster_13489,_16450_,1.4,0.76
cluster_13490,_16439_,1.4,0.57
cluster_13491,_16449_,1.4,0.76
cluster_13492,_16447_,1.4,0.57
cluster_13493,_16446_,1.4,1.33
cluster_13494,_16445_,1.4,1.71
cluster_13495,_16444_,1.4,1.33
cluster_13496,_16443_,1.4,0.76
cluster_13497,_15414_,1.4,1.33
cluster_13498,_16442_,1.4,1.33
cluster_13499,_15413_,1.4,1.33
cluster_13500,_15412_,1.4,1.33
cluster_13501,_15411_,1.4,2.47
cluster_13502,_15410_,1.4,0.95
cluster_13503,_15409_,1.4,2.47
cluster_13504,_16441_,1.4,1.33
cluster_13505,_16448_,1.4,0.76
cluster_13506,_16527_,1.4,1.33
cluster_13507,_16580_,1.4,0.38
cluster_13508,_16529_,1.4,1.33
cluster_13509,input44,1.4,0.57
cluster_13510,input42,1.4,0.76
cluster_13511,input41,1.4,0.76
cluster_13512,_16606_,1.4,0.57
cluster_13513,_16605_,1.4,0.57
cluster_13514,_16604_,1.4,0.95
cluster_13515,_16603_,1.4,1.33
cluster_13516,_16602_,1.4,0.95
cluster_13517,_16601_,1.4,0.76
cluster_13518,_16600_,1.4,0.57
cluster_13519,_16599_,1.4,0.76
cluster_13520,input39,1.4,0.76
cluster_13521,_16598_,1.4,0.57
cluster_13522,_16597_,1.4,0.76
cluster_13523,_16596_,1.4,1.14
cluster_13524,_16595_,1.4,1.52
cluster_13525,_16594_,1.4,0.38
cluster_13526,_16593_,1.4,0.95
cluster_13527,_16592_,1.4,0.76
cluster_13528,_16591_,1.4,0.76
cluster_13529,_16590_,1.4,0.76
cluster_13530,_16589_,1.4,0.57
cluster_13531,_16588_,1.4,1.14
cluster_13532,_16587_,1.4,0.76
cluster_13533,_16586_,1.4,0.57
cluster_13534,_16585_,1.4,1.33
cluster_13535,_16584_,1.4,0.95
cluster_13536,_16607_,1.4,0.76
cluster_13537,_16608_,1.4,0.95
cluster_13538,_16609_,1.4,0.57
cluster_13539,_16610_,1.4,0.95
cluster_13540,clone43,1.4,0.57
cluster_13541,clone65,1.4,0.57
cluster_13542,clone51,1.4,0.76
cluster_13543,_15445_,1.4,1.33
cluster_13544,_15444_,1.4,1.33
cluster_13545,_15443_,1.4,2.47
cluster_13546,_15442_,1.4,1.71
cluster_13547,clone66,1.4,1.33
cluster_13548,_16630_,1.4,1.33
cluster_13549,_16629_,1.4,1.14
cluster_13550,_16628_,1.4,1.33
cluster_13551,_16627_,1.4,1.14
cluster_13552,_16626_,1.4,0.95
cluster_13553,_16583_,1.4,1.33
cluster_13554,_16625_,1.4,0.57
cluster_13555,_16623_,1.4,1.33
cluster_13556,_16622_,1.4,1.33
cluster_13557,_16621_,1.4,1.33
cluster_13558,_16620_,1.4,0.76
cluster_13559,_16619_,1.4,1.14
cluster_13560,_16618_,1.4,0.76
cluster_13561,_16617_,1.4,1.33
cluster_13562,_16616_,1.4,0.76
cluster_13563,_16615_,1.4,0.76
cluster_13564,_16614_,1.4,1.14
cluster_13565,_16613_,1.4,0.57
cluster_13566,_16612_,1.4,1.14
cluster_13567,_16611_,1.4,1.14
cluster_13568,_16624_,1.4,1.33
cluster_13569,_16528_,1.4,1.14
cluster_13570,input37,1.4,0.76
cluster_13571,_16582_,1.4,0.95
cluster_13572,_16549_,1.4,1.33
cluster_13573,_16548_,1.4,1.33
cluster_13574,_16547_,1.4,1.33
cluster_13575,_16546_,1.4,0.76
cluster_13576,_16545_,1.4,1.14
cluster_13577,_16544_,1.4,0.38
cluster_13578,_15722_,1.4,0.57
cluster_13579,_15723_,1.4,1.33
cluster_13580,_15724_,1.4,1.33
cluster_13581,_15733_,1.4,0.57
cluster_13582,_15734_,1.4,1.33
cluster_13583,_15735_,1.4,0.95
cluster_13584,_15736_,1.4,1.33
cluster_13585,_16543_,1.4,0.76
cluster_13586,_16542_,1.4,0.76
cluster_13587,_16541_,1.4,0.76
cluster_13588,_16540_,1.4,1.14
cluster_13589,_16539_,1.4,1.33
cluster_13590,_16538_,1.4,1.14
cluster_13591,_16537_,1.4,1.33
cluster_13592,_16536_,1.4,0.76
cluster_13593,_16535_,1.4,0.76
cluster_13594,_16534_,1.4,0.95
cluster_13595,_16533_,1.4,1.14
cluster_13596,_16532_,1.4,1.33
cluster_13597,_16531_,1.4,0.95
cluster_13598,_16530_,1.4,1.14
cluster_13599,_16550_,1.4,1.33
cluster_13600,_16551_,1.4,1.33
cluster_13601,_16552_,1.4,1.33
cluster_13602,_16553_,1.4,1.33
cluster_13603,_16581_,1.4,1.33
cluster_13604,_29560_,1.4,1.9
cluster_13605,_16579_,1.4,0.76
cluster_13606,_16578_,1.4,0.76
cluster_13607,_16577_,1.4,0.57
cluster_13608,_16576_,1.4,0.76
cluster_13609,_16575_,1.4,1.33
cluster_13610,_16574_,1.4,1.33
cluster_13611,_16573_,1.4,1.14
cluster_13612,_16572_,1.4,0.57
cluster_13613,_16571_,1.4,0.57
cluster_13614,_16570_,1.4,1.14
cluster_13615,_16569_,1.4,1.14
cluster_13616,input36,1.4,0.57
cluster_13617,_16568_,1.4,0.76
cluster_13618,_16566_,1.4,0.57
cluster_13619,_16565_,1.4,0.76
cluster_13620,_16564_,1.4,1.71
cluster_13621,_16563_,1.4,0.76
cluster_13622,_16562_,1.4,0.76
cluster_13623,_16561_,1.4,0.76
cluster_13624,_16560_,1.4,0.57
cluster_13625,_16559_,1.4,1.33
cluster_13626,_16558_,1.4,1.33
cluster_13627,_16557_,1.4,1.33
cluster_13628,_16556_,1.4,0.95
cluster_13629,_16555_,1.4,1.33
cluster_13630,_16554_,1.4,1.33
cluster_13631,_16567_,1.4,0.76
cluster_13632,_15376_,1.4,0.76
cluster_13633,_29561_,1.4,1.9
cluster_13634,_16152_,1.4,1.33
cluster_13635,_16215_,1.4,1.33
cluster_13636,_16214_,1.4,1.71
cluster_13637,_16213_,1.4,1.33
cluster_13638,_16212_,1.4,1.33
cluster_13639,_16211_,1.4,0.57
cluster_13640,_16210_,1.4,0.76
cluster_13641,_16209_,1.4,0.95
cluster_13642,_16208_,1.4,0.57
cluster_13643,_16207_,1.4,1.71
cluster_13644,_16206_,1.4,0.57
cluster_13645,_16205_,1.4,0.76
cluster_13646,_16204_,1.4,0.76
cluster_13647,_16203_,1.4,0.57
cluster_13648,_16202_,1.4,0.38
cluster_13649,_16201_,1.4,0.95
cluster_13650,_16200_,1.4,1.33
cluster_13651,_16199_,1.4,1.33
cluster_13652,_16198_,1.4,0.57
cluster_13653,_16197_,1.4,1.71
cluster_13654,_16216_,1.4,0.57
cluster_13655,_16217_,1.4,0.95
cluster_13656,_16218_,1.4,0.57
cluster_13657,_16219_,1.4,1.33
cluster_13658,_16239_,1.4,1.33
cluster_13659,_16238_,1.4,1.33
cluster_13660,_16237_,1.4,0.76
cluster_13661,_16236_,1.4,0.95
cluster_13662,_16235_,1.4,0.76
cluster_13663,_16234_,1.4,1.33
cluster_13664,_16233_,1.4,1.33
cluster_13665,_16232_,1.4,1.33
cluster_13666,_16231_,1.4,0.95
cluster_13667,_16196_,1.4,1.33
cluster_13668,_16230_,1.4,1.14
cluster_13669,_16228_,1.4,0.76
cluster_13670,_16227_,1.4,0.95
cluster_13671,_16226_,1.4,0.76
cluster_13672,_16225_,1.4,0.76
cluster_13673,_16224_,1.4,0.57
cluster_13674,_16223_,1.4,1.33
cluster_13675,_16222_,1.4,0.57
cluster_13676,_16221_,1.4,1.33
cluster_13677,_16220_,1.4,1.14
cluster_13678,_16229_,1.4,0.95
cluster_13679,_16240_,1.4,1.33
cluster_13680,_16195_,1.4,1.33
cluster_13681,_16193_,1.4,0.76
cluster_13682,_16168_,1.4,0.57
cluster_13683,_16339_,1.4,1.33
cluster_13684,_16167_,1.4,0.95
cluster_13685,_16166_,1.4,1.33
cluster_13686,_16165_,1.4,0.95
cluster_13687,_16164_,1.4,1.33
cluster_13688,_16163_,1.4,2.47
cluster_13689,_16162_,1.4,1.33
cluster_13690,_16161_,1.4,0.76
cluster_13691,_16160_,1.4,0.95
cluster_13692,_16159_,1.4,0.76
cluster_13693,_16158_,1.4,0.57
cluster_13694,_16157_,1.4,1.33
cluster_13695,_16155_,1.4,0.57
cluster_13696,_16154_,1.4,0.38
cluster_13697,clone64,1.4,0.76
cluster_13698,_15375_,1.4,1.14
cluster_13699,_16151_,1.4,1.33
cluster_13700,_16150_,1.4,1.33
cluster_13701,_16338_,1.4,1.33
cluster_13702,_16337_,1.4,1.33
cluster_13703,_16171_,1.4,0.95
cluster_13704,_16172_,1.4,1.71
cluster_13705,_16192_,1.4,0.95
cluster_13706,_16191_,1.4,0.95
cluster_13707,_16190_,1.4,0.95
cluster_13708,_16189_,1.4,0.57
cluster_13709,_16188_,1.4,0.57
cluster_13710,_16187_,1.4,0.57
cluster_13711,_16186_,1.4,1.33
cluster_13712,_16185_,1.4,0.95
cluster_13713,_16184_,1.4,0.76
cluster_13714,_16194_,1.4,0.57
cluster_13715,_16183_,1.4,0.57
cluster_13716,_16181_,1.4,1.33
cluster_13717,_16180_,1.4,0.57
cluster_13718,_16179_,1.4,1.33
cluster_13719,_16178_,1.4,2.47
cluster_13720,_16177_,1.4,0.95
cluster_13721,_16176_,1.4,1.33
cluster_13722,_16175_,1.4,1.14
cluster_13723,_16174_,1.4,0.95
cluster_13724,_16173_,1.4,0.76
cluster_13725,_16182_,1.4,0.95
cluster_13726,_16241_,1.4,1.14
cluster_13727,_16242_,1.4,1.33
cluster_13728,_16243_,1.4,1.33
cluster_13729,_16310_,1.4,1.71
cluster_13730,_16309_,1.4,1.33
cluster_13731,_16308_,1.4,0.76
cluster_13732,_16307_,1.4,0.76
cluster_13733,_16306_,1.4,0.57
cluster_13734,_16305_,1.4,0.76
cluster_13735,_16304_,1.4,0.95
cluster_13736,_16303_,1.4,0.76
cluster_13737,_16302_,1.4,0.76
cluster_13738,_16301_,1.4,0.57
cluster_13739,_16300_,1.4,0.76
cluster_13740,_16299_,1.4,0.76
cluster_13741,_16298_,1.4,0.76
cluster_13742,_16297_,1.4,0.57
cluster_13743,_16296_,1.4,0.95
cluster_13744,_16295_,1.4,1.14
cluster_13745,_16294_,1.4,0.76
cluster_13746,_16293_,1.4,0.57
cluster_13747,_16292_,1.4,0.76
cluster_13748,_16311_,1.4,0.95
cluster_13749,_16312_,1.4,0.76
cluster_13750,_16313_,1.4,0.95
cluster_13751,_16314_,1.4,0.76
cluster_13752,_16334_,1.4,0.57
cluster_13753,_16333_,1.4,0.76
cluster_13754,_16332_,1.4,0.57
cluster_13755,_16331_,1.4,1.33
cluster_13756,_16330_,1.4,1.14
cluster_13757,_16329_,1.4,0.76
cluster_13758,_16328_,1.4,1.33
cluster_13759,_16327_,1.4,0.95
cluster_13760,_16326_,1.4,1.33
cluster_13761,_16291_,1.4,0.95
cluster_13762,_16325_,1.4,1.33
cluster_13763,_16323_,1.4,0.95
cluster_13764,_16322_,1.4,0.76
cluster_13765,_16321_,1.4,0.76
cluster_13766,_16320_,1.4,0.95
cluster_13767,_16319_,1.4,0.57
cluster_13768,_16318_,1.4,0.95
cluster_13769,_16317_,1.4,0.76
cluster_13770,_16316_,1.4,0.76
cluster_13771,_16315_,1.4,0.57
cluster_13772,_16324_,1.4,0.95
cluster_13773,_16290_,1.4,0.76
cluster_13774,_16289_,1.4,0.95
cluster_13775,_16288_,1.4,1.14
cluster_13776,_16263_,1.4,1.33
cluster_13777,_16262_,1.4,1.33
cluster_13778,_16261_,1.4,1.33
cluster_13779,_16260_,1.4,1.71
cluster_13780,_16259_,1.4,1.33
cluster_13781,_16258_,1.4,1.33
cluster_13782,_16257_,1.4,1.33
cluster_13783,_16256_,1.4,1.14
cluster_13784,_16255_,1.4,0.76
cluster_13785,_16264_,1.4,1.33
cluster_13786,_16254_,1.4,0.76
cluster_13787,_16252_,1.4,1.14
cluster_13788,_16251_,1.4,1.33
cluster_13789,_16250_,1.4,1.9
cluster_13790,_16249_,1.4,1.71
cluster_13791,_16248_,1.4,1.14
cluster_13792,_16247_,1.4,0.76
cluster_13793,_16246_,1.4,0.57
cluster_13794,_16245_,1.4,1.33
cluster_13795,_16244_,1.4,0.57
cluster_13796,_16253_,1.4,0.76
cluster_13797,_16149_,1.4,0.95
cluster_13798,_16265_,1.4,0.76
cluster_13799,_16267_,1.4,1.33
cluster_13800,_16287_,1.4,0.57
cluster_13801,_16286_,1.4,1.33
cluster_13802,_16285_,1.4,1.33
cluster_13803,_16284_,1.4,1.14
cluster_13804,_16283_,1.4,1.33
cluster_13805,_16282_,1.4,0.57
cluster_13806,_16281_,1.4,0.76
cluster_13807,_16280_,1.4,1.71
cluster_13808,_16279_,1.4,0.57
cluster_13809,_16266_,1.4,1.33
cluster_13810,_16278_,1.4,0.76
cluster_13811,_16276_,1.4,0.76
cluster_13812,_16275_,1.4,0.76
cluster_13813,_16274_,1.4,1.33
cluster_13814,_16273_,1.4,1.33
cluster_13815,_16272_,1.4,1.33
cluster_13816,_16271_,1.4,1.14
cluster_13817,_16270_,1.4,0.95
cluster_13818,_16269_,1.4,0.76
cluster_13819,_16268_,1.4,1.33
cluster_13820,_16277_,1.4,1.33
cluster_13821,_16148_,1.4,0.76
cluster_13822,_16169_,1.4,0.76
cluster_13823,_16146_,1.4,0.57
cluster_13824,_16395_,1.4,0.76
cluster_13825,_16396_,1.4,0.95
cluster_13826,_16397_,1.4,1.71
cluster_13827,_16398_,1.4,0.76
cluster_13828,_16399_,1.4,0.95
cluster_13829,_15343_,1.4,0.57
cluster_13830,_16400_,1.4,0.76
cluster_13831,_15346_,1.4,1.14
cluster_13832,_16394_,1.4,0.95
cluster_13833,_29552_,1.4,1.9
cluster_13834,_15348_,1.4,1.71
cluster_13835,_15349_,1.4,1.71
cluster_13836,_15350_,1.4,0.57
cluster_13837,_15351_,1.4,2.47
cluster_13838,_15352_,1.4,1.33
cluster_13839,_15353_,1.4,1.33
cluster_13840,_15354_,1.4,1.33
cluster_13841,_15355_,1.4,1.33
cluster_13842,_15347_,1.4,1.14
cluster_13843,_16393_,1.4,0.76
cluster_13844,_16392_,1.4,1.14
cluster_13845,_16391_,1.4,0.57
cluster_13846,_15339_,1.4,1.14
cluster_13847,_29551_,1.4,1.9
cluster_13848,_16375_,1.4,1.33
cluster_13849,_16376_,1.4,1.33
cluster_13850,_16377_,1.4,1.33
cluster_13851,_16147_,1.4,0.57
cluster_13852,_16379_,1.4,0.57
cluster_13853,_16380_,1.4,0.57
cluster_13854,_16381_,1.4,0.76
cluster_13855,_16382_,1.4,0.76
cluster_13856,_16383_,1.4,0.57
cluster_13857,_16384_,1.4,0.76
cluster_13858,_16385_,1.4,1.71
cluster_13859,_16386_,1.4,0.57
cluster_13860,_16387_,1.4,0.76
cluster_13861,_16388_,1.4,0.76
cluster_13862,_16389_,1.4,0.57
cluster_13863,_16390_,1.4,0.76
cluster_13864,_15340_,1.4,0.76
cluster_13865,_29553_,1.4,1.9
cluster_13866,_15356_,1.4,4.75
cluster_13867,_15357_,1.4,0.95
cluster_13868,_16401_,1.4,0.57
cluster_13869,_16418_,1.4,1.14
cluster_13870,_15368_,1.4,1.71
cluster_13871,_29556_,1.4,1.9
cluster_13872,_16419_,1.4,1.71
cluster_13873,_15369_,1.4,1.71
cluster_13874,_15370_,1.4,0.95
cluster_13875,_29557_,1.4,1.9
cluster_13876,_16420_,1.4,0.57
cluster_13877,_16421_,1.4,0.76
cluster_13878,_16422_,1.4,0.57
cluster_13879,_16423_,1.4,1.33
cluster_13880,_16424_,1.4,1.71
cluster_13881,_16425_,1.4,0.76
cluster_13882,_16426_,1.4,0.57
cluster_13883,_29558_,1.4,1.9
cluster_13884,_29559_,1.4,1.9
cluster_13885,_15371_,1.4,2.47
cluster_13886,_15372_,1.4,1.71
cluster_13887,_16427_,1.4,0.57
cluster_13888,_15367_,1.4,1.14
cluster_13889,_16374_,1.4,0.76
cluster_13890,_15366_,1.4,1.14
cluster_13891,_16417_,1.4,1.14
cluster_13892,_16402_,1.4,0.76
cluster_13893,_15360_,1.4,1.14
cluster_13894,_16403_,1.4,0.57
cluster_13895,_16404_,1.4,0.95
cluster_13896,_16405_,1.4,1.14
cluster_13897,_29554_,1.4,1.9
cluster_13898,_16406_,1.4,0.76
cluster_13899,_16407_,1.4,0.76
cluster_13900,_16408_,1.4,0.76
cluster_13901,_16409_,1.4,0.57
cluster_13902,_16410_,1.4,0.76
cluster_13903,_16411_,1.4,0.95
cluster_13904,_16412_,1.4,0.76
cluster_13905,_15361_,1.4,0.76
cluster_13906,_16413_,1.4,0.57
cluster_13907,_29555_,1.4,1.9
cluster_13908,_16414_,1.4,1.33
cluster_13909,_16415_,1.4,0.57
cluster_13910,_16416_,1.4,1.33
cluster_13911,_15363_,1.4,0.57
cluster_13912,_16373_,1.4,1.33
cluster_13913,_16378_,1.4,1.33
cluster_13914,_16371_,1.4,1.71
cluster_13915,_16131_,1.4,0.57
cluster_13916,_16132_,1.4,0.76
cluster_13917,_16372_,1.4,1.33
cluster_13918,_16133_,1.4,2.47
cluster_13919,_16134_,1.4,1.71
cluster_13920,_16135_,1.4,0.76
cluster_13921,_16136_,1.4,0.57
cluster_13922,_16137_,1.4,1.33
cluster_13923,_16138_,1.4,0.57
cluster_13924,_16139_,1.4,0.76
cluster_13925,_16140_,1.4,0.76
cluster_13926,_16141_,1.4,1.71
cluster_13927,_16342_,1.4,1.33
cluster_13928,_16343_,1.4,1.33
cluster_13929,_16344_,1.4,1.33
cluster_13930,_16341_,1.4,1.33
cluster_13931,_16340_,1.4,1.33
cluster_13932,_16130_,1.4,1.33
cluster_13933,_16129_,1.4,0.95
cluster_13934,_16127_,1.4,2.47
cluster_13935,_16126_,1.4,1.33
cluster_13936,_16125_,1.4,0.76
cluster_13937,_16124_,1.4,0.95
cluster_13938,_16123_,1.4,0.57
cluster_13939,clone42,1.4,0.95
cluster_13940,_16121_,1.4,1.33
cluster_13941,_16142_,1.4,1.71
cluster_13942,_16120_,1.4,1.33
cluster_13943,_16118_,1.4,2.47
cluster_13944,_16117_,1.4,2.47
cluster_13945,_16116_,1.4,1.33
cluster_13946,_16115_,1.4,1.33
cluster_13947,_16114_,1.4,2.47
cluster_13948,_16113_,1.4,1.33
cluster_13949,_16112_,1.4,0.76
cluster_13950,_16119_,1.4,0.57
cluster_13951,_16143_,1.4,1.33
cluster_13952,_16345_,1.4,1.33
cluster_13953,_16144_,1.4,1.33
cluster_13954,_16360_,1.4,0.76
cluster_13955,_16361_,1.4,1.71
cluster_13956,_16362_,1.4,1.33
cluster_13957,_16363_,1.4,1.14
cluster_13958,_16145_,1.4,1.33
cluster_13959,_16364_,1.4,1.33
cluster_13960,_16128_,1.4,2.47
cluster_13961,_16365_,1.4,0.76
cluster_13962,_15335_,1.4,1.71
cluster_13963,_16367_,1.4,0.57
cluster_13964,_16368_,1.4,1.14
cluster_13965,_29550_,1.4,1.9
cluster_13966,_16369_,1.4,0.76
cluster_13967,_16370_,1.4,1.33
cluster_13968,_16366_,1.4,1.33
cluster_13969,_16358_,1.4,0.76
cluster_13970,_16359_,1.4,0.76
cluster_13971,_16356_,1.4,1.33
cluster_13972,_16346_,1.4,0.95
cluster_13973,_16347_,1.4,1.33
cluster_13974,_16348_,1.4,1.33
cluster_13975,_16357_,1.4,0.57
cluster_13976,_16350_,1.4,0.76
cluster_13977,_16351_,1.4,0.57
cluster_13978,_16349_,1.4,1.33
cluster_13979,_16353_,1.4,0.57
cluster_13980,_16354_,1.4,1.14
cluster_13981,_16355_,1.4,1.33
cluster_13982,_16352_,1.4,0.76
cluster_13983,_29525_,1.4,0.76
cluster_13984,_29523_,1.4,0.76
cluster_13985,_29524_,1.4,1.33
cluster_13986,_29526_,1.4,1.33
cluster_13987,output345,1.4,0.57
cluster_13988,_29522_,1.4,0.76
cluster_13989,output341,1.4,0.57
cluster_13990,_29521_,1.4,0.57
cluster_13991,output340,1.4,0.57
cluster_13992,output288,1.4,0.57
cluster_13993,output338,1.4,0.57
cluster_13994,output380,1.4,0.57
cluster_13995,output286,1.4,0.57
cluster_13996,_29539_,1.4,0.57
cluster_13997,_29538_,1.4,0.76
cluster_13998,output378,1.4,0.57
cluster_13999,output285,1.4,0.57
cluster_14000,output377,1.4,0.57
cluster_14001,output376,1.4,0.57
cluster_14002,_29537_,1.4,0.76
cluster_14003,output282,1.4,0.57
cluster_14004,output283,1.4,0.57
cluster_14005,output284,1.4,0.57
cluster_14006,_29535_,1.4,0.76
cluster_14007,_29534_,1.4,0.76
cluster_14008,_29533_,1.4,0.57
cluster_14009,_29530_,1.4,0.76
cluster_14010,_29529_,1.4,0.76
cluster_14011,_29514_,1.4,1.14
cluster_14012,_29515_,1.4,0.76
cluster_14013,output374,1.4,0.57
cluster_14014,_29516_,1.4,0.38
cluster_14015,_29517_,1.4,1.14
cluster_14016,_29518_,1.4,0.57
cluster_14017,_29519_,1.4,0.76
cluster_14018,_29520_,1.4,1.71
cluster_14019,output339,1.4,0.57
cluster_14020,output343,1.4,0.57
cluster_14021,_29527_,1.4,0.76
cluster_14022,_29259_,1.4,1.14
cluster_14023,u0.r0.out[25]$_SDFF_PP0_,1.4,3.23
cluster_14024,u0.r0.out[24]$_SDFF_PP1_,1.4,3.23
cluster_14025,text_out[94]$_DFF_P_,1.4,3.23
cluster_14026,text_out[92]$_DFF_P_,1.4,3.23
cluster_14027,text_out[91]$_DFF_P_,1.4,3.23
cluster_14028,text_out[90]$_DFF_P_,1.4,3.23
cluster_14029,text_out[89]$_DFF_P_,1.4,3.23
cluster_14030,text_out[62]$_DFF_P_,1.4,3.23
cluster_14031,text_out[60]$_DFF_P_,1.4,3.23
cluster_14032,text_out[59]$_DFF_P_,1.4,3.23
cluster_14033,u0.r0.out[26]$_SDFF_PP0_,1.4,3.23
cluster_14034,text_out[58]$_DFF_P_,1.4,3.23
cluster_14035,text_out[56]$_DFF_P_,1.4,3.23
cluster_14036,text_out[126]$_DFF_P_,1.4,3.23
cluster_14037,text_out[124]$_DFF_P_,1.4,3.23
cluster_14038,_15938_,1.4,1.33
cluster_14039,text_out[123]$_DFF_P_,1.4,3.23
cluster_14040,text_out[122]$_DFF_P_,1.4,3.23
cluster_14041,text_out[121]$_DFF_P_,1.4,3.23
cluster_14042,text_out[120]$_DFF_P_,1.4,3.23
cluster_14043,_15943_,1.4,2.47
cluster_14044,_15944_,1.4,2.47
cluster_14045,text_out[57]$_DFF_P_,1.4,3.23
cluster_14046,_15945_,1.4,0.57
cluster_14047,u0.r0.out[27]$_SDFF_PP0_,1.4,3.23
cluster_14048,u0.r0.out[30]$_SDFF_PP0_,1.4,3.23
cluster_14049,u0.w[2][25]$_DFF_P_,1.4,3.23
cluster_14050,u0.w[2][24]$_DFF_P_,1.4,3.23
cluster_14051,u0.w[1][30]$_DFF_P_,1.4,3.23
cluster_14052,u0.w[1][28]$_DFF_P_,1.4,3.23
cluster_14053,_15869_,1.4,1.33
cluster_14054,u0.w[1][27]$_DFF_P_,1.4,3.23
cluster_14055,u0.w[1][26]$_DFF_P_,1.4,3.23
cluster_14056,u0.w[1][25]$_DFF_P_,1.4,3.23
cluster_14057,_29261_,1.4,1.14
cluster_14058,u0.w[0][30]$_DFF_P_,1.4,3.23
cluster_14059,u0.r0.out[28]$_SDFF_PP0_,1.4,3.23
cluster_14060,u0.w[0][28]$_DFF_P_,1.4,3.23
cluster_14061,u0.w[0][26]$_DFF_P_,1.4,3.23
cluster_14062,u0.w[0][25]$_DFF_P_,1.4,3.23
cluster_14063,u0.w[0][24]$_DFF_P_,1.4,3.23
cluster_14064,u0.u0.d[6]$_DFF_P_,1.4,3.23
cluster_14065,u0.u0.d[4]$_DFF_P_,1.4,3.23
cluster_14066,u0.u0.d[0]$_DFF_P_,1.4,3.23
cluster_14067,u0.r0.rcnt[3]$_SDFF_PP0_,1.4,3.23
cluster_14068,u0.r0.rcnt[2]$_SDFF_PP0_,1.4,3.23
cluster_14069,u0.r0.rcnt[1]$_SDFF_PP0_,1.4,3.23
cluster_14070,u0.r0.rcnt[0]$_SDFF_PP0_,1.4,3.23
cluster_14071,u0.w[0][27]$_DFF_P_,1.4,3.23
cluster_14072,u0.w[2][26]$_DFF_P_,1.4,3.23
cluster_14073,_15946_,1.4,1.9
cluster_14074,_15948_,1.4,0.76
cluster_14075,_16038_,1.4,1.33
cluster_14076,_16039_,1.4,1.14
cluster_14077,_16040_,1.4,1.33
cluster_14078,_16044_,1.4,1.14
cluster_14079,_16045_,1.4,1.33
cluster_14080,_16096_,1.4,0.57
cluster_14081,_16097_,1.4,0.76
cluster_14082,_16098_,1.4,0.57
cluster_14083,_16099_,1.4,0.76
cluster_14084,_16100_,1.4,0.57
cluster_14085,_16037_,1.4,1.14
cluster_14086,_16101_,1.4,0.76
cluster_14087,_16103_,1.4,0.76
cluster_14088,_16104_,1.4,0.57
cluster_14089,_16105_,1.4,0.76
cluster_14090,_16108_,1.4,0.57
cluster_14091,_16109_,1.4,0.76
cluster_14092,_29822_,1.4,1.9
cluster_14093,_29823_,1.4,1.9
cluster_14094,_29824_,1.4,1.9
cluster_14095,_29825_,1.4,1.9
cluster_14096,_29826_,1.4,1.9
cluster_14097,_16102_,1.4,0.57
cluster_14098,_15947_,1.4,1.14
cluster_14099,_16036_,1.4,1.33
cluster_14100,_16034_,1.4,1.33
cluster_14101,_15949_,1.4,2.47
cluster_14102,_15950_,1.4,0.57
cluster_14103,_15951_,1.4,1.9
cluster_14104,_15952_,1.4,1.14
cluster_14105,_15953_,1.4,0.76
cluster_14106,_15954_,1.4,0.57
cluster_14107,_15955_,1.4,1.9
cluster_14108,_15956_,1.4,1.14
cluster_14109,_15957_,1.4,0.76
cluster_14110,_15958_,1.4,0.57
cluster_14111,_16035_,1.4,1.14
cluster_14112,_15959_,1.4,1.9
cluster_14113,_15961_,1.4,0.76
cluster_14114,_15962_,1.4,0.57
cluster_14115,_15963_,1.4,1.9
cluster_14116,_15964_,1.4,1.14
cluster_14117,_15965_,1.4,0.76
cluster_14118,_15970_,1.4,1.9
cluster_14119,_15971_,1.4,1.14
cluster_14120,_15972_,1.4,1.33
cluster_14121,_16025_,1.4,1.33
cluster_14122,_16033_,1.4,1.14
cluster_14123,_15960_,1.4,1.14
cluster_14124,u0.w[2][27]$_DFF_P_,1.4,3.23
cluster_14125,_29528_,1.4,0.95
cluster_14126,u0.w[2][30]$_DFF_P_,1.4,3.23
cluster_14127,input79,1.4,0.57
cluster_14128,input51,1.4,0.76
cluster_14129,input30,1.4,0.76
cluster_14130,input28,1.4,0.76
cluster_14131,input27,1.4,0.76
cluster_14132,input26,1.4,0.76
cluster_14133,input25,1.4,0.76
cluster_14134,input24,1.4,0.76
cluster_14135,_15738_,1.4,1.33
cluster_14136,input80,1.4,0.57
cluster_14137,_15739_,1.4,1.9
cluster_14138,_15741_,1.4,0.57
cluster_14139,_15743_,1.4,1.14
cluster_14140,_15744_,1.4,1.33
cluster_14141,_15746_,1.4,1.9
cluster_14142,_15747_,1.4,1.14
cluster_14143,_15748_,1.4,1.71
cluster_14144,_15755_,1.4,1.33
cluster_14145,_15761_,1.4,1.14
cluster_14146,_15762_,1.4,0.76
cluster_14147,u0.w[2][28]$_DFF_P_,1.4,3.23
cluster_14148,input81,1.4,0.57
cluster_14149,input82,1.4,0.57
cluster_14150,input84,1.4,0.57
cluster_14151,_29258_,1.4,1.14
cluster_14152,_29257_,1.4,1.14
cluster_14153,_29256_,1.4,1.14
cluster_14154,_29255_,1.4,1.14
cluster_14155,_29253_,1.4,1.14
cluster_14156,_29251_,1.4,1.14
cluster_14157,_29250_,1.4,1.14
cluster_14158,_29249_,1.4,1.14
cluster_14159,_29248_,1.4,1.14
cluster_14160,_29245_,1.4,1.14
cluster_14161,_29243_,1.4,1.14
cluster_14162,_29242_,1.4,1.14
cluster_14163,_29241_,1.4,1.14
cluster_14164,_29240_,1.4,1.14
cluster_14165,_29239_,1.4,1.14
cluster_14166,input121,1.4,0.57
cluster_14167,input119,1.4,0.57
cluster_14168,input118,1.4,0.57
cluster_14169,input117,1.4,0.57
cluster_14170,input115,1.4,0.57
cluster_14171,input86,1.4,0.57
cluster_14172,_15763_,1.4,1.33
cluster_14173,_15764_,1.4,1.9
cluster_14174,_15740_,1.4,0.76
cluster_14175,_15772_,1.4,1.33
cluster_14176,_15802_,1.4,1.14
cluster_14177,_15810_,1.4,1.33
cluster_14178,_15811_,1.4,1.9
cluster_14179,_15812_,1.4,0.76
cluster_14180,_15820_,1.4,1.71
cluster_14181,_15815_,1.4,1.14
cluster_14182,_15816_,1.4,1.33
cluster_14183,_15847_,1.4,1.33
cluster_14184,_15846_,1.4,1.14
cluster_14185,_15817_,1.4,1.33
cluster_14186,_15844_,1.4,1.71
cluster_14187,_15818_,1.4,1.9
cluster_14188,_15765_,1.4,1.14
cluster_14189,_15819_,1.4,1.14
cluster_14190,_15843_,1.4,1.33
cluster_14191,_15848_,1.4,1.9
cluster_14192,_15849_,1.4,1.14
cluster_14193,_15813_,1.4,0.57
cluster_14194,_15801_,1.4,1.9
cluster_14195,_15852_,1.4,1.33
cluster_14196,_15850_,1.4,1.14
cluster_14197,_15851_,1.4,1.33
cluster_14198,_15778_,1.4,1.14
cluster_14199,_15779_,1.4,1.33
cluster_14200,_15780_,1.4,1.33
cluster_14201,_15842_,1.4,1.33
cluster_14202,_15782_,1.4,1.14
cluster_14203,_15792_,1.4,1.33
cluster_14204,_15798_,1.4,1.14
cluster_14205,_15799_,1.4,0.76
cluster_14206,_15781_,1.4,1.9
cluster_14207,_15800_,1.4,1.33
cluster_14208,input229,1.4,0.76
cluster_14209,ld_r$_DFF_P_,1.4,3.23
cluster_14210,input128,1.4,0.76
cluster_14211,input137,1.4,0.76
cluster_14212,input146,1.4,0.57
cluster_14213,input167,1.4,0.57
cluster_14214,input238,1.4,0.76
cluster_14215,u0.w[3][10]$_DFF_P_,1.4,3.23
cluster_14216,text_in_r[106]$_DFFE_PP_,1.4,3.23
cluster_14217,text_in_r[114]$_DFFE_PP_,1.4,3.23
cluster_14218,input203,1.4,0.76
cluster_14219,output296,1.4,0.57
cluster_14220,output332,1.4,0.57
cluster_14221,u0.w[1][10]$_DFF_P_,1.4,3.23
cluster_14222,u0.w[2][18]$_DFF_P_,1.4,3.23
cluster_14223,u0.w[2][10]$_DFF_P_,1.4,3.23
cluster_14224,text_in_r[18]$_DFFE_PP_,1.4,3.23
cluster_14225,output323,1.4,0.57
cluster_14226,text_out[106]$_DFF_P_,1.4,3.23
cluster_14227,output266,1.4,0.57
cluster_14228,text_out[74]$_DFF_P_,1.4,3.23
cluster_14229,text_out[82]$_DFF_P_,1.4,3.23
cluster_14230,text_out[50]$_DFF_P_,1.4,3.23
cluster_14231,output358,1.4,0.57
cluster_14232,text_out[42]$_DFF_P_,1.4,3.23
cluster_14233,output367,1.4,0.57
cluster_14234,text_out[18]$_DFF_P_,1.4,3.23
cluster_14235,input8,1.4,0.57
cluster_14236,input12,1.4,0.76
cluster_14237,input17,1.4,0.76
cluster_14238,input38,1.4,0.76
cluster_14239,input64,1.4,0.76
cluster_14240,u0.w[3][18]$_DFF_P_,1.4,3.23
cluster_14241,input73,1.4,0.76
cluster_14242,u0.u2.d[2]$_DFF_P_,1.4,3.23
cluster_14243,u0.w[0][10]$_DFF_P_,1.4,3.23
cluster_14244,u0.w[0][18]$_DFF_P_,1.4,3.23
cluster_14245,input99,1.4,0.76
cluster_14246,text_out[114]$_DFF_P_,1.4,3.23
cluster_14247,text_out[10]$_DFF_P_,1.4,3.23
cluster_14248,input108,1.4,0.76
cluster_14249,output275,1.4,0.57
cluster_14250,text_in_r[82]$_DFFE_PP_,1.4,3.23
cluster_14251,text_in_r[74]$_DFFE_PP_,1.4,3.23
cluster_14252,text_in_r[50]$_DFFE_PP_,1.4,3.23
cluster_14253,output270,1.4,0.57
cluster_14254,u0.u1.d[2]$_DFF_P_,1.4,3.23
cluster_14255,u0.w[1][18]$_DFF_P_,1.4,3.23
cluster_14256,_15332_,1.4,1.33
cluster_14257,_23917_,1.4,0.57
cluster_14258,_21229_,1.4,1.14
cluster_14259,_21230_,1.4,0.57
cluster_14260,_21231_,1.4,0.76
cluster_14261,_21232_,1.4,1.33
cluster_14262,_21233_,1.4,0.38
cluster_14263,_21234_,1.4,0.76
cluster_14264,_21235_,1.4,0.57
cluster_14265,_21236_,1.4,0.76
cluster_14266,_21237_,1.4,2.66
cluster_14267,_21287_,1.4,2.47
cluster_14268,_21889_,1.4,1.14
cluster_14269,_21890_,1.4,1.14
cluster_14270,_21891_,1.4,0.38
cluster_14271,_21892_,1.4,0.95
cluster_14272,_21893_,1.4,0.76
cluster_14273,_21894_,1.4,1.33
cluster_14274,_21895_,1.4,1.14
cluster_14275,_21896_,1.4,1.14
cluster_14276,_21897_,1.4,0.95
cluster_14277,_21898_,1.4,0.76
cluster_14278,_21899_,1.4,0.76
cluster_14279,_21228_,1.4,1.14
cluster_14280,_21227_,1.4,1.33
cluster_14281,_21226_,1.4,0.57
cluster_14282,_21225_,1.4,0.57
cluster_14283,_18280_,1.4,2.47
cluster_14284,_29297_,1.4,1.14
cluster_14285,_18281_,1.4,2.47
cluster_14286,_18304_,1.4,2.47
cluster_14287,_19019_,1.4,1.9
cluster_14288,_15613_,1.4,1.14
cluster_14289,_19029_,1.4,2.47
cluster_14290,_29289_,1.4,1.14
cluster_14291,_19032_,1.4,2.47
cluster_14292,_15612_,1.4,1.33
cluster_14293,_21900_,1.4,0.76
cluster_14294,_15611_,1.4,1.33
cluster_14295,_29281_,1.4,1.14
cluster_14296,_15417_,1.4,1.33
cluster_14297,_29273_,1.4,1.14
cluster_14298,_15926_,1.4,1.33
cluster_14299,_15925_,1.4,1.14
cluster_14300,_15924_,1.4,1.14
cluster_14301,_21221_,1.4,1.14
cluster_14302,_21222_,1.4,1.14
cluster_14303,_21223_,1.4,1.14
cluster_14304,_21224_,1.4,0.76
cluster_14305,_15421_,1.4,0.76
cluster_14306,_18271_,1.4,1.14
cluster_14307,_21901_,1.4,0.57
cluster_14308,_21903_,1.4,2.66
cluster_14309,_23922_,1.4,0.76
cluster_14310,_23923_,1.4,0.76
cluster_14311,_23924_,1.4,0.38
cluster_14312,_23925_,1.4,0.76
cluster_14313,_23926_,1.4,0.57
cluster_14314,_23927_,1.4,1.33
cluster_14315,_23928_,1.4,2.66
cluster_14316,_24585_,1.4,1.14
cluster_14317,_24586_,1.4,1.14
cluster_14318,_24587_,1.4,0.76
cluster_14319,_24588_,1.4,0.57
cluster_14320,_24589_,1.4,0.57
cluster_14321,_24590_,1.4,1.33
cluster_14322,_24591_,1.4,1.14
cluster_14323,_24592_,1.4,0.57
cluster_14324,_24593_,1.4,0.76
cluster_14325,_24594_,1.4,0.76
cluster_14326,_24595_,1.4,0.76
cluster_14327,_24596_,1.4,0.57
cluster_14328,_24597_,1.4,1.33
cluster_14329,_24598_,1.4,2.66
cluster_14330,_23921_,1.4,0.57
cluster_14331,_23920_,1.4,1.14
cluster_14332,_23919_,1.4,1.33
cluster_14333,_23918_,1.4,0.57
cluster_14334,_22584_,1.4,0.76
cluster_14335,_22585_,1.4,0.57
cluster_14336,_22586_,1.4,1.33
cluster_14337,_23248_,1.4,1.14
cluster_14338,_23249_,1.4,1.14
cluster_14339,_23250_,1.4,1.14
cluster_14340,_23251_,1.4,0.76
cluster_14341,_23252_,1.4,1.14
cluster_14342,_23253_,1.4,0.57
cluster_14343,_23254_,1.4,0.57
cluster_14344,_21902_,1.4,0.76
cluster_14345,_23255_,1.4,0.76
cluster_14346,_23257_,1.4,0.57
cluster_14347,_23258_,1.4,0.76
cluster_14348,_23259_,1.4,0.76
cluster_14349,_23260_,1.4,0.76
cluster_14350,_23261_,1.4,0.57
cluster_14351,_23262_,1.4,0.76
cluster_14352,_23263_,1.4,2.66
cluster_14353,_23914_,1.4,1.14
cluster_14354,_23915_,1.4,1.14
cluster_14355,_23916_,1.4,0.76
cluster_14356,_23256_,1.4,1.14
cluster_14357,_18260_,1.4,1.33
cluster_14358,_15610_,1.4,0.57
cluster_14359,_18258_,1.4,1.33
cluster_14360,_15629_,1.4,0.95
cluster_14361,_15628_,1.4,0.76
cluster_14362,_29375_,1.4,1.33
cluster_14363,_15627_,1.4,1.33
cluster_14364,_15362_,1.4,2.47
cluster_14365,_15427_,1.4,0.57
cluster_14366,_15428_,1.4,0.95
cluster_14367,_15626_,1.4,1.14
cluster_14368,_15429_,1.4,0.57
cluster_14369,_15625_,1.4,0.57
cluster_14370,_15430_,1.4,1.14
cluster_14371,_18259_,1.4,2.47
cluster_14372,_15431_,1.4,0.57
cluster_14373,_15432_,1.4,1.14
cluster_14374,_15624_,1.4,1.14
cluster_14375,_15433_,1.4,1.14
cluster_14376,_15434_,1.4,0.76
cluster_14377,_15623_,1.4,0.57
cluster_14378,_15435_,1.4,0.95
cluster_14379,_15418_,1.4,1.33
cluster_14380,_15436_,1.4,0.76
cluster_14381,_29385_,1.4,1.33
cluster_14382,_15437_,1.4,0.95
cluster_14383,_29409_,1.4,1.33
cluster_14384,_16019_,1.4,1.33
cluster_14385,_15899_,1.4,1.14
cluster_14386,_15423_,1.4,0.95
cluster_14387,_15900_,1.4,1.14
cluster_14388,_15341_,1.4,1.33
cluster_14389,_15342_,1.4,1.33
cluster_14390,_15424_,1.4,0.38
cluster_14391,_15901_,1.4,1.33
cluster_14392,_15419_,1.4,1.14
cluster_14393,_16001_,1.4,0.57
cluster_14394,_16003_,1.4,0.76
cluster_14395,_15635_,1.4,2.47
cluster_14396,_15634_,1.4,2.47
cluster_14397,_15425_,1.4,0.57
cluster_14398,_29487_,1.4,1.33
cluster_14399,_29477_,1.4,1.33
cluster_14400,_15633_,1.4,0.76
cluster_14401,_15416_,1.4,1.33
cluster_14402,_29448_,1.4,1.33
cluster_14403,_15426_,1.4,0.95
cluster_14404,_15632_,1.4,0.76
cluster_14405,_15631_,1.4,0.95
cluster_14406,_15630_,1.4,0.76
cluster_14407,_15622_,1.4,0.95
cluster_14408,_15420_,1.4,1.33
cluster_14409,_15621_,1.4,0.57
cluster_14410,_15614_,1.4,1.33
cluster_14411,_29305_,1.4,1.14
cluster_14412,_15415_,1.4,0.57
cluster_14413,_15615_,1.4,1.33
cluster_14414,_15616_,1.4,0.57
cluster_14415,_29313_,1.4,1.71
cluster_14416,_16085_,1.4,1.33
cluster_14417,_16084_,1.4,1.14
cluster_14418,_15617_,1.4,0.95
cluster_14419,_15618_,1.4,0.57
cluster_14420,_15422_,1.4,0.57
cluster_14421,_15438_,1.4,0.76
cluster_14422,_15619_,1.4,0.57
cluster_14423,_29321_,1.4,1.14
cluster_14424,_15440_,1.4,2.47
cluster_14425,_15620_,1.4,0.95
cluster_14426,_16068_,1.4,1.14
cluster_14427,_15441_,1.4,2.47
cluster_14428,_15439_,1.4,0.76
cluster_14429,_16069_,1.4,1.33
cluster_14430,_29329_,1.4,1.14
cluster_14431,_15988_,1.4,0.57
cluster_14432,u0.w[2][1]$_DFF_P_,1.4,3.23
cluster_14433,u0.w[2][6]$_DFF_P_,1.4,3.23
cluster_14434,_16060_,1.4,1.33
cluster_14435,input124,1.4,0.57
cluster_14436,_15876_,1.4,2.47
cluster_14437,text_out[65]$_DFF_P_,1.4,3.23
cluster_14438,u0.w[2][4]$_DFF_P_,1.4,3.23
cluster_14439,u0.w[0][4]$_DFF_P_,1.4,3.23
cluster_14440,u0.w[0][6]$_DFF_P_,1.4,3.23
cluster_14441,input89,1.4,0.57
cluster_14442,input92,1.4,0.57
cluster_14443,input94,1.4,0.57
cluster_14444,input95,1.4,0.57
cluster_14445,output313,1.4,0.57
cluster_14446,output316,1.4,0.57
cluster_14447,input4,1.4,0.57
cluster_14448,input2,1.4,0.57
cluster_14449,_15977_,1.4,1.33
cluster_14450,_15980_,1.4,2.47
cluster_14451,_15994_,1.4,0.76
cluster_14452,_15993_,1.4,0.57
cluster_14453,_15982_,1.4,0.57
cluster_14454,_15990_,1.4,1.33
cluster_14455,_15989_,1.4,0.76
cluster_14456,output318,1.4,0.57
cluster_14457,u0.w[1][1]$_DFF_P_,1.4,3.23
cluster_14458,_15566_,1.4,2.47
cluster_14459,_15565_,1.4,1.14
cluster_14460,_15872_,1.4,1.14
cluster_14461,_15871_,1.4,1.14
cluster_14462,_15873_,1.4,1.33
cluster_14463,_16050_,1.4,1.33
cluster_14464,_16049_,1.4,1.14
cluster_14465,_15868_,1.4,2.47
cluster_14466,text_out[38]$_DFF_P_,1.4,3.23
cluster_14467,_15561_,1.4,1.14
cluster_14468,_15560_,1.4,1.33
cluster_14469,_15559_,1.4,1.33
cluster_14470,_15557_,1.4,0.57
cluster_14471,_15556_,1.4,2.47
cluster_14472,_15536_,1.4,1.14
cluster_14473,_15535_,1.4,1.14
cluster_14474,_15534_,1.4,1.14
cluster_14475,_15562_,1.4,1.33
cluster_14476,_16042_,1.4,2.47
cluster_14477,_15564_,1.4,1.14
cluster_14478,_15563_,1.4,1.14
cluster_14479,u0.w[1][6]$_DFF_P_,1.4,3.23
cluster_14480,_16059_,1.4,1.14
cluster_14481,u0.w[1][4]$_DFF_P_,1.4,3.23
cluster_14482,_16056_,1.4,1.33
cluster_14483,_16055_,1.4,1.14
cluster_14484,input54,1.4,0.57
cluster_14485,text_out[100]$_DFF_P_,1.4,3.23
cluster_14486,text_out[102]$_DFF_P_,1.4,3.23
cluster_14487,input57,1.4,0.57
cluster_14488,text_out[36]$_DFF_P_,1.4,3.23
cluster_14489,_15532_,1.4,1.33
cluster_14490,input59,1.4,0.57
cluster_14491,text_out[33]$_DFF_P_,1.4,3.23
cluster_14492,text_out[68]$_DFF_P_,1.4,3.23
cluster_14493,_15983_,1.4,0.76
cluster_14494,_29357_,1.4,1.14
cluster_14495,_15883_,1.4,1.33
cluster_14496,text_out[97]$_DFF_P_,1.4,3.23
cluster_14497,u0.u3.d[1]$_DFF_P_,1.4,3.23
cluster_14498,output262,1.4,0.57
cluster_14499,_15463_,1.4,2.47
cluster_14500,_15464_,1.4,1.33
cluster_14501,u0.u3.d[4]$_DFF_P_,1.4,3.23
cluster_14502,_29336_,1.4,1.14
cluster_14503,_15469_,1.4,2.47
cluster_14504,output351,1.4,0.57
cluster_14505,_15887_,1.4,1.14
cluster_14506,_15888_,1.4,1.14
cluster_14507,u0.u3.d[6]$_DFF_P_,1.4,3.23
cluster_14508,_29355_,1.4,1.14
cluster_14509,output260,1.4,0.57
cluster_14510,output348,1.4,0.57
cluster_14511,output354,1.4,0.57
cluster_14512,_29339_,1.4,1.14
cluster_14513,_15889_,1.4,1.33
cluster_14514,_15530_,1.4,1.33
cluster_14515,text_out[70]$_DFF_P_,1.4,3.23
cluster_14516,_15529_,1.4,1.33
cluster_14517,_29352_,1.4,1.14
cluster_14518,u0.w[0][1]$_DFF_P_,1.4,3.23
cluster_14519,output383,1.4,0.57
cluster_14520,_29349_,1.4,1.14
cluster_14521,_15882_,1.4,1.14
cluster_14522,_29347_,1.4,1.14
cluster_14523,_29344_,1.4,1.14
cluster_14524,_15881_,1.4,1.14
cluster_14525,_15531_,1.4,1.14
cluster_14526,_29341_,1.4,1.14
cluster_14527,_21191_,1.4,1.14
cluster_14528,input145,1.4,0.57
cluster_14529,u0.w[2][0]$_DFF_P_,1.4,3.23
cluster_14530,output347,1.4,0.57
cluster_14531,text_in_r[98]$_DFFE_PP_,1.4,3.23
cluster_14532,input253,1.4,0.76
cluster_14533,text_in_r[96]$_DFFE_PP_,1.4,3.23
cluster_14534,_16047_,1.4,1.14
cluster_14535,_15870_,1.4,1.33
cluster_14536,_21195_,1.4,2.47
cluster_14537,input16,1.4,0.76
cluster_14538,_29272_,1.4,1.14
cluster_14539,_21194_,1.4,0.57
cluster_14540,_21193_,1.4,0.76
cluster_14541,u0.w[0][0]$_DFF_P_,1.4,3.23
cluster_14542,text_out[32]$_DFF_P_,1.4,3.23
cluster_14543,_15866_,1.4,1.14
cluster_14544,_21183_,1.4,0.38
cluster_14545,_21184_,1.4,0.57
cluster_14546,_21185_,1.4,2.47
cluster_14547,_21186_,1.4,0.57
cluster_14548,_21188_,1.4,1.14
cluster_14549,_21189_,1.4,1.14
cluster_14550,_16048_,1.4,1.33
cluster_14551,_21192_,1.4,1.71
cluster_14552,_15867_,1.4,1.14
cluster_14553,_18308_,1.4,1.14
cluster_14554,input123,1.4,0.57
cluster_14555,_29335_,1.4,1.14
cluster_14556,_15447_,1.4,1.33
cluster_14557,text_out[113]$_DFF_P_,1.4,3.23
cluster_14558,_15448_,1.4,1.33
cluster_14559,_29343_,1.4,1.14
cluster_14560,_15449_,1.4,1.9
cluster_14561,text_out[96]$_DFF_P_,1.4,3.23
cluster_14562,input53,1.4,0.76
cluster_14563,_15450_,1.4,0.76
cluster_14564,input88,1.4,0.57
cluster_14565,input255,1.4,0.57
cluster_14566,_15451_,1.4,0.57
cluster_14567,_16082_,1.4,1.14
cluster_14568,_16083_,1.4,1.33
cluster_14569,u0.u3.d[0]$_DFF_P_,1.4,3.23
cluster_14570,text_in_r[113]$_DFFE_PP_,1.4,3.23
cluster_14571,_15452_,1.4,1.33
cluster_14572,_29384_,1.4,1.33
cluster_14573,_15454_,1.4,1.14
cluster_14574,_15456_,1.4,1.71
cluster_14575,_29426_,1.4,1.33
cluster_14576,_29351_,1.4,1.14
cluster_14577,_18296_,1.4,1.14
cluster_14578,output312,1.4,0.57
cluster_14579,_18319_,1.4,1.33
cluster_14580,text_in_r[32]$_DFFE_PP_,1.4,3.23
cluster_14581,_15455_,1.4,1.14
cluster_14582,_21190_,1.4,1.14
cluster_14583,_23888_,1.4,1.14
cluster_14584,_15978_,1.4,0.57
cluster_14585,_29503_,1.4,1.33
cluster_14586,_26607_,1.4,0.76
cluster_14587,_26622_,1.4,0.57
cluster_14588,_26606_,1.4,0.57
cluster_14589,_26605_,1.4,0.76
cluster_14590,_26623_,1.4,0.57
cluster_14591,_15373_,1.4,0.76
cluster_14592,_26624_,1.4,1.33
cluster_14593,_26582_,1.4,1.14
cluster_14594,_26595_,1.4,1.14
cluster_14595,_26596_,1.4,0.76
cluster_14596,_26604_,1.4,0.38
cluster_14597,_26597_,1.4,0.95
cluster_14598,_26625_,1.4,2.09
cluster_14599,_26598_,1.4,0.57
cluster_14600,_26603_,1.4,0.76
cluster_14601,_26599_,1.4,0.76
cluster_14602,_26600_,1.4,1.14
cluster_14603,_26601_,1.4,0.57
cluster_14604,_26602_,1.4,0.76
cluster_14605,u0.w[1][0]$_DFF_P_,1.4,3.23
cluster_14606,_29505_,1.4,1.33
cluster_14607,_27910_,1.4,0.38
cluster_14608,_27911_,1.4,0.76
cluster_14609,text_out[64]$_DFF_P_,1.4,3.23
cluster_14610,_26616_,1.4,0.76
cluster_14611,_26615_,1.4,0.76
cluster_14612,output274,1.4,0.57
cluster_14613,_26614_,1.4,0.38
cluster_14614,_26617_,1.4,0.76
cluster_14615,_26613_,1.4,1.14
cluster_14616,output382,1.4,0.57
cluster_14617,_26608_,1.4,2.09
cluster_14618,_26609_,1.4,2.47
cluster_14619,u0.w[0][17]$_DFF_P_,1.4,3.23
cluster_14620,_15981_,1.4,0.76
cluster_14621,_26618_,1.4,1.14
cluster_14622,_26619_,1.4,0.76
cluster_14623,_27913_,1.4,1.33
cluster_14624,_26620_,1.4,0.76
cluster_14625,input183,1.4,0.76
cluster_14626,_27912_,1.4,0.57
cluster_14627,_26621_,1.4,0.76
cluster_14628,_15479_,1.4,1.33
cluster_14629,_15477_,1.4,0.57
cluster_14630,_15480_,1.4,2.47
cluster_14631,_18261_,1.4,1.33
cluster_14632,output314,1.4,0.57
cluster_14633,clone16,1.4,1.33
cluster_14634,_15478_,1.4,1.33
cluster_14635,u0.u3.d[2]$_DFF_P_,1.4,3.23
cluster_14636,_27930_,1.4,1.33
cluster_14637,input90,1.4,0.57
cluster_14638,_15985_,1.4,0.76
cluster_14639,text_in_r[34]$_DFFE_PP_,1.4,3.23
cluster_14640,u0.w[0][2]$_DFF_P_,1.4,3.23
cluster_14641,_29353_,1.4,1.14
cluster_14642,text_in_r[2]$_DFFE_PP_,1.4,3.23
cluster_14643,_16051_,1.4,1.14
cluster_14644,_16052_,1.4,1.33
cluster_14645,output384,1.4,0.57
cluster_14646,_29345_,1.4,1.14
cluster_14647,_29361_,1.4,1.14
cluster_14648,_25918_,1.4,1.14
cluster_14649,input180,1.4,0.57
cluster_14650,_29337_,1.4,1.14
cluster_14651,_24556_,1.4,1.14
cluster_14652,input55,1.4,0.57
cluster_14653,text_out[98]$_DFF_P_,1.4,3.23
cluster_14654,u0.w[3][2]$_DFF_P_,1.4,3.23
cluster_14655,input185,1.4,0.76
cluster_14656,_15503_,1.4,2.47
cluster_14657,_15502_,1.4,2.47
cluster_14658,_15501_,1.4,0.76
cluster_14659,_15500_,1.4,0.76
cluster_14660,_15499_,1.4,0.95
cluster_14661,_15984_,1.4,0.57
cluster_14662,input220,1.4,0.76
cluster_14663,input50,1.4,0.76
cluster_14664,_29423_,1.4,1.33
cluster_14665,u0.w[2][2]$_DFF_P_,1.4,3.23
cluster_14666,_15481_,1.4,1.14
cluster_14667,_15482_,1.4,2.47
cluster_14668,_27281_,1.4,0.76
cluster_14669,_15494_,1.4,1.14
cluster_14670,_27279_,1.4,0.57
cluster_14671,_27280_,1.4,0.76
cluster_14672,_27282_,1.4,0.38
cluster_14673,_27283_,1.4,0.76
cluster_14674,_27284_,1.4,0.57
cluster_14675,_27285_,1.4,0.76
cluster_14676,_27286_,1.4,2.66
cluster_14677,text_in_r[66]$_DFFE_PP_,1.4,3.23
cluster_14678,_15495_,1.4,1.14
cluster_14679,_15496_,1.4,0.76
cluster_14680,_15497_,1.4,0.95
cluster_14681,output349,1.4,0.57
cluster_14682,_21856_,1.4,1.14
cluster_14683,_27278_,1.4,1.14
cluster_14684,_15874_,1.4,1.14
cluster_14685,_15498_,1.4,0.76
cluster_14686,_28612_,1.4,2.66
cluster_14687,_28611_,1.4,1.33
cluster_14688,_28610_,1.4,0.57
cluster_14689,_28609_,1.4,0.76
cluster_14690,_28608_,1.4,0.76
cluster_14691,_28607_,1.4,0.76
cluster_14692,_28606_,1.4,0.57
cluster_14693,_28605_,1.4,1.14
cluster_14694,_28604_,1.4,0.76
cluster_14695,_28603_,1.4,0.57
cluster_14696,_28602_,1.4,0.57
cluster_14697,_28601_,1.4,0.76
cluster_14698,_28600_,1.4,1.14
cluster_14699,_27928_,1.4,0.76
cluster_14700,_27277_,1.4,0.76
cluster_14701,text_out[66]$_DFF_P_,1.4,3.23
cluster_14702,_27274_,1.4,0.76
cluster_14703,_27276_,1.4,0.57
cluster_14704,_29429_,1.4,1.33
cluster_14705,input125,1.4,0.57
cluster_14706,_15487_,1.4,0.57
cluster_14707,_27273_,1.4,1.14
cluster_14708,_15489_,1.4,0.57
cluster_14709,text_out[2]$_DFF_P_,1.4,3.23
cluster_14710,_15486_,1.4,0.38
cluster_14711,_15877_,1.4,1.33
cluster_14712,_29467_,1.4,1.33
cluster_14713,output309,1.4,0.57
cluster_14714,_15490_,1.4,0.95
cluster_14715,_15491_,1.4,0.38
cluster_14716,text_out[34]$_DFF_P_,1.4,3.23
cluster_14717,_15484_,1.4,0.57
cluster_14718,_15875_,1.4,1.14
cluster_14719,_15492_,1.4,1.9
cluster_14720,_15483_,1.4,1.33
cluster_14721,_15493_,1.4,0.95
cluster_14722,_27929_,1.4,0.57
cluster_14723,u0.w[1][2]$_DFF_P_,1.4,3.23
cluster_14724,_27275_,1.4,0.57
cluster_14725,_15485_,1.4,0.95
cluster_14726,_15488_,1.4,0.95
cluster_14727,u0.u1.d[4]$_DFF_P_,1.4,3.23
cluster_14728,input19,1.4,0.57
cluster_14729,_16015_,1.4,0.57
cluster_14730,_16012_,1.4,1.33
cluster_14731,output277,1.4,0.57
cluster_14732,_15337_,1.4,1.33
cluster_14733,_15644_,1.4,1.33
cluster_14734,output369,1.4,0.57
cluster_14735,output365,1.4,0.57
cluster_14736,_16002_,1.4,1.33
cluster_14737,output366,1.4,0.57
cluster_14738,_16018_,1.4,0.76
cluster_14739,_16004_,1.4,0.57
cluster_14740,_16022_,1.4,0.57
cluster_14741,_16005_,1.4,0.76
cluster_14742,_15359_,1.4,1.33
cluster_14743,_15979_,1.4,2.47
cluster_14744,_16016_,1.4,0.76
cluster_14745,_16023_,1.4,0.76
cluster_14746,input18,1.4,0.76
cluster_14747,_16017_,1.4,0.57
cluster_14748,_29275_,1.4,1.14
cluster_14749,_15930_,1.4,1.14
cluster_14750,_29274_,1.4,1.14
cluster_14751,_15403_,1.4,1.14
cluster_14752,_15404_,1.4,1.33
cluster_14753,u0.w[1][20]$_DFF_P_,1.4,3.23
cluster_14754,_15406_,1.4,1.14
cluster_14755,text_out[52]$_DFF_P_,1.4,3.23
cluster_14756,u0.w[1][17]$_DFF_P_,1.4,3.23
cluster_14757,u0.w[1][16]$_DFF_P_,1.4,3.23
cluster_14758,u0.w[1][11]$_DFF_P_,1.4,3.23
cluster_14759,_15374_,1.4,1.33
cluster_14760,text_out[84]$_DFF_P_,1.4,3.23
cluster_14761,output334,1.4,0.57
cluster_14762,text_out[81]$_DFF_P_,1.4,3.23
cluster_14763,text_out[80]$_DFF_P_,1.4,3.23
cluster_14764,u0.w[0][19]$_DFF_P_,1.4,3.23
cluster_14765,text_out[75]$_DFF_P_,1.4,3.23
cluster_14766,u0.w[0][20]$_DFF_P_,1.4,3.23
cluster_14767,_15407_,1.4,1.14
cluster_14768,_15408_,1.4,1.14
cluster_14769,_15931_,1.4,1.14
cluster_14770,_15932_,1.4,1.33
cluster_14771,output276,1.4,0.57
cluster_14772,_15401_,1.4,1.33
cluster_14773,_29314_,1.4,1.14
cluster_14774,output359,1.4,0.57
cluster_14775,_16086_,1.4,1.14
cluster_14776,_16087_,1.4,1.33
cluster_14777,_16088_,1.4,1.14
cluster_14778,_15402_,1.4,1.33
cluster_14779,_16089_,1.4,1.33
cluster_14780,input100,1.4,0.76
cluster_14781,input106,1.4,0.76
cluster_14782,input107,1.4,0.76
cluster_14783,input110,1.4,0.57
cluster_14784,_29291_,1.4,1.14
cluster_14785,u0.w[2][20]$_DFF_P_,1.4,3.23
cluster_14786,_29283_,1.4,1.14
cluster_14787,_29280_,1.4,1.14
cluster_14788,input75,1.4,0.57
cluster_14789,_29279_,1.4,1.14
cluster_14790,text_out[115]$_DFF_P_,1.4,3.23
cluster_14791,text_out[116]$_DFF_P_,1.4,3.23
cluster_14792,u0.u2.d[0]$_DFF_P_,1.4,3.23
cluster_14793,text_out[72]$_DFF_P_,1.4,3.23
cluster_14794,u0.w[0][8]$_DFF_P_,1.4,3.23
cluster_14795,_15893_,1.4,1.14
cluster_14796,text_out[40]$_DFF_P_,1.4,3.23
cluster_14797,u0.w[1][8]$_DFF_P_,1.4,3.23
cluster_14798,input6,1.4,0.76
cluster_14799,u0.w[2][8]$_DFF_P_,1.4,3.23
cluster_14800,text_out[104]$_DFF_P_,1.4,3.23
cluster_14801,_15895_,1.4,1.33
cluster_14802,_25262_,1.4,0.57
cluster_14803,_25267_,1.4,0.76
cluster_14804,_25266_,1.4,0.76
cluster_14805,_25265_,1.4,0.57
cluster_14806,_25264_,1.4,1.14
cluster_14807,_25263_,1.4,0.76
cluster_14808,output321,1.4,0.57
cluster_14809,_25261_,1.4,0.57
cluster_14810,_25260_,1.4,0.76
cluster_14811,_25259_,1.4,1.14
cluster_14812,_25255_,1.4,1.71
cluster_14813,_25254_,1.4,1.33
cluster_14814,_25253_,1.4,1.14
cluster_14815,_25252_,1.4,1.14
cluster_14816,_25251_,1.4,1.14
cluster_14817,input97,1.4,0.76
cluster_14818,_25250_,1.4,1.14
cluster_14819,_25249_,1.4,1.14
cluster_14820,_22559_,1.4,1.14
cluster_14821,_22552_,1.4,1.14
cluster_14822,_15586_,1.4,1.33
cluster_14823,_15581_,1.4,1.33
cluster_14824,_15580_,1.4,1.33
cluster_14825,_15894_,1.4,1.14
cluster_14826,_25268_,1.4,0.38
cluster_14827,_25270_,1.4,0.57
cluster_14828,_25269_,1.4,0.76
cluster_14829,_29311_,1.4,1.14
cluster_14830,_15998_,1.4,0.76
cluster_14831,_29437_,1.4,1.33
cluster_14832,_29436_,1.4,1.33
cluster_14833,output264,1.4,0.57
cluster_14834,output356,1.4,0.57
cluster_14835,_29319_,1.4,1.14
cluster_14836,_25271_,1.4,0.76
cluster_14837,_29303_,1.4,1.14
cluster_14838,_15997_,1.4,0.57
cluster_14839,text_in_r[41]$_DFFE_PP_,1.4,3.23
cluster_14840,text_in_r[40]$_DFFE_PP_,1.4,3.23
cluster_14841,input62,1.4,0.76
cluster_14842,input193,1.4,0.57
cluster_14843,input192,1.4,0.57
cluster_14844,_16064_,1.4,1.14
cluster_14845,_25273_,1.4,2.47
cluster_14846,_16065_,1.4,1.33
cluster_14847,_25272_,1.4,2.09
cluster_14848,_21209_,1.4,0.57
cluster_14849,_21187_,1.4,1.14
cluster_14850,_21201_,1.4,1.9
cluster_14851,_21203_,1.4,1.14
cluster_14852,_21207_,1.4,0.76
cluster_14853,_21204_,1.4,0.76
cluster_14854,_21205_,1.4,0.57
cluster_14855,_21206_,1.4,0.57
cluster_14856,_21211_,1.4,0.76
cluster_14857,_21208_,1.4,1.14
cluster_14858,_21212_,1.4,0.38
cluster_14859,_21202_,1.4,1.14
cluster_14860,_21214_,1.4,0.57
cluster_14861,_21215_,1.4,0.76
cluster_14862,_21216_,1.4,2.09
cluster_14863,_21217_,1.4,2.47
cluster_14864,u0.w[0][16]$_DFF_P_,1.4,3.23
cluster_14865,_29271_,1.4,1.14
cluster_14866,input211,1.4,0.76
cluster_14867,_29383_,1.4,1.33
cluster_14868,_29457_,1.4,1.33
cluster_14869,_15358_,1.4,1.33
cluster_14870,output273,1.4,0.57
cluster_14871,_21213_,1.4,0.76
cluster_14872,_19812_,1.4,2.66
cluster_14873,_21210_,1.4,0.76
cluster_14874,_19810_,1.4,0.57
cluster_14875,_16080_,1.4,1.14
cluster_14876,_16081_,1.4,1.33
cluster_14877,text_in_r[112]$_DFFE_PP_,1.4,3.23
cluster_14878,_19811_,1.4,1.33
cluster_14879,_18311_,1.4,2.47
cluster_14880,_18316_,1.4,2.47
cluster_14881,input15,1.4,0.76
cluster_14882,text_out[112]$_DFF_P_,1.4,3.23
cluster_14883,text_in_r[58]$_DFFE_PP_,1.4,3.23
cluster_14884,input144,1.4,0.57
cluster_14885,_19795_,1.4,1.14
cluster_14886,_19798_,1.4,1.71
cluster_14887,_19799_,1.4,0.76
cluster_14888,_19794_,1.4,1.14
cluster_14889,_19801_,1.4,0.57
cluster_14890,_19802_,1.4,0.57
cluster_14891,_19803_,1.4,0.76
cluster_14892,_19804_,1.4,1.14
cluster_14893,_19805_,1.4,0.57
cluster_14894,_19806_,1.4,0.76
cluster_14895,_19800_,1.4,1.14
cluster_14896,_19807_,1.4,0.76
cluster_14897,_19809_,1.4,0.76
cluster_14898,_19808_,1.4,0.38
cluster_14899,_15909_,1.4,1.14
cluster_14900,_15910_,1.4,1.14
cluster_14901,_29306_,1.4,1.14
cluster_14902,_15911_,1.4,1.33
cluster_14903,input67,1.4,0.76
cluster_14904,input9,1.4,0.76
cluster_14905,_15684_,1.4,1.14
cluster_14906,_29308_,1.4,1.14
cluster_14907,_16062_,1.4,2.47
cluster_14908,input11,1.4,0.76
cluster_14909,_16008_,1.4,0.57
cluster_14910,u0.u2.d[5]$_DFF_P_,1.4,3.23
cluster_14911,_16009_,1.4,0.76
cluster_14912,_15683_,1.4,1.14
cluster_14913,_29324_,1.4,1.14
cluster_14914,output361,1.4,0.57
cluster_14915,u0.w[0][11]$_DFF_P_,1.4,3.23
cluster_14916,_15643_,1.4,1.33
cluster_14917,_15677_,1.4,1.33
cluster_14918,_15682_,1.4,1.14
cluster_14919,output267,1.4,0.57
cluster_14920,output269,1.4,0.57
cluster_14921,_15678_,1.4,0.76
cluster_14922,_29316_,1.4,1.14
cluster_14923,u0.w[0][13]$_DFF_P_,1.4,3.23
cluster_14924,_16075_,1.4,1.33
cluster_14925,text_out[109]$_DFF_P_,1.4,3.23
cluster_14926,_15680_,1.4,1.33
cluster_14927,text_out[45]$_DFF_P_,1.4,3.23
cluster_14928,u0.w[2][13]$_DFF_P_,1.4,3.23
cluster_14929,u0.w[1][13]$_DFF_P_,1.4,3.23
cluster_14930,output326,1.4,0.57
cluster_14931,input102,1.4,0.76
cluster_14932,text_out[107]$_DFF_P_,1.4,3.23
cluster_14933,_15679_,1.4,1.14
cluster_14934,_16070_,1.4,1.14
cluster_14935,text_out[77]$_DFF_P_,1.4,3.23
cluster_14936,_16074_,1.4,1.14
cluster_14937,_16071_,1.4,1.33
cluster_14938,_15830_,1.4,1.33
cluster_14939,u0.w[1][29]$_DFF_P_,1.4,3.23
cluster_14940,u0.w[3][29]$_DFF_P_,1.4,3.23
cluster_14941,u0.u0.d[5]$_DFF_P_,1.4,3.23
cluster_14942,_15828_,1.4,1.33
cluster_14943,input29,1.4,0.76
cluster_14944,input120,1.4,0.57
cluster_14945,u0.w[2][29]$_DFF_P_,1.4,3.23
cluster_14946,_15836_,1.4,1.9
cluster_14947,_15835_,1.4,1.14
cluster_14948,input85,1.4,0.57
cluster_14949,u0.w[0][29]$_DFF_P_,1.4,3.23
cluster_14950,_15833_,1.4,1.33
cluster_14951,_15832_,1.4,1.33
cluster_14952,_15831_,1.4,1.14
cluster_14953,_15829_,1.4,1.71
cluster_14954,_15834_,1.4,1.9
cluster_14955,_15966_,1.4,0.57
cluster_14956,_29252_,1.4,1.14
cluster_14957,output308,1.4,0.57
cluster_14958,text_out[93]$_DFF_P_,1.4,3.23
cluster_14959,text_out[29]$_DFF_P_,1.4,3.23
cluster_14960,text_out[125]$_DFF_P_,1.4,3.23
cluster_14961,_16107_,1.4,0.76
cluster_14962,_16106_,1.4,0.57
cluster_14963,output379,1.4,0.57
cluster_14964,_29268_,1.4,1.14
cluster_14965,text_out[61]$_DFF_P_,1.4,3.23
cluster_14966,output344,1.4,0.57
cluster_14967,_29532_,1.4,0.95
cluster_14968,output287,1.4,0.57
cluster_14969,_16041_,1.4,1.14
cluster_14970,_29244_,1.4,1.14
cluster_14971,u0.r0.out[29]$_SDFF_PP0_,1.4,3.23
cluster_14972,_15968_,1.4,1.14
cluster_14973,_29260_,1.4,1.14
cluster_14974,_15969_,1.4,0.76
cluster_14975,_29531_,1.4,1.14
cluster_14976,_16043_,1.4,1.33
cluster_14977,_15967_,1.4,1.71
cluster_14978,_15937_,1.4,1.14
cluster_14979,text_out[54]$_DFF_P_,1.4,3.23
cluster_14980,u0.w[2][22]$_DFF_P_,1.4,3.23
cluster_14981,input21,1.4,0.76
cluster_14982,u0.w[1][22]$_DFF_P_,1.4,3.23
cluster_14983,output301,1.4,0.57
cluster_14984,output336,1.4,0.57
cluster_14985,_15936_,1.4,1.14
cluster_14986,input112,1.4,0.76
cluster_14987,_16027_,1.4,0.57
cluster_14988,text_out[118]$_DFF_P_,1.4,3.23
cluster_14989,input43,1.4,0.76
cluster_14990,_16028_,1.4,0.76
cluster_14991,input77,1.4,0.76
cluster_14992,_15712_,1.4,1.33
cluster_14993,_15713_,1.4,1.33
cluster_14994,_15714_,1.4,1.33
cluster_14995,_15715_,1.4,1.14
cluster_14996,_15716_,1.4,1.33
cluster_14997,_15717_,1.4,1.14
cluster_14998,_15718_,1.4,1.14
cluster_14999,_15719_,1.4,1.14
cluster_15000,_15720_,1.4,0.57
cluster_15001,_15721_,1.4,2.47
cluster_15002,_16093_,1.4,1.33
cluster_15003,u0.w[3][22]$_DFF_P_,1.4,3.23
cluster_15004,_15939_,1.4,1.33
cluster_15005,_16092_,1.4,1.14
cluster_15006,text_out[22]$_DFF_P_,1.4,3.23
cluster_15007,_29301_,1.4,1.14
cluster_15008,_29293_,1.4,1.14
cluster_15009,_29285_,1.4,1.14
cluster_15010,output279,1.4,0.57
cluster_15011,_29277_,1.4,1.14
cluster_15012,output371,1.4,0.57
cluster_15013,u0.w[0][22]$_DFF_P_,1.4,3.23
cluster_15014,u0.u1.d[6]$_DFF_P_,1.4,3.23
cluster_15015,text_out[86]$_DFF_P_,1.4,3.23
cluster_15016,output364,1.4,0.57
cluster_15017,_15571_,1.4,1.33
cluster_15018,input60,1.4,0.76
cluster_15019,text_out[7]$_DFF_P_,1.4,3.23
cluster_15020,_15572_,1.4,1.14
cluster_15021,_15573_,1.4,1.14
cluster_15022,input105,1.4,0.76
cluster_15023,u0.w[1][7]$_DFF_P_,1.4,3.23
cluster_15024,_15574_,1.4,1.14
cluster_15025,_15575_,1.4,1.71
cluster_15026,input96,1.4,0.76
cluster_15027,_29350_,1.4,1.14
cluster_15028,output355,1.4,0.57
cluster_15029,_16061_,1.4,1.14
cluster_15030,_16063_,1.4,1.33
cluster_15031,text_out[39]$_DFF_P_,1.4,3.23
cluster_15032,u0.u3.d[7]$_DFF_P_,1.4,3.23
cluster_15033,u0.w[3][7]$_DFF_P_,1.4,3.23
cluster_15034,output263,1.4,0.57
cluster_15035,_29366_,1.4,1.14
cluster_15036,u0.w[2][7]$_DFF_P_,1.4,3.23
cluster_15037,_29358_,1.4,1.14
cluster_15038,_15570_,1.4,1.14
cluster_15039,_29342_,1.4,1.14
cluster_15040,_15568_,1.4,1.33
cluster_15041,_15569_,1.4,1.33
cluster_15042,text_out[103]$_DFF_P_,1.4,3.23
cluster_15043,input5,1.4,0.57
cluster_15044,_15892_,1.4,1.33
cluster_15045,text_out[71]$_DFF_P_,1.4,3.23
cluster_15046,_15890_,1.4,1.14
cluster_15047,_15891_,1.4,1.14
cluster_15048,_15995_,1.4,0.57
cluster_15049,u0.w[0][7]$_DFF_P_,1.4,3.23
cluster_15050,output319,1.4,0.57
cluster_15051,_15996_,1.4,0.76
cluster_15052,text_out[127]$_DFF_P_,1.4,3.23
cluster_15053,_15858_,1.4,0.76
cluster_15054,u0.w[2][31]$_DFF_P_,1.4,3.23
cluster_15055,_29246_,1.4,1.71
cluster_15056,text_out[95]$_DFF_P_,1.4,3.23
cluster_15057,_15857_,1.4,1.33
cluster_15058,_15854_,1.4,1.9
cluster_15059,u0.w[0][31]$_DFF_P_,1.4,3.23
cluster_15060,_15856_,1.4,1.14
cluster_15061,_15853_,1.4,1.33
cluster_15062,_15975_,1.4,1.14
cluster_15063,text_out[63]$_DFF_P_,1.4,3.23
cluster_15064,_15976_,1.4,1.33
cluster_15065,_16111_,1.4,0.76
cluster_15066,_29254_,1.4,1.14
cluster_15067,_16110_,1.4,0.57
cluster_15068,input87,1.4,0.57
cluster_15069,_15859_,1.4,1.14
cluster_15070,_15862_,1.4,0.57
cluster_15071,_15861_,1.4,1.14
cluster_15072,input31,1.4,0.76
cluster_15073,u0.r0.out[31]$_SDFF_PP0_,1.4,3.23
cluster_15074,_16046_,1.4,1.33
cluster_15075,_15860_,1.4,1.14
cluster_15076,u0.w[1][31]$_DFF_P_,1.4,3.23
cluster_15077,_15973_,1.4,1.9
cluster_15078,_29536_,1.4,0.76
cluster_15079,input52,1.4,0.76
cluster_15080,output289,1.4,0.57
cluster_15081,_15863_,1.4,2.47
cluster_15082,_15974_,1.4,1.14
cluster_15083,u0.u0.d[7]$_DFF_P_,1.4,3.23
cluster_15084,_29262_,1.4,1.14
cluster_15085,output346,1.4,0.57
cluster_15086,input122,1.4,0.57
cluster_15087,output381,1.4,0.57
cluster_15088,u0.u3.d[3]$_DFF_P_,1.4,3.23
cluster_15089,input56,1.4,0.57
cluster_15090,_16053_,1.4,1.14
cluster_15091,input91,1.4,0.76
cluster_15092,_16054_,1.4,1.33
cluster_15093,_15987_,1.4,0.76
cluster_15094,_29354_,1.4,1.14
cluster_15095,text_out[99]$_DFF_P_,1.4,3.23
cluster_15096,_29346_,1.4,1.14
cluster_15097,_15878_,1.4,1.14
cluster_15098,_15986_,1.4,0.57
cluster_15099,_15514_,1.4,0.57
cluster_15100,u0.w[1][3]$_DFF_P_,1.4,3.23
cluster_15101,output350,1.4,0.57
cluster_15102,_29338_,1.4,1.14
cluster_15103,_15522_,1.4,2.47
cluster_15104,_15521_,1.4,1.71
cluster_15105,_15520_,1.4,1.14
cluster_15106,_15519_,1.4,1.14
cluster_15107,_15517_,1.4,1.33
cluster_15108,_15516_,1.4,0.57
cluster_15109,_15515_,1.4,1.14
cluster_15110,text_out[35]$_DFF_P_,1.4,3.23
cluster_15111,input126,1.4,0.57
cluster_15112,output385,1.4,0.57
cluster_15113,_15512_,1.4,1.33
cluster_15114,u0.w[2][3]$_DFF_P_,1.4,3.23
cluster_15115,_15879_,1.4,1.14
cluster_15116,_15511_,1.4,2.47
cluster_15117,u0.w[0][3]$_DFF_P_,1.4,3.23
cluster_15118,_15880_,1.4,1.33
cluster_15119,text_out[67]$_DFF_P_,1.4,3.23
cluster_15120,_17188_,1.4,1.71
cluster_15121,_17187_,1.4,0.57
cluster_15122,_17186_,1.4,0.57
cluster_15123,output315,1.4,0.57
cluster_15124,_15513_,1.4,1.14
cluster_15125,_15999_,1.4,0.57
cluster_15126,_16000_,1.4,0.76
cluster_15127,_15896_,1.4,1.14
cluster_15128,input98,1.4,0.76
cluster_15129,input63,1.4,0.76
cluster_15130,_15595_,1.4,0.95
cluster_15131,output357,1.4,0.57
cluster_15132,_16067_,1.4,1.33
cluster_15133,_29320_,1.4,1.14
cluster_15134,_15606_,1.4,1.71
cluster_15135,_15605_,1.4,1.71
cluster_15136,_29304_,1.4,1.71
cluster_15137,input127,1.4,0.76
cluster_15138,_16066_,1.4,1.14
cluster_15139,_15604_,1.4,1.14
cluster_15140,output265,1.4,0.57
cluster_15141,_15603_,1.4,1.14
cluster_15142,_15601_,1.4,1.33
cluster_15143,_15600_,1.4,0.57
cluster_15144,_15599_,1.4,0.76
cluster_15145,_15598_,1.4,1.14
cluster_15146,_15597_,1.4,1.33
cluster_15147,_15596_,1.4,1.33
cluster_15148,output322,1.4,0.57
cluster_15149,_29312_,1.4,1.14
cluster_15150,_15897_,1.4,1.14
cluster_15151,text_out[73]$_DFF_P_,1.4,3.23
cluster_15152,u0.w[0][9]$_DFF_P_,1.4,3.23
cluster_15153,_15898_,1.4,1.33
cluster_15154,u0.w[2][9]$_DFF_P_,1.4,3.23
cluster_15155,u0.w[1][9]$_DFF_P_,1.4,3.23
cluster_15156,text_out[41]$_DFF_P_,1.4,3.23
cluster_15157,u0.u2.d[1]$_DFF_P_,1.4,3.23
cluster_15158,text_out[105]$_DFF_P_,1.4,3.23
cluster_15159,input7,1.4,0.76
cluster_15160,input58,1.4,0.76
cluster_15161,_15542_,1.4,0.38
cluster_15162,_15544_,1.4,1.33
cluster_15163,_15545_,1.4,1.33
cluster_15164,_15546_,1.4,1.14
cluster_15165,_16057_,1.4,1.14
cluster_15166,text_out[37]$_DFF_P_,1.4,3.23
cluster_15167,u0.w[0][5]$_DFF_P_,1.4,3.23
cluster_15168,_15549_,1.4,1.14
cluster_15169,_15550_,1.4,1.14
cluster_15170,_16058_,1.4,1.33
cluster_15171,_15551_,1.4,1.33
cluster_15172,_15552_,1.4,1.33
cluster_15173,u0.w[1][5]$_DFF_P_,1.4,3.23
cluster_15174,input83,1.4,0.57
cluster_15175,u0.w[2][5]$_DFF_P_,1.4,3.23
cluster_15176,_15547_,1.4,1.33
cluster_15177,_15548_,1.4,1.14
cluster_15178,input93,1.4,0.76
cluster_15179,_15885_,1.4,1.14
cluster_15180,output317,1.4,0.57
cluster_15181,_15884_,1.4,1.14
cluster_15182,_29356_,1.4,1.14
cluster_15183,text_out[69]$_DFF_P_,1.4,3.23
cluster_15184,_15886_,1.4,1.33
cluster_15185,input3,1.4,0.57
cluster_15186,_15991_,1.4,0.57
cluster_15187,_29348_,1.4,1.14
cluster_15188,u0.u3.d[5]$_DFF_P_,1.4,3.23
cluster_15189,_15992_,1.4,0.76
cluster_15190,_29340_,1.4,1.14
cluster_15191,text_out[101]$_DFF_P_,1.4,3.23
cluster_15192,output261,1.4,0.57
cluster_15193,output352,1.4,0.57
cluster_15194,_29287_,1.4,1.14
cluster_15195,_22565_,1.4,0.76
cluster_15196,_15344_,1.4,1.33
cluster_15197,_15928_,1.4,1.14
cluster_15198,_15929_,1.4,1.33
cluster_15199,u0.w[2][16]$_DFF_P_,1.4,3.23
cluster_15200,u0.w[2][17]$_DFF_P_,1.4,3.23
cluster_15201,u0.w[2][19]$_DFF_P_,1.4,3.23
cluster_15202,_22566_,1.4,0.57
cluster_15203,_22564_,1.4,0.38
cluster_15204,_15907_,1.4,1.33
cluster_15205,_15364_,1.4,1.33
cluster_15206,_22567_,1.4,0.76
cluster_15207,output329,1.4,0.57
cluster_15208,output330,1.4,0.57
cluster_15209,text_out[48]$_DFF_P_,1.4,3.23
cluster_15210,_29290_,1.4,1.14
cluster_15211,_15923_,1.4,1.33
cluster_15212,output333,1.4,0.57
cluster_15213,text_out[51]$_DFF_P_,1.4,3.23
cluster_15214,_15920_,1.4,1.33
cluster_15215,_15919_,1.4,1.14
cluster_15216,_15378_,1.4,1.33
cluster_15217,_29288_,1.4,1.14
cluster_15218,input200,1.4,0.57
cluster_15219,_29445_,1.4,1.33
cluster_15220,_15922_,1.4,1.14
cluster_15221,text_out[49]$_DFF_P_,1.4,3.23
cluster_15222,input70,1.4,0.76
cluster_15223,text_in_r[48]$_DFFE_PP_,1.4,3.23
cluster_15224,input71,1.4,0.76
cluster_15225,input74,1.4,0.76
cluster_15226,output325,1.4,0.57
cluster_15227,_15661_,1.4,1.33
cluster_15228,output360,1.4,0.57
cluster_15229,_16006_,1.4,0.57
cluster_15230,u0.w[1][12]$_DFF_P_,1.4,3.23
cluster_15231,_29323_,1.4,1.14
cluster_15232,_29315_,1.4,1.14
cluster_15233,u0.w[0][12]$_DFF_P_,1.4,3.23
cluster_15234,_16007_,1.4,0.76
cluster_15235,text_out[44]$_DFF_P_,1.4,3.23
cluster_15236,_16073_,1.4,1.33
cluster_15237,input66,1.4,0.76
cluster_15238,text_out[108]$_DFF_P_,1.4,3.23
cluster_15239,text_out[76]$_DFF_P_,1.4,3.23
cluster_15240,u0.w[2][12]$_DFF_P_,1.4,3.23
cluster_15241,_16072_,1.4,1.14
cluster_15242,_29307_,1.4,1.14
cluster_15243,_15908_,1.4,1.33
cluster_15244,_15662_,1.4,1.33
cluster_15245,_15664_,1.4,0.76
cluster_15246,_15905_,1.4,1.14
cluster_15247,_15906_,1.4,1.14
cluster_15248,output268,1.4,0.57
cluster_15249,_15670_,1.4,1.71
cluster_15250,input101,1.4,0.76
cluster_15251,_15663_,1.4,1.14
cluster_15252,input10,1.4,0.57
cluster_15253,_15669_,1.4,1.14
cluster_15254,_15668_,1.4,1.14
cluster_15255,_15665_,1.4,0.57
cluster_15256,_15666_,1.4,1.33
cluster_15257,u0.u2.d[4]$_DFF_P_,1.4,3.23
cluster_15258,_16091_,1.4,1.33
cluster_15259,u0.w[1][21]$_DFF_P_,1.4,3.23
cluster_15260,input76,1.4,0.57
cluster_15261,_16024_,1.4,0.57
cluster_15262,text_out[53]$_DFF_P_,1.4,3.23
cluster_15263,_15391_,1.4,1.33
cluster_15264,output335,1.4,0.57
cluster_15265,_15388_,1.4,1.33
cluster_15266,_15389_,1.4,1.33
cluster_15267,_15390_,1.4,1.14
cluster_15268,_15392_,1.4,1.14
cluster_15269,_16026_,1.4,0.76
cluster_15270,u0.w[0][21]$_DFF_P_,1.4,3.23
cluster_15271,input20,1.4,0.57
cluster_15272,text_out[85]$_DFF_P_,1.4,3.23
cluster_15273,input111,1.4,0.57
cluster_15274,output370,1.4,0.57
cluster_15275,_29276_,1.4,1.14
cluster_15276,u0.u1.d[5]$_DFF_P_,1.4,3.23
cluster_15277,_16090_,1.4,1.14
cluster_15278,_15393_,1.4,1.14
cluster_15279,output278,1.4,0.57
cluster_15280,u0.w[2][21]$_DFF_P_,1.4,3.23
cluster_15281,_15935_,1.4,1.33
cluster_15282,_29292_,1.4,1.14
cluster_15283,_29284_,1.4,1.14
cluster_15284,_15934_,1.4,1.14
cluster_15285,_15933_,1.4,1.14
cluster_15286,_15394_,1.4,1.14
cluster_15287,text_out[117]$_DFF_P_,1.4,3.23
cluster_15288,input22,1.4,0.57
cluster_15289,u0.u1.d[7]$_DFF_P_,1.4,3.23
cluster_15290,output372,1.4,0.57
cluster_15291,u0.w[1][23]$_DFF_P_,1.4,3.23
cluster_15292,u0.w[0][23]$_DFF_P_,1.4,3.23
cluster_15293,text_out[55]$_DFF_P_,1.4,3.23
cluster_15294,_16030_,1.4,0.76
cluster_15295,_16029_,1.4,0.57
cluster_15296,output337,1.4,0.57
cluster_15297,_29286_,1.4,1.14
cluster_15298,_29278_,1.4,1.14
cluster_15299,text_out[87]$_DFF_P_,1.4,3.23
cluster_15300,_29294_,1.4,1.14
cluster_15301,_15727_,1.4,1.33
cluster_15302,u0.w[2][23]$_DFF_P_,1.4,3.23
cluster_15303,input113,1.4,0.76
cluster_15304,_15941_,1.4,1.14
cluster_15305,input78,1.4,0.76
cluster_15306,_15726_,1.4,1.33
cluster_15307,_15942_,1.4,1.33
cluster_15308,text_out[119]$_DFF_P_,1.4,3.23
cluster_15309,output280,1.4,0.57
cluster_15310,_15732_,1.4,1.14
cluster_15311,_15731_,1.4,1.14
cluster_15312,_16095_,1.4,1.33
cluster_15313,_15730_,1.4,1.14
cluster_15314,_15940_,1.4,1.14
cluster_15315,_15728_,1.4,1.14
cluster_15316,_16094_,1.4,1.14
cluster_15317,_15729_,1.4,1.33
cluster_15318,_15912_,1.4,1.14
cluster_15319,_29309_,1.4,1.14
cluster_15320,output362,1.4,0.57
cluster_15321,_29317_,1.4,1.71
cluster_15322,text_out[78]$_DFF_P_,1.4,3.23
cluster_15323,_16077_,1.4,1.33
cluster_15324,_29325_,1.4,1.14
cluster_15325,_15914_,1.4,1.33
cluster_15326,_16010_,1.4,0.57
cluster_15327,u0.w[2][14]$_DFF_P_,1.4,3.23
cluster_15328,_16011_,1.4,0.76
cluster_15329,u0.u2.d[6]$_DFF_P_,1.4,3.23
cluster_15330,_16076_,1.4,1.14
cluster_15331,_15694_,1.4,1.33
cluster_15332,_15692_,1.4,0.76
cluster_15333,_15691_,1.4,1.33
cluster_15334,output327,1.4,0.57
cluster_15335,input68,1.4,0.76
cluster_15336,_15697_,1.4,1.14
cluster_15337,_15696_,1.4,1.14
cluster_15338,output271,1.4,0.57
cluster_15339,_15695_,1.4,1.14
cluster_15340,text_out[110]$_DFF_P_,1.4,3.23
cluster_15341,u0.w[1][14]$_DFF_P_,1.4,3.23
cluster_15342,input13,1.4,0.76
cluster_15343,_15693_,1.4,1.14
cluster_15344,text_out[46]$_DFF_P_,1.4,3.23
cluster_15345,u0.w[0][14]$_DFF_P_,1.4,3.23
cluster_15346,input103,1.4,0.76
cluster_15347,_15913_,1.4,1.14
cluster_15348,text_out[111]$_DFF_P_,1.4,3.23
cluster_15349,input104,1.4,0.76
cluster_15350,_29326_,1.4,1.14
cluster_15351,input14,1.4,0.76
cluster_15352,output363,1.4,0.57
cluster_15353,output272,1.4,0.57
cluster_15354,_29318_,1.4,1.14
cluster_15355,_16079_,1.4,1.33
cluster_15356,_29310_,1.4,1.14
cluster_15357,u0.u2.d[7]$_DFF_P_,1.4,3.23
cluster_15358,_15702_,1.4,1.33
cluster_15359,u0.w[0][15]$_DFF_P_,1.4,3.23
cluster_15360,u0.w[1][15]$_DFF_P_,1.4,3.23
cluster_15361,_15707_,1.4,1.14
cluster_15362,_15706_,1.4,1.14
cluster_15363,_15917_,1.4,1.33
cluster_15364,_15916_,1.4,1.14
cluster_15365,_15705_,1.4,1.14
cluster_15366,text_out[47]$_DFF_P_,1.4,3.23
cluster_15367,_16014_,1.4,0.76
cluster_15368,input69,1.4,0.57
cluster_15369,u0.w[2][15]$_DFF_P_,1.4,3.23
cluster_15370,_16013_,1.4,0.57
cluster_15371,_16078_,1.4,1.14
cluster_15372,text_out[79]$_DFF_P_,1.4,3.23
cluster_15373,_15701_,1.4,0.76
cluster_15374,_15704_,1.4,1.33
cluster_15375,_15703_,1.4,1.14
cluster_15376,output328,1.4,0.57
cluster_15377,_15915_,1.4,1.14
cluster_15378,_19056_,1.4,0.76
cluster_15379,_19057_,1.4,2.09
cluster_15380,_19058_,1.4,2.47
cluster_15381,u0.w[1][24]$_DFF_P_,1.4,3.23
cluster_15382,output373,1.4,0.57
cluster_15383,_16031_,1.4,1.14
cluster_15384,_16032_,1.4,1.33
cluster_15385,_15745_,1.4,1.33
cluster_15386,_29494_,1.4,1.33
cluster_15387,_19016_,1.4,1.14
cluster_15388,text_in_r[88]$_DFFE_PP_,1.4,3.23
cluster_15389,_19047_,1.4,0.57
cluster_15390,_19046_,1.4,0.57
cluster_15391,_19050_,1.4,0.57
cluster_15392,_19045_,1.4,1.14
cluster_15393,_19051_,1.4,0.76
cluster_15394,_19044_,1.4,0.76
cluster_15395,_19052_,1.4,0.76
cluster_15396,_19053_,1.4,0.38
cluster_15397,_19043_,1.4,1.14
cluster_15398,input244,1.4,0.57
cluster_15399,_19042_,1.4,1.9
cluster_15400,_19028_,1.4,2.47
cluster_15401,text_out[88]$_DFF_P_,1.4,3.23
cluster_15402,input114,1.4,0.57
cluster_15403,_29247_,1.4,1.14
cluster_15404,_19054_,1.4,0.76
cluster_15405,_19048_,1.4,0.76
cluster_15406,_19055_,1.4,0.57
cluster_15407,_19049_,1.4,1.14
cluster_15408,_29512_,1.4,0.76
cluster_15409,output258,1.4,0.57
cluster_15410,dcnt[2]$_SDFFE_PP0P_,1.4,3.23
cluster_15411,dcnt[1]$_SDFFE_PN0P_,1.4,3.23
cluster_15412,dcnt[0]$_SDFFE_PN0P_,1.4,3.23
cluster_15413,_29513_,1.4,0.76
cluster_15414,_29235_,1.4,0.57
cluster_15415,dcnt[3]$_SDFFE_PN0P_,1.4,3.23
cluster_15416,_29237_,1.4,0.76
cluster_15417,_29238_,1.4,0.95
cluster_15418,_29549_,1.4,0.76
cluster_15419,_29548_,1.4,0.76
cluster_15420,_29547_,1.4,0.76
cluster_15421,_29546_,1.4,0.76
cluster_15422,_29236_,1.4,0.57
cluster_15423,done$_DFF_P_,1.4,3.23
cluster_15424,_29545_,1.4,0.76
cluster_15425,input129,1.4,0.57
cluster_15426,_29509_,1.4,0.38
cluster_15427,_29540_,1.4,0.76
cluster_15428,_29541_,1.4,0.57
cluster_15429,_29508_,1.4,0.38
cluster_15430,_29510_,1.4,0.95
cluster_15431,_29511_,1.4,0.76
cluster_15432,_29543_,1.4,0.76
cluster_15433,_29544_,1.4,0.57
cluster_15434,_29542_,1.4,0.38
cluster_15435,_25936_,1.4,0.76
cluster_15436,_25931_,1.4,1.14
cluster_15437,_25932_,1.4,1.14
cluster_15438,_25933_,1.4,0.76
cluster_15439,_25935_,1.4,0.57
cluster_15440,_25937_,1.4,1.14
cluster_15441,output375,1.4,0.57
cluster_15442,_25939_,1.4,0.76
cluster_15443,_25940_,1.4,0.76
cluster_15444,_25941_,1.4,0.38
cluster_15445,_25943_,1.4,0.57
cluster_15446,_25944_,1.4,0.76
cluster_15447,_25945_,1.4,1.14
cluster_15448,_25946_,1.4,2.47
cluster_15449,_29327_,1.4,1.14
cluster_15450,_29496_,1.4,1.33
cluster_15451,_25938_,1.4,0.57
cluster_15452,_25942_,1.4,0.76
cluster_15453,_25934_,1.4,0.57
cluster_15454,text_out[8]$_DFF_P_,1.4,3.23
cluster_15455,_20447_,1.4,1.14
cluster_15456,_18396_,1.4,2.47
cluster_15457,text_in_r[8]$_DFFE_PP_,1.4,3.23
cluster_15458,input246,1.4,0.76
cluster_15459,_15587_,1.4,1.33
cluster_15460,_20520_,1.4,1.9
cluster_15461,u0.w[3][8]$_DFF_P_,1.4,3.23
cluster_15462,_29322_,1.4,1.14
cluster_15463,_15904_,1.4,1.33
cluster_15464,_15903_,1.4,1.14
cluster_15465,u0.w[2][11]$_DFF_P_,1.4,3.23
cluster_15466,text_out[43]$_DFF_P_,1.4,3.23
cluster_15467,_15649_,1.4,2.47
cluster_15468,input65,1.4,0.76
cluster_15469,output324,1.4,0.57
cluster_15470,output292,1.4,0.57
cluster_15471,_29333_,1.4,1.14
cluster_15472,text_out[14]$_DFF_P_,1.4,3.23
cluster_15473,text_out[21]$_DFF_P_,1.4,3.23
cluster_15474,output300,1.4,0.57
cluster_15475,_29300_,1.4,1.14
cluster_15476,text_out[16]$_DFF_P_,1.4,3.23
cluster_15477,output294,1.4,0.57
cluster_15478,_29295_,1.4,1.14
cluster_15479,text_out[9]$_DFF_P_,1.4,3.23
cluster_15480,_29328_,1.4,1.14
cluster_15481,output386,1.4,0.57
cluster_15482,_29302_,1.4,1.14
cluster_15483,output302,1.4,0.57
cluster_15484,text_out[23]$_DFF_P_,1.4,3.23
cluster_15485,_29330_,1.4,1.14
cluster_15486,text_out[11]$_DFF_P_,1.4,3.23
cluster_15487,output281,1.4,0.57
cluster_15488,text_out[15]$_DFF_P_,1.4,3.23
cluster_15489,output293,1.4,0.57
cluster_15490,_29334_,1.4,1.14
cluster_15491,text_out[12]$_DFF_P_,1.4,3.23
cluster_15492,_29331_,1.4,1.14
cluster_15493,output290,1.4,0.57
cluster_15494,text_out[13]$_DFF_P_,1.4,3.23
cluster_15495,_29332_,1.4,1.14
cluster_15496,output291,1.4,0.57
cluster_15497,_29296_,1.4,1.14
cluster_15498,text_out[17]$_DFF_P_,1.4,3.23
cluster_15499,output295,1.4,0.57
cluster_15500,_29365_,1.4,1.14
cluster_15501,output353,1.4,0.57
cluster_15502,text_out[6]$_DFF_P_,1.4,3.23
cluster_15503,output299,1.4,0.57
cluster_15504,_29299_,1.4,1.14
cluster_15505,text_out[20]$_DFF_P_,1.4,3.23
cluster_15506,text_out[0]$_DFF_P_,1.4,3.23
cluster_15507,_29359_,1.4,1.14
cluster_15508,output259,1.4,0.57
cluster_15509,_29364_,1.4,1.14
cluster_15510,output342,1.4,0.57
cluster_15511,text_out[5]$_DFF_P_,1.4,3.23
cluster_15512,text_out[3]$_DFF_P_,1.4,3.23
cluster_15513,_29362_,1.4,1.14
cluster_15514,output320,1.4,0.57
cluster_15515,text_out[4]$_DFF_P_,1.4,3.23
cluster_15516,_29363_,1.4,1.14
cluster_15517,output331,1.4,0.57
